00000000: 0000 0000 0000 0000 0000 0000 e0ad 0000  ................
00000010: 0100 0000 962a 2181 ed09 9649 9471 8d72  .....*!....I.q.r
00000020: 9c8e 69ed 0100 0000 0003 0000 2020 0000  ..i.........  ..
00000030: 0000 0000 0000 0000 0000 0000 0000 0000  ................
00000040: 0000 0000 0000 0000 0000 0000 0000 0000  ................
00000050: 0000 0000 0000 0000 0000 0000 0202 0000  ................
00000060: 0000 0000 0000 0000 0000 0000 11f3 878f  ................
00000070: 98c9 9e4d a0c4 6065 518c 4f6d 09d3 0303  ...M..`eQ.Om....
00000080: d604 0000 b0bf 3ff9 1700 0000 7060 0000  ......?.....p`..
00000090: 2400 0000 7900 7580 0000 0000 7060 0000  $...y.u.....p`..
000000a0: 8500 2102 7350 001a 0000 0000 0000 0000  ..!.sP..........
000000b0: 0000 0000 0000 0000 0000 0000 0000 0000  ................
000000c0: 0000 0000 0000 0000 0000 0000 0000 0000  ................
000000d0: 0000 0000 0000 0000 0000 0000 0000 0000  ................
000000e0: 0000 0000 0000 0000 0000 0000 0000 0000  ................
000000f0: dec0 0e00 0000 0000 0000 0000 0000 0000  ................
00000100: 0000 0000 0000 0000 0000 0867 fc00 0000  ...........g....
00000110: 0000 0000 0000 0000 0000 0000 0000 0000  ................
00000120: 0000 0000 0000 0000 f620 0600 0f00 b848  ......... .....H
00000130: 0100 0000 0000 0000 0000 0000 6206 0c00  ............b...
00000140: 3000 0600 0006 0000 0000 0000 0000 0000  0...............
00000150: 3a00 0000 3a00 0000 2a00 0000 07ff 0011  :...:...*.......
00000160: 07ff 0011 07ff 0011 07ff 0011 07ff 0011  ................
00000170: 07ff 0011 07ff 0011 07ff 0011 0303 0010  ................
00000180: 0303 0010 0000 0000 07ff 0300 07ff 0300  ................
00000190: 07ff 0300 07ff 0300 07ff 0300 07ff 0300  ................
000001a0: 07ff 0300 07ff 0300 07ff 0300 07ff 0300  ................
000001b0: 07ff 0300 07ff 0300 07ff 0300 07ff 0300  ................
000001c0: 07ff 0300 07ff 0300 0303 0300 07ff 0300  ................
000001d0: 0303 0300 07ff 0300 3200 000d 0040 8810  ........2....@..
000001e0: 0000 152a 0200 0a00 0300 3000 0000 0000  ...*......0.....
000001f0: 8500 8000 4000 0000 8000 0000 8000 4800  ....@.........H.
00000200: 0000 0000 0000 0000 0000 0000 0000 0000  ................
00000210: 0000 0000 0000 0000 0000 0000 0000 0000  ................
00000220: 0000 0000 0000 0000 0000 0000 0000 0000  ................
00000230: 0000 0000 0000 0000 0000 0000 0000 0000  ................
00000240: 0000 0000 0000 0000 0000 0000 0000 0000  ................
00000250: 0000 0000 0000 0000 0000 0000 0000 0000  ................
00000260: 0000 0000 0000 0000 0000 0000 0000 0000  ................
00000270: 0000 0000 0000 0000 0000 0000 0000 0000  ................
00000280: 0000 0000 0000 0000 cc9a 0100 cd9c 0100  ................
00000290: 0000 0000 cf9a 0100 d100 0000 d300 0000  ................
000002a0: c592 0100 0000 0000 0000 0000 0000 0000  ................
000002b0: cf53 0040 0000 0000 0000 0000 0000 0000  .S.@............
000002c0: 0000 0000 0000 0000 0000 0000 0000 0000  ................
000002d0: 0000 0000 0000 0000 0000 0000 0000 0000  ................
000002e0: 0000 0000 0000 0000 0000 0000 0000 0000  ................
000002f0: 0000 0000 0000 0000 0000 0000 0000 0000  ................
00000300: 0000 0000 0000 0000 0000 0000 0000 0000  ................
00000310: 0000 0000 0000 0000 0000 0000 0000 0000  ................
00000320: 0000 0000 0000 0000 0000 0000 0000 0000  ................
00000330: 0000 0000 0000 0000 0000 0000 0000 0000  ................
00000340: 0000 0000 0000 0000 0000 0000 0000 0000  ................
00000350: 0000 0000 0000 0000 0000 0000 0000 0000  ................
00000360: 0000 0000 0000 0000 0000 0000 0000 0000  ................
00000370: 0000 0000 0000 0000 0000 0000 0000 0000  ................
00000380: 0000 0000 0000 0000 0000 0000 0000 0000  ................
00000390: 0000 0000 0000 0000 0000 0000 0000 0000  ................
000003a0: 0000 0000 0000 0000 0000 0000 0000 0000  ................
000003b0: 0000 0000 0000 0000 0000 0000 0000 0000  ................
000003c0: 0000 0000 0000 0000 0000 0000 0000 0000  ................
000003d0: 0000 0000 0000 0000 0000 0000 0000 0000  ................
000003e0: 0000 0000 0000 0000 0000 0000 0000 0000  ................
000003f0: 0000 0000 0000 0000 0000 0000 0000 0000  ................
00000400: 0000 0000 0000 0000 0000 0000 0000 0000  ................
00000410: 0000 0000 0000 0000 0000 0000 0000 0000  ................
00000420: 0000 0000 0000 0000 0000 0000 0000 0000  ................
00000430: 0000 0000 0000 0000 0000 0000 0000 0000  ................
00000440: 0000 0000 0000 0000 0000 0000 0000 0000  ................
00000450: 0000 0000 0000 0000 0000 0000 0000 0000  ................
00000460: 0000 0000 0000 0000 0000 0000 0000 0000  ................
00000470: 0000 0000 0000 0000 0000 0000 0000 0000  ................
00000480: 0000 0000 0000 0000 0000 0000 0000 0000  ................
00000490: 0000 0000 0000 0000 0000 0000 0000 0000  ................
000004a0: 0000 0000 0000 0000 0000 0000 0000 0000  ................
000004b0: 0000 0000 0000 0000 0000 0000 0000 0000  ................
000004c0: 0000 0000 0000 0000 0000 0000 0000 0000  ................
000004d0: 0000 0000 0000 0000 0000 0000 0000 0000  ................
000004e0: 0000 0000 0000 0000 0000 0000 0000 0000  ................
000004f0: 0000 0000 0000 0000 0000 0000 0000 0000  ................
00000500: 0000 0000 0000 0000 0000 0000 0000 0000  ................
00000510: 0000 0000 0000 0000 0000 0000 0000 0000  ................
00000520: 0000 0000 0000 0000 0000 0000 0000 0000  ................
00000530: 0000 0000 0000 0000 0000 0000 0000 0000  ................
00000540: 0000 0000 0000 0000 0000 0000 0000 0000  ................
00000550: 0000 0000 0000 0000 0000 0000 0000 0000  ................
00000560: 0000 0000 0000 0000 0000 0000 0000 0000  ................
00000570: 0000 0000 0000 0000 0000 0000 0000 0000  ................
00000580: 0000 0000 0000 0000 0000 0000 0000 0000  ................
00000590: 0000 0000 0000 0000 0000 0000 0000 0000  ................
000005a0: 0000 0000 0000 0000 0000 0000 0000 0000  ................
000005b0: 0000 0000 0000 0000 0000 0000 0000 0000  ................
000005c0: 0000 0000 0000 0000 0000 0000 0000 0000  ................
000005d0: 0000 0000 0000 0000 0000 0000 0000 0000  ................
000005e0: 0000 0000 0000 0000 0000 0000 0000 0000  ................
000005f0: 0000 0000 0000 0000 0000 0000 0000 0000  ................
00000600: 0000 0000 0000 0000 0000 0000 0000 0000  ................
00000610: 0000 0000 0000 0000 0000 0000 0000 0000  ................
00000620: 0000 0000 0000 0000 0000 0000 0000 0000  ................
00000630: 0000 0000 0000 0000 0000 0000 0000 0000  ................
00000640: 0000 0000 0000 0000 0000 0000 0000 0000  ................
00000650: 0000 0000 0000 0000 0000 0000 0000 0000  ................
00000660: 0000 0000 0000 0000 0000 0000 0000 0000  ................
00000670: 0000 0000 0000 0000 0000 0000 0000 0000  ................
00000680: 0000 0000 0000 0000 0000 0000 0000 0000  ................
00000690: 0000 0000 0000 0000 0000 0000 0000 0000  ................
000006a0: 0000 0000 0000 0000 0000 0000 0000 0000  ................
000006b0: 0000 0000 0000 0000 0000 0000 0000 0000  ................
000006c0: 0000 0000 0000 0000 0000 0000 0000 0000  ................
000006d0: 0000 0000 0000 0000 0000 0000 0000 0000  ................
000006e0: 0000 0000 0000 0000 0000 0000 0000 0000  ................
000006f0: 0000 0000 0000 0000 0000 0000 0000 0000  ................
00000700: 0000 0000 0000 0000 0000 0000 0000 0000  ................
00000710: 0000 0000 0000 0000 0000 0000 0000 0000  ................
00000720: 0000 0000 0000 0000 0000 0000 0000 0000  ................
00000730: 0000 0000 0000 0000 0000 0000 0000 0000  ................
00000740: 0000 0000 0000 0000 0000 0000 0000 0000  ................
00000750: 0000 0000 0000 0000 0000 0000 0000 0000  ................
00000760: 0000 0000 0000 0000 0000 0000 0000 0000  ................
00000770: 0000 0000 0000 0000 0000 0000 0000 0000  ................
00000780: 0000 0000 0000 0000 0000 0000 0000 0000  ................
00000790: 0000 0000 0000 0000 0000 0000 0000 0000  ................
000007a0: 0000 0000 0000 0000 0000 0000 0000 0000  ................
000007b0: 0000 0000 0000 0000 0000 0000 0000 0000  ................
000007c0: 0000 0000 0000 0000 0000 0000 0000 0000  ................
000007d0: 0000 0000 0000 0000 0000 0000 0000 0000  ................
000007e0: 0000 0000 0000 0000 0000 0000 0000 0000  ................
000007f0: 0000 0000 0000 0000 0000 0000 0000 0000  ................
00000800: 0000 0000 0000 0000 0000 0000 0000 0000  ................
00000810: 0000 0000 0000 0000 0000 0000 0000 0000  ................
00000820: 0000 0000 0000 0000 0000 0000 0000 0000  ................
00000830: 0000 0000 0000 0000 0000 0000 0000 0000  ................
00000840: 0000 0000 0000 0000 0000 0000 0000 0000  ................
00000850: 0000 0000 0000 0000 0000 0000 0000 0000  ................
00000860: 0000 0000 0000 0000 0000 0000 0000 0000  ................
00000870: 0000 0000 0000 0000 0000 0000 0000 0000  ................
00000880: 0000 0000 0000 0000 0000 0000 0000 0000  ................
00000890: 0000 0000 0000 0000 0000 0000 0000 0000  ................
000008a0: 0000 0000 0000 0000 0000 0000 0000 0000  ................
000008b0: 0000 0000 0000 0000 0000 0000 0000 0000  ................
000008c0: 0000 0000 0000 0000 0000 0000 0000 0000  ................
000008d0: 0000 0000 0000 0000 0000 0000 0000 0000  ................
000008e0: 0000 0000 0000 0000 0000 0000 0000 0000  ................
000008f0: 0000 0000 0000 0000 0000 0000 0000 0000  ................
00000900: 0000 0000 0000 0000 0000 0000 0000 0000  ................
00000910: 0000 0000 0000 0000 0000 0000 0000 0000  ................
00000920: 0000 0000 0000 0000 0000 0000 0000 0000  ................
00000930: 0000 0000 0000 0000 0000 0000 0000 0000  ................
00000940: 0000 0000 0000 0000 0000 0000 0000 0000  ................
00000950: 0000 0000 0000 0000 0000 0000 0000 0000  ................
00000960: 0000 0000 0000 0000 0000 0000 0000 0000  ................
00000970: 0000 0000 0000 0000 0000 0000 0000 0000  ................
00000980: 0000 0000 0000 0000 0000 0000 0000 0000  ................
00000990: 0000 0000 0000 0000 0000 0000 0000 0000  ................
000009a0: 0000 0000 0000 0000 0000 0000 0000 0000  ................
000009b0: 0000 0000 0000 0000 0000 0000 0000 0000  ................
000009c0: 0000 0000 0000 0000 0000 0000 0000 0000  ................
000009d0: 0000 0000 0000 0000 0000 0000 0000 0000  ................
000009e0: 0000 0000 0000 0000 0000 0000 0000 0000  ................
000009f0: 0000 0000 0000 0000 0000 0000 0000 0000  ................
00000a00: 0000 0000 0000 0000 0000 0000 0000 0000  ................
00000a10: 0000 0000 0000 0000 0000 0000 0000 0000  ................
00000a20: 0000 0000 0000 0000 0000 0000 0000 0000  ................
00000a30: 0000 0000 0000 0000 0000 0000 0000 0000  ................
00000a40: 0000 0000 0000 0000 0000 0000 0000 0000  ................
00000a50: 0000 0000 0000 0000 0000 0000 0000 0000  ................
00000a60: 0000 0000 0000 0000 0000 0000 0000 0000  ................
00000a70: 0000 0000 0000 0000 0000 0000 0000 0000  ................
00000a80: 0000 0000 0000 0000 0000 0000 0000 0000  ................
00000a90: 0000 0000 0000 0000 0000 0000 0000 0000  ................
00000aa0: 0000 0000 0000 0000 0000 0000 0000 0000  ................
00000ab0: 0000 0000 0000 0000 0000 0000 0000 0000  ................
00000ac0: 0000 0000 0000 0000 0000 0000 0000 0000  ................
00000ad0: 0000 0000 0000 0000 0000 0000 0000 0000  ................
00000ae0: 0000 0000 0000 0000 0000 0000 0000 0000  ................
00000af0: 0000 0000 0000 0000 0000 0000 0000 0000  ................
00000b00: 0000 0000 3fa0 3901 0000 0000 4ca0 0100  ....?.9.....L...
00000b10: 0000 0000 8d75 0f00 0000 0000 0000 0000  .....u..........
00000b20: 0000 0000 0000 0000 0000 0000 0000 0000  ................
00000b30: 0000 0000 0000 0000 0000 0000 0000 0000  ................
00000b40: 0000 0000 0000 0000 0000 0000 0000 0000  ................
00000b50: 0000 0000 0000 0000 0000 0000 0000 0000  ................
00000b60: 0000 0000 0000 0000 0000 0000 0000 0000  ................
00000b70: 0000 0000 0000 0000 0000 0000 0000 0000  ................
00000b80: 0000 0000 0000 0000 0000 0000 0000 0000  ................
00000b90: 0000 0000 0000 0000 0000 0000 0000 0000  ................
00000ba0: 0000 0000 0000 0000 0000 0000 0000 0000  ................
00000bb0: 0000 0000 0000 0000 0000 0000 0000 0000  ................
00000bc0: 0000 0000 0000 0000 0000 0000 0000 0000  ................
00000bd0: 0000 0000 0000 0000 0000 0000 0000 0000  ................
00000be0: 0000 0000 0000 0000 0000 0000 0000 0000  ................
00000bf0: 0000 0000 0035 0000 0000 0000 3900 0000  .....5......9...
00000c00: 0000 0000 0000 0000 0000 0000 3600 0040  ............6..@
00000c10: 0000 0000 0000 0000 0000 0000 0000 0000  ................
00000c20: 0000 0000 0000 0000 0000 0000 0000 0000  ................
00000c30: 0000 0000 0000 0000 0000 0000 0000 0000  ................
00000c40: 0000 0000 0000 0000 0000 0000 0000 0000  ................
00000c50: 0000 0000 0000 0000 0000 0000 0000 0000  ................
00000c60: 0000 0000 0000 0000 0000 0000 0000 0000  ................
00000c70: 0000 0000 0000 0000 0000 0000 0000 0000  ................
00000c80: 0000 0000 0000 0000 0000 0000 0000 0000  ................
00000c90: 0000 0000 0000 0000 0000 0000 0000 0000  ................
00000ca0: 0000 0000 0000 0000 0000 0000 0000 0000  ................
00000cb0: 0000 0000 0000 0000 0000 0000 0000 0000  ................
00000cc0: 0000 0000 0000 0000 0000 0000 0000 0000  ................
00000cd0: 0000 0000 0000 0000 0600 0000 0000 0000  ................
00000ce0: 0000 0000 0000 0000 0000 0000 0000 0000  ................
00000cf0: 0000 0000 0000 0000 0000 0000 0000 0000  ................
00000d00: 0000 0000 0100 0000 0d1a 3400 1ce0 9f07  ..........4.....
00000d10: 3200 0000 ffff 0f00 0f10 8a00 0000 0020  2.............. 
00000d20: 0100 0000 0000 0000 0010 0000 0000 0000  ................
00000d30: 0000 0000 0000 0000 0000 0000 0000 0000  ................
00000d40: 0000 0000 0000 0000 0000 0000 0000 0000  ................
00000d50: 0000 0000 0000 0000 0000 0000 1f00 0000  ................
00000d60: 0700 0000 0000 0000 0000 0000 0600 0000  ................
00000d70: ff1f 0000 0000 0000 f91e 0000 0000 0000  ................
00000d80: 0000 0000 0000 0000 0000 0000 1c00 0000  ................
00000d90: 0800 0000 0000 0000 ffff ffff 0000 0000  ................
00000da0: 0000 0000 0200 0000 7002 2001 0000 1020  ........p. .... 
00000db0: 020a 0800 0000 0040 0a08 0000 0100 0000  .......@........
00000dc0: 0000 0000 0100 0000 0000 0000 0400 0000  ................
00000dd0: 0400 0000 0400 0000 0000 0000 0000 0000  ................
00000de0: 0000 0000 8000 c0c1 8530 0000 8000 c0c1  .........0......
00000df0: 8530 0000 0000 0000 0000 0000 8000 c0c1  .0..............
00000e00: 8530 0000 8000 c0c1 8530 0000 0000 0000  .0.......0......
00000e10: 0000 0000 8000 c0c1 8530 0000 8000 c0c1  .........0......
00000e20: 8530 0000 0000 0000 0000 0000 8000 0000  .0..............
00000e30: 8000 0000 8000 0000 0000 0700 0000 0700  ................
00000e40: 0000 0600 0000 0000 0000 0000 0000 0000  ................
00000e50: 4000 0000 4000 0000 4000 0000 8000 1e00  @...@...@.......
00000e60: 8000 1e00 8000 1e00 0000 0000 0000 e000  ................
00000e70: 0000 e000 0000 e000 0000 e000 0000 e000  ................
00000e80: 0000 e000 0000 0000 0000 e000 4e02 0000  ............N...
00000e90: 0000 0000 0000 e000 0000 e000 0f00 ffff  ................
00000ea0: 0f00 ffff 0300 ffff 0300 0000 0010 0000  ................
00000eb0: 6200 0000 0000 0000 0000 0000 0000 e000  b...............
00000ec0: 4e02 0000 0000 0000 0000 e000 0000 e000  N...............
00000ed0: 0f00 ffff 0f00 ffff 0300 ffff 0300 0000  ................
00000ee0: 0010 0000 6200 0000 0000 0000 0000 0000  ....b...........
00000ef0: 0000 e000 4e02 0000 4800 0000 4800 0000  ....N...H...H...
00000f00: 4800 0000 0000 0000 0000 0000 0000 0000  H...............
00000f10: 0000 0000 0000 0000 0000 0000 0000 0000  ................
00000f20: 0000 0000 0000 0000 0000 0000 0000 0000  ................
00000f30: 0000 0000 0000 0000 0000 0000 0000 0000  ................
00000f40: 0000 0000 0000 0000 0000 0000 0000 0000  ................
00000f50: 0000 0000 0000 0000 0000 0038 0000 0000  ...........8....
00000f60: 0000 0000 0000 0000 0000 0000 0000 0000  ................
00000f70: cd01 0000 0000 0000 0000 0000 0000 0000  ................
00000f80: 0000 0000 0000 0038 0000 0000 0000 0000  .......8........
00000f90: cd01 0000 0000 0000 0000 0000 0000 0000  ................
00000fa0: 0000 0000 0000 0038 0000 0000 0000 0000  .......8........
00000fb0: 0000 0000 0000 0000 0000 0000 0000 0000  ................
00000fc0: 0000 0000 0000 0000 0000 0000 0000 0000  ................
00000fd0: ff01 0000 0000 0000 ffff 0000 0000 0000  ................
00000fe0: 0b19 0000 0015 0000 0000 0000 0000 0000  ................
00000ff0: 1405 4a31 1111 0118 b700 0000 0000 0000  ..J1............
00001000: b372 4000 cd01 0000 0000 0000 0000 0000  .r@.............
00001010: 0000 0000 0000 0000 0000 0000 0000 0000  ................
00001020: 0000 0000 0000 0000 0000 0000 0000 0000  ................
00001030: 0000 0000 0000 0000 0000 0000 0000 0000  ................
00001040: aa02 0000 2100 0000 1ff0 0140 0000 0000  ....!......@....
00001050: 0000 0000 0000 0000 0000 0000 0000 0000  ................
00001060: 0000 0000 0000 0000 0000 0000 0000 0000  ................
00001070: 0000 0000 0000 0000 0000 0000 0000 0000  ................
00001080: 0000 0000 0000 0000 0000 0000 0000 0001  ................
00001090: 0000 0000 0000 0000 6905 0000 7800 0000  ........i...x...
000010a0: 1067 0080 5c00 0000 702a 0000 0000 0000  .g..\...p*......
000010b0: 0000 0000 0000 0000 0102 0000 0000 0000  ................
000010c0: fc7e 2000 0000 0000 0000 0000 0000 0000  .~ .............
000010d0: 0000 0000 0000 0000 0000 0000 0000 0000  ................
000010e0: 0000 0000 0000 0000 0000 0000 0000 0000  ................
000010f0: 0000 0000 2000 0080 0000 0040 0600 0000  .... ......@....
00001100: f96f fb7d 0600 0000 f96f 3b7c 0400 0000  .o.}.....o;|....
00001110: 0100 c051 0600 0000 a06e 087c 0000 0000  ...Q.....n.|....
00001120: 0001 2b04 0000 0000 0400 0082 0000 0000  ..+.............
00001130: 0400 0082 0000 0000 0400 0082 0400 0000  ................
00001140: 0300 0050 0400 0000 0000 0040 0400 0000  ...P.......@....
00001150: 0000 c041 0400 0000 0300 c051 0000 0000  ...A.......Q....
00001160: 0400 0082 0000 0000 0700 0000 ffff 3ffe  ..............?.
00001170: 0000 0000 0000 c001 0000 0000 0000 c001  ................
00001180: 0000 0000 0000 c001 0000 0000 0000 c001  ................
00001190: 0000 0000 0000 0000 0200 0000 710e 0878  ............q..x
000011a0: 0000 0000 410e 0804 0000 0000 0000 0000  ....A...........
000011b0: 0400 0000 0000 c0c1 0800 0000 0800 0000  ................
000011c0: 0400 0000 0000 0000 0800 0000 0800 0000  ................
000011d0: 0800 0000 0800 0000 0800 0000 0000 0000  ................
000011e0: 0800 0000 0800 0000 0800 0000 0800 0000  ................
000011f0: 0800 0000 0800 0000 0400 0000 0800 0000  ................
00001200: 0800 0000 0400 0000 0800 0000 0800 0000  ................
00001210: 0400 0000 0800 0000 0800 0000 0800 0000  ................
00001220: 0800 0000 0800 0000 0800 0000 0800 0000  ................
00001230: 0800 0000 0800 0000 0000 0000 0800 0000  ................
00001240: 0800 0000 0000 0000 0000 0000 0000 0000  ................
00001250: 0000 0000 0000 0000 0000 0000 0000 0000  ................
00001260: 0000 0000 0000 0000 0000 0000 0000 0000  ................
00001270: 0000 0000 0000 0000 0000 0000 0000 0000  ................
00001280: 0000 0000 0000 0000 0000 0000 0000 0000  ................
00001290: 0000 0000 0000 0000 0000 0000 0000 0000  ................
000012a0: 0000 0000 0000 0000 0000 0000 0000 0000  ................
000012b0: 0000 0000 0000 0000 0000 0000 0000 0000  ................
000012c0: 0000 0000 0000 0000 0000 0000 0000 0000  ................
000012d0: 0000 0000 0000 0000 0000 0000 0000 0000  ................
000012e0: 0000 0000 0400 0000 0000 0040 0200 0000  ...........@....
000012f0: 0300 0000 0100 0000 0000 0000 1120 0000  ............. ..
00001300: 0200 0000 0100 0100 0100 0000 0000 0000  ................
00001310: 0000 0000 1000 0100 1000 0000 0000 0000  ................
00001320: 0400 0000 0000 0000 0000 0000 efbe adde  ................
00001330: efbe adde efbe adde efbe adde efbe adde  ................
00001340: efbe adde efbe adde efbe adde efbe adde  ................
00001350: efbe adde efbe adde efbe adde efbe adde  ................
00001360: efbe adde 01d1 033e 2000 0000 efbe adde  .......> .......
00001370: efbe adde efbe adde efbe adde efbe adde  ................
00001380: efbe adde efbe adde efbe adde efbe adde  ................
00001390: efbe adde efbe adde efbe adde efbe adde  ................
000013a0: efbe adde efbe adde efbe adde efbe adde  ................
000013b0: efbe adde efbe adde efbe adde efbe adde  ................
000013c0: efbe adde efbe adde efbe adde efbe adde  ................
000013d0: efbe adde efbe adde efbe adde efbe adde  ................
000013e0: efbe adde efbe adde efbe adde efbe adde  ................
000013f0: efbe adde efbe adde efbe adde efbe adde  ................
00001400: efbe adde efbe adde efbe adde efbe adde  ................
00001410: efbe adde efbe adde efbe adde efbe adde  ................
00001420: efbe adde efbe adde efbe adde efbe adde  ................
00001430: efbe adde efbe adde efbe adde efbe adde  ................
00001440: efbe adde efbe adde efbe adde efbe adde  ................
00001450: efbe adde efbe adde efbe adde efbe adde  ................
00001460: efbe adde efbe adde efbe adde efbe adde  ................
00001470: efbe adde efbe adde efbe adde efbe adde  ................
00001480: efbe adde efbe adde efbe adde efbe adde  ................
00001490: efbe adde efbe adde efbe adde efbe adde  ................
000014a0: efbe adde efbe adde efbe adde efbe adde  ................
000014b0: efbe adde efbe adde efbe adde efbe adde  ................
000014c0: efbe adde efbe adde efbe adde efbe adde  ................
000014d0: efbe adde efbe adde efbe adde efbe adde  ................
000014e0: efbe adde efbe adde efbe adde efbe adde  ................
000014f0: efbe adde efbe adde efbe adde efbe adde  ................
00001500: efbe adde efbe adde efbe adde efbe adde  ................
00001510: efbe adde efbe adde efbe adde efbe adde  ................
00001520: efbe adde efbe adde efbe adde efbe adde  ................
00001530: efbe adde efbe adde efbe adde efbe adde  ................
00001540: efbe adde efbe adde efbe adde efbe adde  ................
00001550: efbe adde efbe adde efbe adde efbe adde  ................
00001560: efbe adde efbe adde efbe adde efbe adde  ................
00001570: efbe adde efbe adde efbe adde efbe adde  ................
00001580: efbe adde efbe adde efbe adde efbe adde  ................
00001590: efbe adde efbe adde efbe adde efbe adde  ................
000015a0: efbe adde efbe adde efbe adde efbe adde  ................
000015b0: efbe adde efbe adde efbe adde efbe adde  ................
000015c0: efbe adde efbe adde efbe adde efbe adde  ................
000015d0: efbe adde efbe adde efbe adde efbe adde  ................
000015e0: efbe adde efbe adde efbe adde efbe adde  ................
000015f0: efbe adde efbe adde efbe adde efbe adde  ................
00001600: efbe adde efbe adde efbe adde efbe adde  ................
00001610: efbe adde efbe adde efbe adde efbe adde  ................
00001620: efbe adde efbe adde efbe adde efbe adde  ................
00001630: efbe adde efbe adde efbe adde efbe adde  ................
00001640: efbe adde efbe adde efbe adde efbe adde  ................
00001650: efbe adde efbe adde efbe adde efbe adde  ................
00001660: efbe adde efbe adde efbe adde efbe adde  ................
00001670: efbe adde efbe adde efbe adde efbe adde  ................
00001680: efbe adde efbe adde efbe adde efbe adde  ................
00001690: efbe adde efbe adde efbe adde efbe adde  ................
000016a0: efbe adde efbe adde efbe adde efbe adde  ................
000016b0: efbe adde efbe adde efbe adde efbe adde  ................
000016c0: efbe adde efbe adde efbe adde efbe adde  ................
000016d0: efbe adde efbe adde efbe adde efbe adde  ................
000016e0: efbe adde efbe adde efbe adde efbe adde  ................
000016f0: efbe adde efbe adde efbe adde efbe adde  ................
00001700: efbe adde efbe adde efbe adde efbe adde  ................
00001710: efbe adde efbe adde efbe adde efbe adde  ................
00001720: efbe adde efbe adde efbe adde efbe adde  ................
00001730: efbe adde efbe adde efbe adde efbe adde  ................
00001740: efbe adde efbe adde efbe adde efbe adde  ................
00001750: efbe adde efbe adde efbe adde efbe adde  ................
00001760: efbe adde efbe adde efbe adde efbe adde  ................
00001770: efbe adde efbe adde efbe adde efbe adde  ................
00001780: efbe adde efbe adde efbe adde efbe adde  ................
00001790: efbe adde efbe adde efbe adde efbe adde  ................
000017a0: efbe adde efbe adde efbe adde efbe adde  ................
000017b0: efbe adde efbe adde efbe adde efbe adde  ................
000017c0: efbe adde efbe adde efbe adde efbe adde  ................
000017d0: efbe adde efbe adde efbe adde efbe adde  ................
000017e0: efbe adde efbe adde efbe adde efbe adde  ................
000017f0: efbe adde efbe adde efbe adde efbe adde  ................
00001800: efbe adde efbe adde efbe adde efbe adde  ................
00001810: efbe adde efbe adde efbe adde efbe adde  ................
00001820: efbe adde efbe adde efbe adde efbe adde  ................
00001830: efbe adde efbe adde efbe adde efbe adde  ................
00001840: efbe adde efbe adde efbe adde efbe adde  ................
00001850: efbe adde efbe adde efbe adde efbe adde  ................
00001860: efbe adde efbe adde efbe adde efbe adde  ................
00001870: efbe adde efbe adde efbe adde efbe adde  ................
00001880: efbe adde efbe adde efbe adde efbe adde  ................
00001890: efbe adde efbe adde efbe adde efbe adde  ................
000018a0: efbe adde efbe adde efbe adde efbe adde  ................
000018b0: efbe adde efbe adde efbe adde efbe adde  ................
000018c0: efbe adde efbe adde efbe adde efbe adde  ................
000018d0: efbe adde efbe adde efbe adde efbe adde  ................
000018e0: efbe adde efbe adde efbe adde efbe adde  ................
000018f0: efbe adde efbe adde efbe adde efbe adde  ................
00001900: efbe adde efbe adde efbe adde efbe adde  ................
00001910: efbe adde efbe adde efbe adde efbe adde  ................
00001920: efbe adde efbe adde efbe adde efbe adde  ................
00001930: efbe adde efbe adde efbe adde efbe adde  ................
00001940: efbe adde efbe adde efbe adde efbe adde  ................
00001950: efbe adde efbe adde efbe adde efbe adde  ................
00001960: efbe adde efbe adde efbe adde efbe adde  ................
00001970: efbe adde efbe adde efbe adde efbe adde  ................
00001980: efbe adde efbe adde efbe adde efbe adde  ................
00001990: efbe adde efbe adde efbe adde efbe adde  ................
000019a0: efbe adde efbe adde efbe adde efbe adde  ................
000019b0: efbe adde efbe adde efbe adde efbe adde  ................
000019c0: efbe adde efbe adde efbe adde efbe adde  ................
000019d0: efbe adde efbe adde efbe adde efbe adde  ................
000019e0: efbe adde efbe adde efbe adde efbe adde  ................
000019f0: efbe adde efbe adde efbe adde efbe adde  ................
00001a00: efbe adde efbe adde efbe adde efbe adde  ................
00001a10: efbe adde efbe adde efbe adde efbe adde  ................
00001a20: efbe adde efbe adde efbe adde efbe adde  ................
00001a30: efbe adde efbe adde efbe adde efbe adde  ................
00001a40: efbe adde efbe adde efbe adde efbe adde  ................
00001a50: efbe adde efbe adde efbe adde efbe adde  ................
00001a60: efbe adde efbe adde efbe adde efbe adde  ................
00001a70: efbe adde efbe adde efbe adde efbe adde  ................
00001a80: efbe adde efbe adde efbe adde efbe adde  ................
00001a90: efbe adde efbe adde efbe adde efbe adde  ................
00001aa0: efbe adde efbe adde efbe adde efbe adde  ................
00001ab0: efbe adde efbe adde efbe adde efbe adde  ................
00001ac0: efbe adde efbe adde efbe adde efbe adde  ................
00001ad0: efbe adde efbe adde efbe adde efbe adde  ................
00001ae0: efbe adde efbe adde efbe adde efbe adde  ................
00001af0: efbe adde efbe adde efbe adde efbe adde  ................
00001b00: efbe adde efbe adde efbe adde efbe adde  ................
00001b10: efbe adde efbe adde efbe adde efbe adde  ................
00001b20: efbe adde efbe adde efbe adde efbe adde  ................
00001b30: efbe adde efbe adde efbe adde efbe adde  ................
00001b40: efbe adde efbe adde efbe adde efbe adde  ................
00001b50: efbe adde efbe adde efbe adde efbe adde  ................
00001b60: efbe adde efbe adde efbe adde efbe adde  ................
00001b70: efbe adde efbe adde efbe adde efbe adde  ................
00001b80: efbe adde efbe adde efbe adde efbe adde  ................
00001b90: efbe adde efbe adde efbe adde efbe adde  ................
00001ba0: efbe adde efbe adde efbe adde efbe adde  ................
00001bb0: efbe adde efbe adde efbe adde efbe adde  ................
00001bc0: efbe adde efbe adde efbe adde efbe adde  ................
00001bd0: efbe adde efbe adde efbe adde efbe adde  ................
00001be0: efbe adde efbe adde efbe adde efbe adde  ................
00001bf0: efbe adde efbe adde efbe adde efbe adde  ................
00001c00: efbe adde efbe adde efbe adde efbe adde  ................
00001c10: efbe adde efbe adde efbe adde efbe adde  ................
00001c20: efbe adde efbe adde efbe adde efbe adde  ................
00001c30: efbe adde efbe adde efbe adde efbe adde  ................
00001c40: efbe adde efbe adde efbe adde efbe adde  ................
00001c50: efbe adde efbe adde efbe adde efbe adde  ................
00001c60: efbe adde efbe adde efbe adde efbe adde  ................
00001c70: efbe adde efbe adde efbe adde efbe adde  ................
00001c80: efbe adde efbe adde efbe adde efbe adde  ................
00001c90: efbe adde efbe adde efbe adde efbe adde  ................
00001ca0: efbe adde efbe adde efbe adde efbe adde  ................
00001cb0: efbe adde efbe adde efbe adde efbe adde  ................
00001cc0: efbe adde efbe adde efbe adde efbe adde  ................
00001cd0: efbe adde efbe adde efbe adde efbe adde  ................
00001ce0: efbe adde efbe adde efbe adde efbe adde  ................
00001cf0: efbe adde efbe adde efbe adde efbe adde  ................
00001d00: efbe adde efbe adde efbe adde efbe adde  ................
00001d10: efbe adde efbe adde efbe adde efbe adde  ................
00001d20: efbe adde efbe adde efbe adde efbe adde  ................
00001d30: efbe adde efbe adde efbe adde efbe adde  ................
00001d40: efbe adde efbe adde efbe adde efbe adde  ................
00001d50: efbe adde efbe adde efbe adde efbe adde  ................
00001d60: efbe adde efbe adde efbe adde efbe adde  ................
00001d70: efbe adde efbe adde efbe adde efbe adde  ................
00001d80: efbe adde efbe adde efbe adde efbe adde  ................
00001d90: efbe adde efbe adde efbe adde efbe adde  ................
00001da0: efbe adde efbe adde efbe adde efbe adde  ................
00001db0: efbe adde efbe adde efbe adde efbe adde  ................
00001dc0: efbe adde efbe adde efbe adde efbe adde  ................
00001dd0: efbe adde efbe adde efbe adde efbe adde  ................
00001de0: efbe adde efbe adde efbe adde efbe adde  ................
00001df0: efbe adde efbe adde efbe adde efbe adde  ................
00001e00: efbe adde efbe adde efbe adde efbe adde  ................
00001e10: efbe adde efbe adde efbe adde efbe adde  ................
00001e20: efbe adde efbe adde efbe adde efbe adde  ................
00001e30: efbe adde efbe adde efbe adde efbe adde  ................
00001e40: efbe adde efbe adde efbe adde efbe adde  ................
00001e50: efbe adde efbe adde efbe adde efbe adde  ................
00001e60: efbe adde efbe adde efbe adde efbe adde  ................
00001e70: efbe adde efbe adde efbe adde efbe adde  ................
00001e80: efbe adde efbe adde efbe adde efbe adde  ................
00001e90: efbe adde efbe adde efbe adde efbe adde  ................
00001ea0: efbe adde efbe adde efbe adde efbe adde  ................
00001eb0: efbe adde efbe adde efbe adde efbe adde  ................
00001ec0: efbe adde efbe adde efbe adde efbe adde  ................
00001ed0: efbe adde efbe adde efbe adde efbe adde  ................
00001ee0: efbe adde efbe adde efbe adde efbe adde  ................
00001ef0: efbe adde efbe adde efbe adde efbe adde  ................
00001f00: efbe adde efbe adde efbe adde efbe adde  ................
00001f10: efbe adde efbe adde efbe adde efbe adde  ................
00001f20: efbe adde efbe adde efbe adde efbe adde  ................
00001f30: efbe adde efbe adde efbe adde efbe adde  ................
00001f40: efbe adde efbe adde efbe adde efbe adde  ................
00001f50: efbe adde efbe adde efbe adde efbe adde  ................
00001f60: efbe adde efbe adde efbe adde efbe adde  ................
00001f70: efbe adde efbe adde efbe adde efbe adde  ................
00001f80: efbe adde efbe adde efbe adde efbe adde  ................
00001f90: efbe adde efbe adde efbe adde efbe adde  ................
00001fa0: efbe adde efbe adde efbe adde efbe adde  ................
00001fb0: efbe adde efbe adde efbe adde efbe adde  ................
00001fc0: efbe adde efbe adde efbe adde efbe adde  ................
00001fd0: efbe adde efbe adde efbe adde efbe adde  ................
00001fe0: efbe adde 0100 0000 efbe adde 1305 3080  ..............0.
00001ff0: 3d00 0000 0000 0000 0008 0000 0100 0000  =...............
00002000: 0000 0000 1301 0000 3d00 0000 0040 0000  ........=....@..
00002010: 0008 0000 0000 0000 0000 0000 1301 0000  ................
00002020: 7f00 0000 0000 0100 0008 0000 0000 0000  ................
00002030: 0000 0000 1301 0000 7f00 0000 0040 0100  .............@..
00002040: 0008 0000 0000 0000 0000 0000 1301 0000  ................
00002050: 5400 0000 0000 0200 9300 0000 0000 0000  T...............
00002060: 0000 0000 1301 0000 5600 0000 0000 0300  ........V.......
00002070: 0008 0000 0000 0000 0000 0000 962a 2181  .............*!.
00002080: ed09 9649 9471 8d72 9c8e 69ed 0100 0000  ...I.q.r..i.....
00002090: 0003 0000 2020 0000 0000 0000 0000 0000  ....  ..........
000020a0: 0000 0000 0000 0000 0000 0000 0000 0000  ................
000020b0: 0000 0000 0000 0000 0000 0000 0000 0000  ................
000020c0: 0000 0000 0202 0000 0000 0000 0000 0000  ................
000020d0: 0000 0000 11f3 878f 98c9 9e4d a0c4 6065  ...........M..`e
000020e0: 518c 4f6d 01d1 0308 0008 0000 fe47 005c  Q.Om.........G.\
000020f0: 8a40 0000 fee7 017b fee7 0145 efbe adde  .@.....{...E....
00002100: efbe adde efbe adde efbe adde efbe adde  ................
00002110: efbe adde efbe adde efbe adde efbe adde  ................
00002120: efbe adde efbe adde efbe adde efbe adde  ................
00002130: efbe adde 0000 0000 0000 0000 ffff ffff  ................
00002140: ffff ffff 0000 0000 0000 0000 0000 0000  ................
00002150: 0000 0000 0000 0000 0000 0000 0100 0040  ...............@
00002160: 0000 0000 0000 0000 0000 0000 0000 0060  ...............`
00002170: 0000 0000 0000 0060 0000 0000 0000 0060  .......`.......`
00002180: 0000 0000 0000 0060 0000 0000 00f4 017d  .......`.......}
00002190: 3800 0000 00f4 017d 3800 0000 00f4 017d  8......}8......}
000021a0: 3800 0000 00f4 017d 3800 0000 00f4 017d  8......}8......}
000021b0: 3800 0000 00f4 017d 3800 0000 0000 0000  8......}8.......
000021c0: 0000 0000 0000 0000 0000 0000 0000 0000  ................
000021d0: 0100 0000 0000 0000 0000 0000 0000 0000  ................
000021e0: 0400 0000 0600 0000 3c00 0000 1c00 0000  ........<.......
000021f0: 0400 0000 1e00 0000 0000 0000 0100 0040  ...............@
00002200: 0000 0000 0100 0040 0000 0000 0000 0000  .......@........
00002210: 0000 0000 0000 0000 0000 0000 0000 0000  ................
00002220: 0000 0000 0000 0000 0000 0000 0000 0000  ................
00002230: 0000 0000 0000 0000 0000 0000 0000 0000  ................
00002240: 0000 0000 0d38 0000 0d40 0000 0b38 0000  .....8...@...8..
00002250: 0d40 0000 0b38 0000 0d38 0000 0b30 0000  .@...8...8...0..
00002260: 0c38 0000 0c38 0000 0b30 0000 0d48 0000  .8...8...0...H..
00002270: 0b28 0000 0b40 0000 0b38 0000 0d40 0000  .(...@...8...@..
00002280: 0d38 0000 0d38 0000 0d38 0000 0d38 0000  .8...8...8...8..
00002290: 0d38 0000 2cbd 1220 7ddf ff3f 2cbd 1220  .8..,.. }..?,.. 
000022a0: ffef fb3e 2cbd 1220 bbdf fb3a 2cbd 1220  ...>,.. ...:,.. 
000022b0: bcdf 033d 2cbd 1220 0000 0000 2cbd 1220  ...=,.. ....,.. 
000022c0: 0000 0000 feef fb3c 2cbd 1220 0000 0000  .......<,.. ....
000022d0: 2cbd 1220 1a4c db00 8c7d 0300 957d 0300  ,.. .L...}...}..
000022e0: 0018 0200 8f8f 6565 5013 0000 06f3 3415  ......eeP.....4.
000022f0: 2cbd 1220 0d38 0000 0b38 0000 0c38 0000  ,.. .8...8...8..
00002300: 0d48 0000 0d38 0000 0c38 0000 0b38 0000  .H...8...8...8..
00002310: 0b40 0000 0d38 0000 0000 0020 2cbd 1220  .@...8..... ,.. 
00002320: 7ddf ff3f feef fb3c 2cbd 1220 197e 0c1c  }..?...<,.. .~..
00002330: 0040 0000 0000 0000 997e ec1f 0040 0000  .@.......~...@..
00002340: 0000 0000 1980 dc1f 0000 0000 0000 0000  ................
00002350: 997d 0c1c 0040 0000 0000 0000 197f fc1f  .}...@..........
00002360: 0080 0000 0000 0000 997e ec1f 0080 0000  .........~......
00002370: 0000 0000 197e 1c1c 0080 0000 0000 0000  .....~..........
00002380: 997d ec1f 0080 0000 0000 0000 197f ec1f  .}..............
00002390: 0040 0000 0000 0000 997f 8c1f 0040 0000  .@...........@..
000023a0: 0000 0000 997f 2c1c 0080 0000 0000 0000  ......,.........
000023b0: 197e fc1f 0040 0000 0000 0000 997e ec1f  .~...@.......~..
000023c0: 0040 0000 0000 0000 997e ec1f 0080 0000  .@.......~......
000023d0: 0000 0000 1980 2c1c 0040 0000 0000 0000  ......,..@......
000023e0: 997e cc1f 0040 0000 0000 0000 198e 0c0c  .~...@..........
000023f0: 0000 0000 0000 0000 198e 0c0c 0000 0000  ................
00002400: 0000 0000 198e 0c0c 0000 0000 0000 0000  ................
00002410: 198e 0c0c 0000 0000 0000 0000 197e 0c1c  .............~..
00002420: 0040 0000 0000 0000 1980 dc1f 0000 0000  .@..............
00002430: 0000 0000 197f ec1f 0040 0000 0000 0000  .........@......
00002440: 997f 2c1c 0080 0000 0000 0000 197e 0c1c  ..,..........~..
00002450: 0040 0000 0000 0000 197f ec1f 0040 0000  .@...........@..
00002460: 0000 0000 197f fc1f 0080 0000 0000 0000  ................
00002470: 997e ec1f 0040 0000 0000 0000 197e 0c1c  .~...@.......~..
00002480: 0040 0000 0000 0000 0000 d001 3e07 0000  .@..........>...
00002490: 0000 d001 3e07 0000 0000 d001 3e07 0000  ....>.......>...
000024a0: 0000 d001 3e07 0000 0000 d001 3e07 0000  ....>.......>...
000024b0: 0000 d001 3e07 0000 0000 d001 3e07 0000  ....>.......>...
000024c0: 0000 d001 3e07 0000 0000 d001 3e07 0000  ....>.......>...
000024d0: 0000 d001 3e07 0000 0000 d001 3e07 0000  ....>.......>...
000024e0: 0000 d001 3e07 0000 0000 d001 3e07 0000  ....>.......>...
000024f0: 0000 d001 3e07 0000 0000 d001 3e07 0000  ....>.......>...
00002500: 0000 d001 3e07 0000 0000 4001 0310 0000  ....>.....@.....
00002510: 0000 4001 0310 0000 0000 4001 0310 0000  ..@.......@.....
00002520: 0000 4001 0310 0000 0000 4201 0000 4001  ..@.......B...@.
00002530: 0000 4001 0000 4201 0000 4201 0000 4201  ..@...B...B...B.
00002540: 0000 4001 0000 4001 0000 4001 0000 4001  ..@...@...@...@.
00002550: 0000 4001 0000 4001 0000 4001 0000 4001  ..@...@...@...@.
00002560: 0000 d001 3e07 0000 0000 d001 3e07 0000  ....>.......>...
00002570: 0000 d001 3e07 0000 0000 d001 3e07 0000  ....>.......>...
00002580: 0000 d001 3e07 0000 0000 d001 3e07 0000  ....>.......>...
00002590: 0000 d001 3e07 0000 0000 d001 3e07 0000  ....>.......>...
000025a0: 0000 d001 3e07 0000 0000 4001 0000 4001  ....>.....@...@.
000025b0: 0000 4001 0000 4001 0000 4001 0000 4201  ..@...@...@...B.
000025c0: ffef 7f3e 0014 0000 1f1c 011c 0000 0000  ...>............
000025d0: 7d01 0000 1a22 0720 ff03 0000 0000 0000  }....". ........
000025e0: 0000 0000 0000 0000 0000 0000 0000 0000  ................
000025f0: 0000 0000 0000 0000 0100 0040 0000 0000  ...........@....
00002600: fe57 0155 fec7 0030 0100 00c0 0000 0000  .W.U...0........
00002610: 0100 0000 0100 0080 0800 0000 0100 0070  ...............p
00002620: 0100 006e 0100 0080 0000 0000 0000 0040  ...n...........@
00002630: 0000 0000 8103 ec11 d608 00d0 8103 ec11  ................
00002640: d608 0000 81c3 c011 d608 0000 81c3 8011  ................
00002650: d608 0000 8503 0181 db08 0000 8343 08b0  .............C..
00002660: db08 0000 8103 ec11 d608 0000 8103 ec11  ................
00002670: d608 0000 0100 0000 3806 0000 0000 0000  ........8.......
00002680: 9148 0200 914c 0200 0305 0000 c333 0000  .H...L.......3..
00002690: fe17 015a 8e00 0140 dc05 0000 0000 0000  ...Z...@........
000026a0: 0800 3000 1000 0000 0000 0000 0000 0000  ..0.............
000026b0: 0000 0000 0000 0000 efbe adde efbe adde  ................
000026c0: efbe adde efbe adde efbe adde efbe adde  ................
000026d0: efbe adde efbe adde efbe adde efbe adde  ................
000026e0: efbe adde efbe adde efbe adde efbe adde  ................
000026f0: efbe adde efbe adde efbe adde efbe adde  ................
00002700: efbe adde efbe adde efbe adde efbe adde  ................
00002710: efbe adde efbe adde efbe adde efbe adde  ................
00002720: efbe adde efbe adde efbe adde efbe adde  ................
00002730: efbe adde efbe adde efbe adde efbe adde  ................
00002740: efbe adde efbe adde efbe adde efbe adde  ................
00002750: efbe adde efbe adde efbe adde efbe adde  ................
00002760: efbe adde efbe adde efbe adde efbe adde  ................
00002770: efbe adde efbe adde efbe adde efbe adde  ................
00002780: 70c2 0600 0000 101b 0000 0000 0000 0000  p...............
00002790: 0000 0000 0000 0000 0000 0000 6300 0000  ............c...
000027a0: 0000 0000 84f8 3000 4800 831f 0000 0000  ......0.H.......
000027b0: 0000 0000 0000 0000 030a 0a02 8585 4700  ..............G.
000027c0: ebc9 1000 5500 0050 0000 0000 70c2 0600  ....U..P....p...
000027d0: 0000 101b 0000 0000 0000 0000 0000 0000  ................
000027e0: 0000 0000 0000 0000 6300 0000 0000 0000  ........c.......
000027f0: 84f8 3000 4800 831f 0000 0000 0000 0000  ..0.H...........
00002800: 0000 0000 030a 0a02 8585 4700 ebc9 1000  ..........G.....
00002810: 5500 0050 0000 0000 0000 0000 0000 0000  U..P............
00002820: 6206 0c00 0000 0000 0000 0000 0000 0000  b...............
00002830: 0000 0000 0000 0000 0000 0400 0025 81f1  .............%..
00002840: 3808 0408 0100 0000 c086 0000 0303 0010  8...............
00002850: 0303 0010 0000 0000 0000 0000 0000 0000  ................
00002860: 0000 0000 0000 0000 0000 0000 0000 0000  ................
00002870: 0000 0000 0000 0000 0000 0000 0000 0000  ................
00002880: 0000 0000 0000 0000 0000 0000 0000 0000  ................
00002890: 0000 0000 0001 0000 0100 0000 0000 0080  ................
000028a0: 1f00 0000 0f00 0000 8e60 0185 0100 0000  .........`......
000028b0: 0000 0000 0000 0000 0100 0000 0700 0000  ................
000028c0: 0100 0000 0428 0000 0000 0000 0000 0000  .....(..........
000028d0: 0100 0000 0000 0000 e862 0000 5800 0000  .........b..X...
000028e0: 0100 0000 0604 1000 0000 0000 0b00 0000  ................
000028f0: 0000 0000 0040 0000 2000 0080 0000 0000  .....@.. .......
00002900: efbe adde efbe adde efbe adde efbe adde  ................
00002910: efbe adde efbe adde efbe adde efbe adde  ................
00002920: efbe adde efbe adde efbe adde efbe adde  ................
00002930: efbe adde efbe adde efbe adde efbe adde  ................
00002940: efbe adde efbe adde efbe adde efbe adde  ................
00002950: efbe adde efbe adde efbe adde efbe adde  ................
00002960: efbe adde efbe adde efbe adde efbe adde  ................
00002970: efbe adde efbe adde efbe adde efbe adde  ................
00002980: efbe adde efbe adde efbe adde efbe adde  ................
00002990: efbe adde efbe adde efbe adde efbe adde  ................
000029a0: efbe adde efbe adde efbe adde efbe adde  ................
000029b0: efbe adde efbe adde efbe adde efbe adde  ................
000029c0: efbe adde efbe adde efbe adde efbe adde  ................
000029d0: efbe adde efbe adde efbe adde efbe adde  ................
000029e0: efbe adde efbe adde efbe adde efbe adde  ................
000029f0: efbe adde efbe adde efbe adde efbe adde  ................
00002a00: efbe adde efbe adde efbe adde efbe adde  ................
00002a10: efbe adde efbe adde efbe adde efbe adde  ................
00002a20: efbe adde efbe adde efbe adde efbe adde  ................
00002a30: efbe adde efbe adde efbe adde efbe adde  ................
00002a40: efbe adde efbe adde efbe adde efbe adde  ................
00002a50: efbe adde efbe adde efbe adde efbe adde  ................
00002a60: efbe adde efbe adde efbe adde efbe adde  ................
00002a70: efbe adde efbe adde efbe adde efbe adde  ................
00002a80: efbe adde efbe adde efbe adde efbe adde  ................
00002a90: efbe adde efbe adde efbe adde efbe adde  ................
00002aa0: efbe adde efbe adde efbe adde efbe adde  ................
00002ab0: efbe adde efbe adde efbe adde efbe adde  ................
00002ac0: efbe adde efbe adde efbe adde efbe adde  ................
00002ad0: efbe adde efbe adde efbe adde efbe adde  ................
00002ae0: efbe adde efbe adde efbe adde efbe adde  ................
00002af0: efbe adde efbe adde efbe adde efbe adde  ................
00002b00: efbe adde efbe adde efbe adde efbe adde  ................
00002b10: efbe adde efbe adde efbe adde efbe adde  ................
00002b20: efbe adde efbe adde efbe adde efbe adde  ................
00002b30: efbe adde efbe adde efbe adde efbe adde  ................
00002b40: efbe adde efbe adde efbe adde efbe adde  ................
00002b50: efbe adde efbe adde efbe adde efbe adde  ................
00002b60: efbe adde efbe adde efbe adde efbe adde  ................
00002b70: efbe adde efbe adde efbe adde efbe adde  ................
00002b80: efbe adde efbe adde efbe adde efbe adde  ................
00002b90: efbe adde efbe adde efbe adde efbe adde  ................
00002ba0: efbe adde efbe adde efbe adde efbe adde  ................
00002bb0: efbe adde efbe adde efbe adde efbe adde  ................
00002bc0: efbe adde efbe adde efbe adde efbe adde  ................
00002bd0: efbe adde efbe adde efbe adde efbe adde  ................
00002be0: efbe adde efbe adde efbe adde efbe adde  ................
00002bf0: efbe adde efbe adde efbe adde efbe adde  ................
00002c00: efbe adde efbe adde efbe adde efbe adde  ................
00002c10: efbe adde efbe adde efbe adde efbe adde  ................
00002c20: efbe adde efbe adde efbe adde efbe adde  ................
00002c30: efbe adde efbe adde efbe adde efbe adde  ................
00002c40: efbe adde efbe adde efbe adde efbe adde  ................
00002c50: efbe adde efbe adde efbe adde efbe adde  ................
00002c60: efbe adde efbe adde efbe adde efbe adde  ................
00002c70: efbe adde efbe adde efbe adde efbe adde  ................
00002c80: efbe adde efbe adde efbe adde efbe adde  ................
00002c90: efbe adde efbe adde efbe adde efbe adde  ................
00002ca0: efbe adde efbe adde efbe adde efbe adde  ................
00002cb0: efbe adde efbe adde efbe adde efbe adde  ................
00002cc0: efbe adde efbe adde efbe adde efbe adde  ................
00002cd0: efbe adde efbe adde efbe adde efbe adde  ................
00002ce0: efbe adde efbe adde efbe adde efbe adde  ................
00002cf0: efbe adde efbe adde efbe adde efbe adde  ................
00002d00: efbe adde efbe adde efbe adde efbe adde  ................
00002d10: efbe adde efbe adde efbe adde efbe adde  ................
00002d20: efbe adde efbe adde efbe adde efbe adde  ................
00002d30: efbe adde efbe adde efbe adde efbe adde  ................
00002d40: efbe adde efbe adde efbe adde efbe adde  ................
00002d50: efbe adde efbe adde efbe adde efbe adde  ................
00002d60: efbe adde efbe adde efbe adde efbe adde  ................
00002d70: efbe adde efbe adde efbe adde efbe adde  ................
00002d80: efbe adde efbe adde efbe adde efbe adde  ................
00002d90: efbe adde efbe adde efbe adde efbe adde  ................
00002da0: efbe adde efbe adde efbe adde efbe adde  ................
00002db0: efbe adde efbe adde efbe adde efbe adde  ................
00002dc0: efbe adde efbe adde efbe adde efbe adde  ................
00002dd0: efbe adde efbe adde efbe adde efbe adde  ................
00002de0: efbe adde efbe adde efbe adde efbe adde  ................
00002df0: efbe adde efbe adde efbe adde efbe adde  ................
00002e00: efbe adde efbe adde efbe adde efbe adde  ................
00002e10: efbe adde efbe adde efbe adde efbe adde  ................
00002e20: efbe adde efbe adde efbe adde efbe adde  ................
00002e30: efbe adde efbe adde efbe adde efbe adde  ................
00002e40: efbe adde efbe adde efbe adde efbe adde  ................
00002e50: efbe adde efbe adde efbe adde efbe adde  ................
00002e60: efbe adde efbe adde efbe adde efbe adde  ................
00002e70: efbe adde efbe adde efbe adde efbe adde  ................
00002e80: efbe adde efbe adde efbe adde efbe adde  ................
00002e90: efbe adde efbe adde efbe adde efbe adde  ................
00002ea0: efbe adde efbe adde efbe adde efbe adde  ................
00002eb0: efbe adde efbe adde efbe adde efbe adde  ................
00002ec0: efbe adde efbe adde efbe adde efbe adde  ................
00002ed0: efbe adde efbe adde efbe adde efbe adde  ................
00002ee0: efbe adde efbe adde efbe adde efbe adde  ................
00002ef0: efbe adde efbe adde efbe adde efbe adde  ................
00002f00: efbe adde efbe adde efbe adde efbe adde  ................
00002f10: efbe adde efbe adde efbe adde efbe adde  ................
00002f20: efbe adde efbe adde efbe adde efbe adde  ................
00002f30: efbe adde efbe adde efbe adde efbe adde  ................
00002f40: efbe adde efbe adde efbe adde efbe adde  ................
00002f50: efbe adde efbe adde efbe adde efbe adde  ................
00002f60: efbe adde efbe adde efbe adde efbe adde  ................
00002f70: efbe adde efbe adde efbe adde efbe adde  ................
00002f80: efbe adde efbe adde efbe adde efbe adde  ................
00002f90: efbe adde efbe adde efbe adde efbe adde  ................
00002fa0: efbe adde efbe adde efbe adde efbe adde  ................
00002fb0: efbe adde efbe adde efbe adde efbe adde  ................
00002fc0: efbe adde efbe adde efbe adde efbe adde  ................
00002fd0: efbe adde efbe adde efbe adde efbe adde  ................
00002fe0: efbe adde efbe adde efbe adde efbe adde  ................
00002ff0: efbe adde efbe adde efbe adde efbe adde  ................
00003000: efbe adde efbe adde efbe adde efbe adde  ................
00003010: efbe adde efbe adde efbe adde efbe adde  ................
00003020: efbe adde efbe adde efbe adde efbe adde  ................
00003030: efbe adde efbe adde efbe adde efbe adde  ................
00003040: efbe adde efbe adde efbe adde efbe adde  ................
00003050: efbe adde efbe adde efbe adde efbe adde  ................
00003060: efbe adde efbe adde efbe adde efbe adde  ................
00003070: efbe adde efbe adde efbe adde efbe adde  ................
00003080: efbe adde efbe adde efbe adde efbe adde  ................
00003090: efbe adde efbe adde efbe adde efbe adde  ................
000030a0: efbe adde efbe adde efbe adde efbe adde  ................
000030b0: efbe adde efbe adde efbe adde efbe adde  ................
000030c0: efbe adde efbe adde efbe adde efbe adde  ................
000030d0: efbe adde efbe adde efbe adde efbe adde  ................
000030e0: efbe adde 4e02 5001 0000 0000 0000 0000  ....N.P.........
000030f0: 8ea0 2000 4000 0000 cf03 0000 d000 0000  .. .@...........
00003100: 0000 0000 0000 0100 0078 0000 0000 0000  .........x......
00003110: 0000 0000 d000 0000 0000 0000 0000 0000  ................
00003120: 8010 0000 0000 0000 0010 0000 0000 0000  ................
00003130: 5406 8240 0000 0000 0000 5023 c840 0585  T..@......P#.@..
00003140: efbe adde efbe adde efbe adde efbe adde  ................
00003150: efbe adde efbe adde efbe adde efbe adde  ................
00003160: efbe adde efbe adde efbe adde efbe adde  ................
00003170: efbe adde efbe adde efbe adde efbe adde  ................
00003180: efbe adde efbe adde efbe adde efbe adde  ................
00003190: efbe adde efbe adde efbe adde efbe adde  ................
000031a0: efbe adde efbe adde efbe adde efbe adde  ................
000031b0: efbe adde efbe adde efbe adde efbe adde  ................
000031c0: efbe adde efbe adde efbe adde efbe adde  ................
000031d0: efbe adde efbe adde efbe adde efbe adde  ................
000031e0: efbe adde efbe adde efbe adde efbe adde  ................
000031f0: efbe adde efbe adde efbe adde efbe adde  ................
00003200: efbe adde efbe adde efbe adde efbe adde  ................
00003210: efbe adde efbe adde efbe adde efbe adde  ................
00003220: efbe adde efbe adde efbe adde efbe adde  ................
00003230: efbe adde efbe adde efbe adde efbe adde  ................
00003240: efbe adde efbe adde efbe adde efbe adde  ................
00003250: efbe adde efbe adde efbe adde efbe adde  ................
00003260: efbe adde efbe adde efbe adde efbe adde  ................
00003270: efbe adde efbe adde efbe adde efbe adde  ................
00003280: efbe adde efbe adde efbe adde efbe adde  ................
00003290: efbe adde efbe adde efbe adde efbe adde  ................
000032a0: efbe adde efbe adde efbe adde efbe adde  ................
000032b0: efbe adde efbe adde efbe adde efbe adde  ................
000032c0: efbe adde efbe adde efbe adde efbe adde  ................
000032d0: efbe adde efbe adde efbe adde efbe adde  ................
000032e0: efbe adde efbe adde efbe adde efbe adde  ................
000032f0: efbe adde efbe adde efbe adde efbe adde  ................
00003300: efbe adde efbe adde efbe adde efbe adde  ................
00003310: efbe adde efbe adde efbe adde efbe adde  ................
00003320: efbe adde efbe adde efbe adde efbe adde  ................
00003330: efbe adde efbe adde efbe adde efbe adde  ................
00003340: efbe adde efbe adde efbe adde efbe adde  ................
00003350: efbe adde efbe adde efbe adde efbe adde  ................
00003360: efbe adde efbe adde efbe adde efbe adde  ................
00003370: efbe adde efbe adde efbe adde efbe adde  ................
00003380: efbe adde efbe adde efbe adde efbe adde  ................
00003390: efbe adde efbe adde efbe adde efbe adde  ................
000033a0: efbe adde efbe adde efbe adde efbe adde  ................
000033b0: efbe adde efbe adde efbe adde efbe adde  ................
000033c0: efbe adde efbe adde efbe adde efbe adde  ................
000033d0: efbe adde efbe adde efbe adde efbe adde  ................
000033e0: efbe adde efbe adde efbe adde efbe adde  ................
000033f0: efbe adde efbe adde efbe adde efbe adde  ................
00003400: efbe adde efbe adde efbe adde efbe adde  ................
00003410: efbe adde efbe adde efbe adde efbe adde  ................
00003420: efbe adde efbe adde efbe adde efbe adde  ................
00003430: efbe adde efbe adde efbe adde efbe adde  ................
00003440: efbe adde efbe adde efbe adde efbe adde  ................
00003450: efbe adde efbe adde efbe adde efbe adde  ................
00003460: efbe adde efbe adde efbe adde efbe adde  ................
00003470: efbe adde efbe adde efbe adde efbe adde  ................
00003480: efbe adde efbe adde efbe adde efbe adde  ................
00003490: efbe adde efbe adde efbe adde efbe adde  ................
000034a0: efbe adde efbe adde efbe adde efbe adde  ................
000034b0: efbe adde efbe adde efbe adde efbe adde  ................
000034c0: efbe adde efbe adde efbe adde efbe adde  ................
000034d0: efbe adde efbe adde efbe adde efbe adde  ................
000034e0: efbe adde efbe adde efbe adde efbe adde  ................
000034f0: efbe adde efbe adde efbe adde efbe adde  ................
00003500: efbe adde efbe adde efbe adde efbe adde  ................
00003510: efbe adde efbe adde efbe adde efbe adde  ................
00003520: efbe adde efbe adde efbe adde efbe adde  ................
00003530: efbe adde efbe adde efbe adde efbe adde  ................
00003540: efbe adde efbe adde efbe adde efbe adde  ................
00003550: efbe adde efbe adde efbe adde efbe adde  ................
00003560: efbe adde efbe adde efbe adde efbe adde  ................
00003570: efbe adde efbe adde efbe adde efbe adde  ................
00003580: efbe adde efbe adde efbe adde efbe adde  ................
00003590: efbe adde efbe adde efbe adde efbe adde  ................
000035a0: efbe adde efbe adde efbe adde efbe adde  ................
000035b0: efbe adde efbe adde efbe adde efbe adde  ................
000035c0: efbe adde efbe adde efbe adde efbe adde  ................
000035d0: efbe adde efbe adde efbe adde efbe adde  ................
000035e0: efbe adde efbe adde efbe adde efbe adde  ................
000035f0: efbe adde efbe adde efbe adde efbe adde  ................
00003600: efbe adde efbe adde efbe adde efbe adde  ................
00003610: efbe adde efbe adde efbe adde efbe adde  ................
00003620: efbe adde efbe adde efbe adde efbe adde  ................
00003630: efbe adde efbe adde efbe adde efbe adde  ................
00003640: efbe adde efbe adde efbe adde efbe adde  ................
00003650: efbe adde efbe adde efbe adde efbe adde  ................
00003660: efbe adde efbe adde efbe adde efbe adde  ................
00003670: efbe adde efbe adde efbe adde efbe adde  ................
00003680: efbe adde efbe adde efbe adde efbe adde  ................
00003690: efbe adde efbe adde efbe adde efbe adde  ................
000036a0: efbe adde efbe adde efbe adde efbe adde  ................
000036b0: efbe adde efbe adde efbe adde efbe adde  ................
000036c0: efbe adde efbe adde efbe adde efbe adde  ................
000036d0: efbe adde efbe adde efbe adde efbe adde  ................
000036e0: efbe adde efbe adde efbe adde efbe adde  ................
000036f0: efbe adde efbe adde efbe adde efbe adde  ................
00003700: efbe adde efbe adde efbe adde efbe adde  ................
00003710: efbe adde efbe adde efbe adde efbe adde  ................
00003720: efbe adde efbe adde efbe adde efbe adde  ................
00003730: efbe adde efbe adde efbe adde efbe adde  ................
00003740: efbe adde efbe adde efbe adde efbe adde  ................
00003750: efbe adde efbe adde efbe adde efbe adde  ................
00003760: efbe adde efbe adde efbe adde efbe adde  ................
00003770: efbe adde efbe adde efbe adde efbe adde  ................
00003780: efbe adde efbe adde efbe adde efbe adde  ................
00003790: efbe adde efbe adde efbe adde efbe adde  ................
000037a0: efbe adde efbe adde efbe adde efbe adde  ................
000037b0: efbe adde efbe adde efbe adde efbe adde  ................
000037c0: efbe adde efbe adde efbe adde efbe adde  ................
000037d0: efbe adde efbe adde efbe adde efbe adde  ................
000037e0: efbe adde efbe adde efbe adde efbe adde  ................
000037f0: efbe adde efbe adde efbe adde efbe adde  ................
00003800: efbe adde efbe adde efbe adde efbe adde  ................
00003810: efbe adde efbe adde efbe adde efbe adde  ................
00003820: efbe adde efbe adde efbe adde efbe adde  ................
00003830: efbe adde efbe adde efbe adde efbe adde  ................
00003840: efbe adde efbe adde efbe adde efbe adde  ................
00003850: efbe adde efbe adde efbe adde efbe adde  ................
00003860: efbe adde efbe adde efbe adde efbe adde  ................
00003870: efbe adde efbe adde efbe adde efbe adde  ................
00003880: efbe adde efbe adde efbe adde efbe adde  ................
00003890: efbe adde efbe adde efbe adde efbe adde  ................
000038a0: efbe adde efbe adde efbe adde efbe adde  ................
000038b0: efbe adde efbe adde efbe adde efbe adde  ................
000038c0: efbe adde efbe adde efbe adde efbe adde  ................
000038d0: efbe adde efbe adde efbe adde efbe adde  ................
000038e0: efbe adde efbe adde efbe adde efbe adde  ................
000038f0: efbe adde efbe adde efbe adde efbe adde  ................
00003900: efbe adde efbe adde efbe adde efbe adde  ................
00003910: efbe adde efbe adde efbe adde efbe adde  ................
00003920: efbe adde efbe adde efbe adde efbe adde  ................
00003930: efbe adde efbe adde efbe adde efbe adde  ................
00003940: efbe adde efbe adde efbe adde efbe adde  ................
00003950: efbe adde efbe adde efbe adde efbe adde  ................
00003960: efbe adde efbe adde efbe adde efbe adde  ................
00003970: efbe adde efbe adde efbe adde efbe adde  ................
00003980: efbe adde efbe adde efbe adde efbe adde  ................
00003990: efbe adde efbe adde efbe adde efbe adde  ................
000039a0: efbe adde efbe adde efbe adde efbe adde  ................
000039b0: efbe adde efbe adde efbe adde efbe adde  ................
000039c0: efbe adde efbe adde efbe adde efbe adde  ................
000039d0: efbe adde efbe adde efbe adde efbe adde  ................
000039e0: efbe adde efbe adde efbe adde efbe adde  ................
000039f0: efbe adde efbe adde efbe adde efbe adde  ................
00003a00: efbe adde efbe adde efbe adde efbe adde  ................
00003a10: efbe adde efbe adde efbe adde efbe adde  ................
00003a20: efbe adde efbe adde efbe adde efbe adde  ................
00003a30: efbe adde efbe adde efbe adde efbe adde  ................
00003a40: efbe adde efbe adde efbe adde efbe adde  ................
00003a50: efbe adde efbe adde efbe adde efbe adde  ................
00003a60: efbe adde efbe adde efbe adde efbe adde  ................
00003a70: efbe adde efbe adde efbe adde efbe adde  ................
00003a80: efbe adde efbe adde efbe adde efbe adde  ................
00003a90: efbe adde efbe adde efbe adde efbe adde  ................
00003aa0: efbe adde efbe adde efbe adde efbe adde  ................
00003ab0: efbe adde efbe adde efbe adde efbe adde  ................
00003ac0: efbe adde efbe adde efbe adde efbe adde  ................
00003ad0: efbe adde efbe adde efbe adde efbe adde  ................
00003ae0: efbe adde efbe adde efbe adde efbe adde  ................
00003af0: efbe adde efbe adde efbe adde efbe adde  ................
00003b00: efbe adde efbe adde efbe adde efbe adde  ................
00003b10: efbe adde efbe adde efbe adde efbe adde  ................
00003b20: efbe adde efbe adde efbe adde efbe adde  ................
00003b30: efbe adde efbe adde efbe adde efbe adde  ................
00003b40: efbe adde efbe adde efbe adde efbe adde  ................
00003b50: efbe adde efbe adde efbe adde efbe adde  ................
00003b60: efbe adde efbe adde efbe adde efbe adde  ................
00003b70: efbe adde efbe adde efbe adde efbe adde  ................
00003b80: efbe adde efbe adde efbe adde efbe adde  ................
00003b90: efbe adde efbe adde efbe adde efbe adde  ................
00003ba0: efbe adde efbe adde efbe adde efbe adde  ................
00003bb0: efbe adde efbe adde efbe adde efbe adde  ................
00003bc0: efbe adde efbe adde efbe adde efbe adde  ................
00003bd0: efbe adde efbe adde efbe adde efbe adde  ................
00003be0: efbe adde efbe adde efbe adde efbe adde  ................
00003bf0: efbe adde efbe adde efbe adde efbe adde  ................
00003c00: efbe adde efbe adde efbe adde efbe adde  ................
00003c10: efbe adde efbe adde efbe adde efbe adde  ................
00003c20: efbe adde efbe adde efbe adde efbe adde  ................
00003c30: efbe adde efbe adde efbe adde efbe adde  ................
00003c40: efbe adde efbe adde efbe adde efbe adde  ................
00003c50: efbe adde efbe adde efbe adde efbe adde  ................
00003c60: efbe adde efbe adde efbe adde efbe adde  ................
00003c70: efbe adde efbe adde efbe adde efbe adde  ................
00003c80: efbe adde efbe adde efbe adde efbe adde  ................
00003c90: efbe adde efbe adde efbe adde efbe adde  ................
00003ca0: efbe adde efbe adde efbe adde efbe adde  ................
00003cb0: efbe adde efbe adde efbe adde efbe adde  ................
00003cc0: efbe adde efbe adde efbe adde efbe adde  ................
00003cd0: efbe adde efbe adde efbe adde efbe adde  ................
00003ce0: efbe adde efbe adde efbe adde efbe adde  ................
00003cf0: efbe adde efbe adde efbe adde efbe adde  ................
00003d00: efbe adde efbe adde efbe adde efbe adde  ................
00003d10: efbe adde efbe adde efbe adde efbe adde  ................
00003d20: efbe adde efbe adde efbe adde efbe adde  ................
00003d30: efbe adde efbe adde efbe adde efbe adde  ................
00003d40: efbe adde efbe adde efbe adde efbe adde  ................
00003d50: efbe adde efbe adde efbe adde efbe adde  ................
00003d60: efbe adde efbe adde efbe adde efbe adde  ................
00003d70: efbe adde efbe adde efbe adde efbe adde  ................
00003d80: efbe adde efbe adde efbe adde efbe adde  ................
00003d90: efbe adde efbe adde efbe adde efbe adde  ................
00003da0: efbe adde efbe adde efbe adde efbe adde  ................
00003db0: efbe adde efbe adde efbe adde efbe adde  ................
00003dc0: efbe adde efbe adde efbe adde efbe adde  ................
00003dd0: efbe adde efbe adde efbe adde efbe adde  ................
00003de0: efbe adde efbe adde efbe adde efbe adde  ................
00003df0: efbe adde efbe adde efbe adde efbe adde  ................
00003e00: efbe adde efbe adde efbe adde efbe adde  ................
00003e10: efbe adde efbe adde efbe adde efbe adde  ................
00003e20: efbe adde efbe adde efbe adde efbe adde  ................
00003e30: efbe adde efbe adde efbe adde efbe adde  ................
00003e40: efbe adde efbe adde efbe adde efbe adde  ................
00003e50: efbe adde efbe adde efbe adde efbe adde  ................
00003e60: efbe adde efbe adde efbe adde efbe adde  ................
00003e70: efbe adde efbe adde efbe adde efbe adde  ................
00003e80: efbe adde efbe adde efbe adde efbe adde  ................
00003e90: efbe adde efbe adde efbe adde efbe adde  ................
00003ea0: efbe adde efbe adde efbe adde efbe adde  ................
00003eb0: efbe adde efbe adde efbe adde efbe adde  ................
00003ec0: efbe adde efbe adde efbe adde efbe adde  ................
00003ed0: efbe adde efbe adde efbe adde efbe adde  ................
00003ee0: efbe adde efbe adde efbe adde efbe adde  ................
00003ef0: efbe adde efbe adde efbe adde efbe adde  ................
00003f00: efbe adde efbe adde efbe adde efbe adde  ................
00003f10: efbe adde efbe adde efbe adde efbe adde  ................
00003f20: efbe adde efbe adde efbe adde efbe adde  ................
00003f30: efbe adde efbe adde efbe adde efbe adde  ................
00003f40: efbe adde efbe adde efbe adde efbe adde  ................
00003f50: efbe adde efbe adde efbe adde efbe adde  ................
00003f60: efbe adde efbe adde efbe adde efbe adde  ................
00003f70: efbe adde efbe adde efbe adde efbe adde  ................
00003f80: efbe adde efbe adde efbe adde efbe adde  ................
00003f90: efbe adde efbe adde efbe adde efbe adde  ................
00003fa0: efbe adde efbe adde efbe adde efbe adde  ................
00003fb0: efbe adde efbe adde efbe adde efbe adde  ................
00003fc0: efbe adde efbe adde efbe adde efbe adde  ................
00003fd0: efbe adde efbe adde efbe adde efbe adde  ................
00003fe0: efbe adde efbe adde efbe adde efbe adde  ................
00003ff0: efbe adde efbe adde efbe adde efbe adde  ................
00004000: efbe adde efbe adde efbe adde efbe adde  ................
00004010: efbe adde efbe adde efbe adde efbe adde  ................
00004020: efbe adde efbe adde efbe adde efbe adde  ................
00004030: efbe adde efbe adde efbe adde efbe adde  ................
00004040: efbe adde efbe adde efbe adde efbe adde  ................
00004050: efbe adde efbe adde efbe adde efbe adde  ................
00004060: efbe adde efbe adde efbe adde efbe adde  ................
00004070: efbe adde efbe adde efbe adde efbe adde  ................
00004080: efbe adde efbe adde efbe adde efbe adde  ................
00004090: efbe adde efbe adde efbe adde efbe adde  ................
000040a0: efbe adde efbe adde efbe adde efbe adde  ................
000040b0: efbe adde efbe adde efbe adde efbe adde  ................
000040c0: efbe adde efbe adde efbe adde efbe adde  ................
000040d0: efbe adde efbe adde efbe adde efbe adde  ................
000040e0: efbe adde 962a 2181 ed09 9649 9471 8d72  .....*!....I.q.r
000040f0: 9c8e 69ed 0100 0000 0003 0000 2020 0000  ..i.........  ..
00004100: 0000 0000 0000 0000 0000 0000 0000 0000  ................
00004110: 0000 0000 0000 0000 0000 0000 0000 0000  ................
00004120: 0000 0000 0000 0000 0000 0000 0202 0000  ................
00004130: 0000 0000 0000 0000 0000 0000 11f3 878f  ................
00004140: 98c9 9e4d a0c4 6065 518c 4f6d 03f3 0703  ...M..`eQ.Om....
00004150: 1005 0000 d0c8 3ff9 1700 0000 7060 0000  ......?.....p`..
00004160: 0900 0000 3900 3980 0000 0000 7060 0000  ....9.9.....p`..
00004170: 8500 2182 1001 0000 d8cc 0100 d1b2 0100  ..!.............
00004180: d9c2 0100 d5be 0100 ddd2 0100 e0d6 0100  ................
00004190: dcba 0100 dfce 0100 d5c8 0100 d6c0 0100  ................
000041a0: dbd4 0100 d0ae 0100 0000 0000 0000 0000  ................
000041b0: 0000 0000 0000 0000 d8cc 0100 d1b2 0100  ................
000041c0: ddb4 0100 dfba 0100 ddd2 0100 e0d6 0100  ................
000041d0: dcba 0100 dfce 0100 e0bc 0100 e0b8 0100  ................
000041e0: dbd4 0100 d0ae 0100 0000 0000 0000 0000  ................
000041f0: 0000 0000 0000 0000 0700 0000 dec0 0d00  ................
00004200: 0000 0000 0000 0000 0000 0000 e3bc 0100  ................
00004210: 0000 0000 0000 0000 e2b8 0100 0000 0000  ................
00004220: 0000 0000 0000 0000 0000 0000 d7b0 0100  ................
00004230: dbb0 0100 dcb4 0100 dbb8 0100 d3ac 0100  ................
00004240: 0000 0000 0000 0000 0000 0000 0000 0000  ................
00004250: 0000 0000 0000 0000 0000 0000 0000 0000  ................
00004260: 0000 0000 0000 0000 d3b8 0100 ff01 0000  ................
00004270: fc0f 0000 0c03 0000 0000 0000 da00 0000  ................
00004280: 0000 002f f30c 0000 0c03 0000 8c39 0360  .../.........9.`
00004290: 0c80 0160 0000 0000 1700 0000 42cc 3ff9  ...`........B.?.
000042a0: 0000 0000 0000 0000 0c00 0000 0000 0000  ................
000042b0: f670 0700 0000 0000 0f00 0c1c 1300 0000  .p..............
000042c0: 3fa0 3901 0000 0000 0000 0000 7e51 0700  ?.9.........~Q..
000042d0: 0f00 7400 0000 0000 635d 0400 0000 0000  ..t.....c]......
000042e0: 0000 0000 0000 0000 f30c 0c03 0000 0100  ................
000042f0: 0000 0000 0000 0700 0000 0700 0000 0100  ................
00004300: 0000 0100 0000 0000 0000 0100 0000 0700  ................
00004310: 0000 0600 0000 0100 0000 0000 0000 0000  ................
00004320: 0000 0000 0000 0000 0000 0000 3200 000d  ............2...
00004330: 0000 000d 0000 000d 0000 000c 0000 000c  ................
00004340: 0000 000d 0000 000d 0000 000d 0000 000d  ................
00004350: 0000 000c 0000 000c 0000 000d 0000 000d  ................
00004360: 0000 0000 0000 0000 0000 0000 0000 0000  ................
00004370: ffff ff00 0000 0070 ffff ff00 fc0f 0000  .......p........
00004380: 0000 0000 0c03 0000 0000 0000 0000 0000  ................
00004390: 1011 1100 0000 0000 0000 0000 0000 0000  ................
000043a0: 0000 0000 0000 0000 0000 0000 0000 0000  ................
000043b0: 0000 0000 0000 0000 0000 0000 0000 0000  ................
000043c0: 0000 0000 0000 0000 0000 0000 0000 0000  ................
000043d0: 0000 0000 0000 0000 0000 0000 0000 0000  ................
000043e0: 0000 0000 0000 0000 0000 0000 0000 0000  ................
000043f0: 0000 0000 0000 0000 0000 0000 0000 0000  ................
00004400: 0000 0000 0000 0000 0000 0000 0000 0000  ................
00004410: 0000 0000 0000 0000 0000 0000 0000 0000  ................
00004420: 0000 0000 0000 0000 0000 0000 0000 0000  ................
00004430: 0000 0000 0000 0000 0000 0000 0000 0000  ................
00004440: 0000 0000 0000 0000 0000 0000 0000 0000  ................
00004450: 0000 0000 0000 0000 0000 0000 0000 0000  ................
00004460: 0000 0000 0000 0000 0000 0000 0000 0000  ................
00004470: 0000 0000 0000 0000 0000 0000 0000 0000  ................
00004480: 0000 0000 0000 0000 0000 0000 0000 0000  ................
00004490: 0000 0000 0000 0000 0000 0000 0000 0000  ................
000044a0: 0000 0000 0000 0000 0000 0000 0000 0000  ................
000044b0: 0000 0000 0000 0000 0000 0000 0000 0000  ................
000044c0: 0000 0000 0000 0000 0000 0000 0000 0000  ................
000044d0: 0000 0000 0000 0000 0000 0000 0000 0000  ................
000044e0: 0000 0000 0000 0000 0000 0000 0000 0000  ................
000044f0: 0000 0000 0000 0000 0000 0000 0000 0000  ................
00004500: 0000 0000 0000 0000 0000 0000 0000 0000  ................
00004510: 0000 0000 0000 0000 0000 0000 0000 0000  ................
00004520: 0000 0000 0000 0000 0000 0000 0000 0000  ................
00004530: 0000 0000 0000 0000 0000 0000 0000 0000  ................
00004540: 0000 0000 0000 0000 0000 0000 0000 0000  ................
00004550: 0000 0000 0000 0000 0000 0000 0000 0000  ................
00004560: 0000 0000 0000 0000 0000 0000 0000 0000  ................
00004570: 0000 0000 0000 0000 0000 0000 0000 0000  ................
00004580: 0000 0000 0000 0000 0000 0000 0000 0000  ................
00004590: 0000 0000 0000 0000 0000 0000 0000 0000  ................
000045a0: 0000 0000 0000 0000 0000 0000 0000 0000  ................
000045b0: 0000 0000 0000 0000 0000 0000 0000 0000  ................
000045c0: 0000 0000 0000 0000 0000 0000 0000 0000  ................
000045d0: 0000 0000 0000 0000 0000 0000 0000 0000  ................
000045e0: 0000 0000 0000 0000 0000 0000 0000 0000  ................
000045f0: 0000 0000 0000 0000 0000 0000 0000 0000  ................
00004600: 0000 0000 0000 0000 0000 0000 0000 0000  ................
00004610: 0000 0000 0000 0000 0000 0000 0000 0000  ................
00004620: 0000 0000 0000 0000 0000 0000 0000 0000  ................
00004630: 0000 0000 0000 0000 0000 0000 0000 0000  ................
00004640: 0000 0000 0000 0000 0000 0000 0000 0000  ................
00004650: 0000 0000 0000 0000 0000 0000 0000 0000  ................
00004660: 0000 0000 0000 0000 0000 0000 0000 0000  ................
00004670: 0000 0000 0000 0000 0000 0000 0000 0000  ................
00004680: 0000 0000 0000 0000 0000 0000 0000 0000  ................
00004690: 0000 0000 0000 0000 0000 0000 0000 0000  ................
000046a0: 0035 0000 0000 0000 0000 0000 0000 0000  .5..............
000046b0: 0000 0000 0000 0000 0000 0000 0000 0000  ................
000046c0: 0000 0000 0000 0000 0000 0000 0000 0000  ................
000046d0: 0000 0000 0000 0000 0000 0000 0000 0000  ................
000046e0: 0000 0000 0000 0000 0000 0000 0000 0000  ................
000046f0: 0000 0000 0000 0000 0000 0000 0000 0000  ................
00004700: 0000 0000 0000 0000 0000 0000 0000 0000  ................
00004710: 0000 0000 0000 0000 0000 0000 0000 0000  ................
00004720: 0000 0000 0000 0000 0000 0000 0000 0000  ................
00004730: 0000 0000 0000 0000 0000 0000 0000 0000  ................
00004740: 0000 0000 0000 0000 0000 0000 0000 0000  ................
00004750: 0000 0000 0000 0000 0000 0000 0000 0000  ................
00004760: 0000 0000 0000 0000 0000 0000 0000 0000  ................
00004770: 0000 0000 0000 0000 0000 0000 0000 0000  ................
00004780: 0000 0000 0000 0000 0000 0000 0000 0000  ................
00004790: 0000 0000 0000 0000 0000 0000 0000 0000  ................
000047a0: 0000 0000 0000 0000 0000 0000 0000 0000  ................
000047b0: 0000 0000 0000 0000 0000 0000 0000 0000  ................
000047c0: 0000 0000 0000 0000 0000 0000 0000 0000  ................
000047d0: 0000 0000 0000 0000 0000 0000 0000 0000  ................
000047e0: 0000 0000 0000 0000 0000 0000 0000 0000  ................
000047f0: 1000 0080 0000 0000 0300 0000 0000 0000  ................
00004800: 0000 0000 0000 0000 0000 0000 ff03 0000  ................
00004810: 0000 0000 0100 0010 0555 0100 0555 0100  .........U...U..
00004820: 0555 0100 0555 0100 0555 0100 0555 0100  .U...U...U...U..
00004830: 0555 0100 0555 0100 0555 0100 0555 0100  .U...U...U...U..
00004840: 0555 0100 0555 0100 0000 0000 0000 0000  .U...U..........
00004850: 0000 0000 0000 0000 ff0f 0000 0700 0000  ................
00004860: 0f00 0000 0400 0000 0200 0000 0000 0000  ................
00004870: 0000 0000 0000 0000 0000 0000 0000 0000  ................
00004880: 0000 0000 0000 0000 0002 0000 0000 0000  ................
00004890: 0e00 0000 0000 0000 a100 0000 0000 0000  ................
000048a0: 0000 0000 0000 0000 ff1f 0000 0000 0000  ................
000048b0: 0000 0000 0000 0000 0000 0000 0000 0000  ................
000048c0: 0000 0000 0000 0000 0000 0000 0200 0000  ................
000048d0: 0200 0000 0111 0010 0111 0110 0055 ff50  .............U.P
000048e0: 0055 ff50 0111 0010 0111 0010 0111 0010  .U.P............
000048f0: 0111 0010 0055 ff50 0055 ff50 0111 0010  .....U.P.U.P....
00004900: 0111 0110 0000 0000 0000 0000 0000 0000  ................
00004910: 0000 0000 0000 0000 0000 0000 0000 0000  ................
00004920: 0000 0000 0000 0000 0000 0000 0000 0000  ................
00004930: 0000 0000 0000 0000 0000 0000 0000 0000  ................
00004940: 0000 0000 0000 0000 0000 0000 0000 0000  ................
00004950: 0000 0000 0000 0000 0000 0000 0000 0000  ................
00004960: 0000 0000 0000 0000 0000 0000 0000 0000  ................
00004970: 0000 0000 0000 0000 0000 0000 0000 0000  ................
00004980: 0000 0000 0000 0000 0000 0000 0000 0000  ................
00004990: 0000 0000 0000 0000 0000 0000 0000 0000  ................
000049a0: 0000 0000 0000 0000 0000 0000 0000 0000  ................
000049b0: 0000 0000 0000 0000 0000 0000 0000 0000  ................
000049c0: 0000 0000 0000 0000 0000 0000 0000 0000  ................
000049d0: 0000 0000 0111 0010 0111 0110 0055 ff50  .............U.P
000049e0: 0055 ff50 0111 0010 0111 0010 0111 0010  .U.P............
000049f0: 0111 0010 0055 ff50 0055 ff50 0111 0010  .....U.P.U.P....
00004a00: 0111 0110 0000 0000 0000 0000 0000 0000  ................
00004a10: 0000 0000 0000 0000 0000 0000 0000 0000  ................
00004a20: 0000 0000 0000 0000 0000 0000 0000 0000  ................
00004a30: 0000 0000 0000 0000 0000 0000 0000 0000  ................
00004a40: 0000 0000 0000 0000 0000 0000 0000 0000  ................
00004a50: 0000 0000 0111 0010 0111 0110 0055 ff50  .............U.P
00004a60: 0055 ff50 0111 0010 0111 0010 0111 0010  .U.P............
00004a70: 0111 0010 0055 ff50 0055 ff50 0111 0010  .....U.P.U.P....
00004a80: 0111 0110 0000 0000 0000 0000 0000 0000  ................
00004a90: 0000 0000 0000 0000 0000 0000 0000 0000  ................
00004aa0: 0000 0000 0000 0000 0000 0000 0000 0000  ................
00004ab0: 0000 0000 0000 0000 0000 0000 0000 0000  ................
00004ac0: 0000 0000 0000 0000 0000 0000 0000 0000  ................
00004ad0: 0000 0000 f401 1b20 ff01 1b20 ba81 1700  ....... ... ....
00004ae0: ba81 1700 ee01 1b20 f301 1b20 e401 1b20  ....... ... ... 
00004af0: e301 1b20 ba81 1700 b781 1700 df01 1b20  ... ........... 
00004b00: 2201 0b60 0000 00e0 0000 00e0 0000 00e0  "..`............
00004b10: 0000 00e0 0000 00e0 0000 00e0 0000 00e0  ................
00004b20: 0000 00e0 0000 00e0 0000 00e0 0000 00e0  ................
00004b30: 0000 00e0 0000 00e0 0000 00e0 0000 00e0  ................
00004b40: 0000 00e0 0000 00e0 0000 00e0 0000 00e0  ................
00004b50: 0000 00e0 0000 00e0 0000 00e0 0000 00e0  ................
00004b60: 0000 00e0 0000 00e0 0000 00e0 0000 00e0  ................
00004b70: 0000 00e0 0000 00e0 0000 00e0 0000 00e0  ................
00004b80: 0000 00e0 0000 00e0 0000 00e0 0000 00e0  ................
00004b90: 0000 00e0 f429 0428 0000 e000 0000 e000  .....).(........
00004ba0: 0000 0000 0000 0000 8530 0000 8000 c0c1  .........0......
00004bb0: 8530 0000 8000 c0c1 c089 2d27 0000 0000  .0........-'....
00004bc0: 0000 0000 c089 2d27 c089 2d27 9f02 0000  ......-'..-'....
00004bd0: f401 1b20 ff01 1b20 ba81 1700 ba81 1700  ... ... ........
00004be0: ee01 1b20 f301 1b20 e401 1b20 e301 1b20  ... ... ... ... 
00004bf0: ba81 1700 b781 1700 df01 1b20 2201 0b60  ........... "..`
00004c00: 0000 00e0 0000 00e0 0000 00e0 0000 00e0  ................
00004c10: f429 0428 9f02 0000 f401 1b20 ff01 1b20  .).(....... ... 
00004c20: ba81 1700 ba81 1700 ee01 1b20 f301 1b20  ........... ... 
00004c30: e401 1b20 e301 1b20 ba81 1700 b781 1700  ... ... ........
00004c40: df01 1b20 2201 0b60 0000 00e0 0000 00e0  ... "..`........
00004c50: 0000 00e0 0000 00e0 f429 0428 9f02 0000  .........).(....
00004c60: 0000 0000 0100 0000 0100 0000 0000 0000  ................
00004c70: 0000 0000 0000 0000 0000 0000 0000 0000  ................
00004c80: 0000 0000 0000 0000 b700 0000 0000 0000  ................
00004c90: 0000 0000 b700 0000 0000 0000 0000 0000  ................
00004ca0: b7b7 0000 0000 0000 f000 0000 0000 0000  ................
00004cb0: 0000 0004 4900 0000 0200 0000 ffff ffff  ....I...........
00004cc0: 0000 0000 0000 0000 1f00 0000 b700 b700  ................
00004cd0: 0000 0000 0000 0010 000c 3c43 0100 0003  ..........<C....
00004ce0: 0000 0000 0000 0000 0000 0000 3340 4000  ............3@@.
00004cf0: b700 0000 0000 0000 0000 0000 0000 0000  ................
00004d00: 0000 0000 0000 0000 0a00 0000 0030 0802  .............0..
00004d10: 0400 0000 0400 0000 0400 0000 0400 0000  ................
00004d20: 0400 0000 0400 0000 0400 0000 0400 0000  ................
00004d30: 0400 0000 0400 0000 0400 0000 0400 0000  ................
00004d40: 0000 0000 0000 0000 0000 0000 0000 0000  ................
00004d50: 0000 0000 01ff 0080 0000 3011 0000 3000  ..........0...0.
00004d60: 0000 f077 0000 f077 0000 3011 0000 3011  ...w...w..0...0.
00004d70: 0000 3000 0000 3011 0000 f077 0000 f066  ..0...0....w...f
00004d80: 0000 3011 0000 3000 0000 0000 0000 0000  ..0...0.........
00004d90: 0000 0000 0000 0000 0d57 0040 0000 0000  .........W.@....
00004da0: 0c42 0040 0c42 0040 0d57 0040 0d57 0040  .B.@.B.@.W.@.W.@
00004db0: 0000 0000 0d58 0040 0c42 0040 0c42 0040  .....X.@.B.@.B.@
00004dc0: 0d57 0040 0000 0000 01ff 0080 01ff 0080  .W.@............
00004dd0: 01ff 0080 01ff 0080 0000 0000 0000 0000  ................
00004de0: 0000 0000 0000 0000 0000 0000 0000 0000  ................
00004df0: 0000 0000 0000 0000 0000 0000 0000 0000  ................
00004e00: 0000 0000 0000 0000 0000 0000 0000 0000  ................
00004e10: 0000 0000 0000 0000 4000 0000 4000 0000  ........@...@...
00004e20: 4040 4040 4040 4040 4000 0000 4000 0000  @@@@@@@@@...@...
00004e30: 4000 0000 4000 0000 4040 4040 4040 4040  @...@...@@@@@@@@
00004e40: 4000 0000 4000 0000 0000 0000 0000 0000  @...@...........
00004e50: 0000 0000 0000 0000 0111 0010 0111 0110  ................
00004e60: 0055 ff50 0055 ff50 0111 0010 0111 0010  .U.P.U.P........
00004e70: 0111 0010 0111 0010 0055 ff50 0055 ff50  .........U.P.U.P
00004e80: 0111 0010 0111 0110 0000 0000 0000 0000  ................
00004e90: 0000 0000 0000 0000 0000 0000 e021 0300  .............!..
00004ea0: 0000 0020 2808 0000 0010 0010 0000 0000  ... (...........
00004eb0: 0000 0000 0000 0000 0000 0000 0000 0000  ................
00004ec0: 1032 5476 98ba dcfe 7400 0000 0800 0080  .2Tv....t.......
00004ed0: 0000 7b00 0000 0000 0000 0000 0100 0000  ..{.............
00004ee0: 0c00 0000 0000 0000 ffff ffff ffff ffff  ................
00004ef0: 0600 0200 4668 ffff 0290 fdff 0000 0000  ....Fh..........
00004f00: 0600 0000 0000 0200 0600 0200 0000 0200  ................
00004f10: 0000 0200 0600 0000 0600 0000 ffff ffff  ................
00004f20: ffff ffff 0000 0000 0000 0000 0000 0000  ................
00004f30: 0000 0000 0000 0000 4167 01c0 8080 fdff  ........Ag......
00004f40: 0000 0000 0600 0200 ff7f 0000 ff7f 0000  ................
00004f50: 0000 0000 0300 0000 0300 0000 0000 0000  ................
00004f60: 0000 0000 0000 0000 0000 0000 0000 0000  ................
00004f70: 0000 0000 0000 0000 0000 0000 0000 0000  ................
00004f80: 0000 0000 0000 0000 0000 0000 0000 0000  ................
00004f90: 0000 0000 0000 0000 0700 0000 0300 0000  ................
00004fa0: 0000 0000 0000 0000 0000 0000 0000 0000  ................
00004fb0: 0000 0000 0000 0000 0000 0000 0000 0000  ................
00004fc0: 0000 0000 0000 0000 0000 0000 0000 0000  ................
00004fd0: 0000 0000 0000 0000 0000 0000 0000 0000  ................
00004fe0: 0000 0000 0000 0000 0000 0000 0800 0000  ................
00004ff0: 0800 0000 0800 0000 0800 0000 0800 0000  ................
00005000: 0800 0000 0800 0000 0800 0000 0800 0000  ................
00005010: 0800 0000 0800 0000 0800 0000 0800 0000  ................
00005020: 0800 0000 0800 0000 0800 0000 0800 0000  ................
00005030: 0800 0000 0800 0000 0800 0000 0800 0000  ................
00005040: 0800 0000 0800 0000 0800 0000 0800 0000  ................
00005050: 0800 0000 0800 0000 0800 0000 0800 0000  ................
00005060: 0800 0000 0800 0000 0800 0000 0800 0000  ................
00005070: 0800 0000 0800 0000 0800 0000 0800 0000  ................
00005080: 0800 0000 0800 0000 0800 0000 0800 0000  ................
00005090: 0800 0000 0800 0000 0800 0000 0c00 0000  ................
000050a0: 0c00 0000 0800 0000 0000 0000 0000 0000  ................
000050b0: 0000 0000 0000 0000 0000 0000 0000 0000  ................
000050c0: 0000 0000 0000 0000 0000 0000 0000 0000  ................
000050d0: 0000 0000 0000 0000 0000 0000 0000 0000  ................
000050e0: 0000 0000 0000 0000 0000 0000 0000 0000  ................
000050f0: 0000 0000 0000 0000 0000 0000 0000 0000  ................
00005100: 0000 0000 0000 0000 0000 0000 0000 0000  ................
00005110: 0000 0000 0000 0000 0000 0000 0000 0000  ................
00005120: 0000 0000 0000 0000 0000 0000 0000 0000  ................
00005130: 0000 0000 0000 0000 0000 0000 0000 0000  ................
00005140: 0000 0000 0000 0000 0000 0000 0000 0000  ................
00005150: 0000 0000 0000 0000 0000 0000 0000 0000  ................
00005160: 0000 0000 0000 0000 0000 0000 0000 0000  ................
00005170: 0000 0000 0000 0000 0000 0000 0000 0000  ................
00005180: 0000 0000 0000 0000 0000 0000 0000 0000  ................
00005190: 0000 0000 0000 0000 0000 0000 0000 0000  ................
000051a0: 0000 0000 0000 0000 0000 0000 0000 0000  ................
000051b0: 0000 0000 ffff ffff ff7f 0000 0000 0000  ................
000051c0: 0000 0000 0600 0200 0000 0000 0000 0000  ................
000051d0: 0000 0000 0200 0000 0000 0000 1000 0000  ................
000051e0: 1000 0100 1221 3100 0000 0000 3020 1440  .....!1.....0 .@
000051f0: ff1f 0000 0119 0f00 0400 0000 0000 0000  ................
00005200: 0200 0000 efbe adde efbe adde efbe adde  ................
00005210: efbe adde efbe adde efbe adde efbe adde  ................
00005220: efbe adde efbe adde efbe adde efbe adde  ................
00005230: efbe adde efbe adde efbe adde efbe adde  ................
00005240: efbe adde efbe adde efbe adde efbe adde  ................
00005250: efbe adde efbe adde efbe adde efbe adde  ................
00005260: efbe adde efbe adde efbe adde efbe adde  ................
00005270: efbe adde efbe adde efbe adde efbe adde  ................
00005280: efbe adde efbe adde efbe adde efbe adde  ................
00005290: efbe adde efbe adde efbe adde efbe adde  ................
000052a0: efbe adde efbe adde efbe adde efbe adde  ................
000052b0: efbe adde efbe adde efbe adde efbe adde  ................
000052c0: efbe adde efbe adde efbe adde efbe adde  ................
000052d0: efbe adde efbe adde efbe adde efbe adde  ................
000052e0: efbe adde efbe adde efbe adde efbe adde  ................
000052f0: efbe adde efbe adde efbe adde efbe adde  ................
00005300: efbe adde efbe adde efbe adde efbe adde  ................
00005310: efbe adde efbe adde efbe adde efbe adde  ................
00005320: efbe adde efbe adde efbe adde efbe adde  ................
00005330: efbe adde efbe adde efbe adde efbe adde  ................
00005340: efbe adde efbe adde efbe adde efbe adde  ................
00005350: efbe adde efbe adde efbe adde efbe adde  ................
00005360: efbe adde efbe adde efbe adde efbe adde  ................
00005370: efbe adde efbe adde efbe adde efbe adde  ................
00005380: efbe adde efbe adde efbe adde efbe adde  ................
00005390: efbe adde efbe adde efbe adde efbe adde  ................
000053a0: efbe adde efbe adde efbe adde efbe adde  ................
000053b0: efbe adde efbe adde efbe adde efbe adde  ................
000053c0: efbe adde efbe adde efbe adde efbe adde  ................
000053d0: efbe adde efbe adde efbe adde efbe adde  ................
000053e0: efbe adde efbe adde efbe adde efbe adde  ................
000053f0: efbe adde efbe adde efbe adde efbe adde  ................
00005400: efbe adde efbe adde efbe adde efbe adde  ................
00005410: efbe adde efbe adde efbe adde efbe adde  ................
00005420: efbe adde efbe adde efbe adde efbe adde  ................
00005430: efbe adde efbe adde efbe adde efbe adde  ................
00005440: efbe adde efbe adde efbe adde efbe adde  ................
00005450: efbe adde efbe adde efbe adde efbe adde  ................
00005460: efbe adde efbe adde efbe adde efbe adde  ................
00005470: efbe adde efbe adde efbe adde efbe adde  ................
00005480: efbe adde efbe adde efbe adde efbe adde  ................
00005490: efbe adde efbe adde efbe adde efbe adde  ................
000054a0: efbe adde efbe adde efbe adde efbe adde  ................
000054b0: efbe adde efbe adde efbe adde efbe adde  ................
000054c0: efbe adde efbe adde efbe adde efbe adde  ................
000054d0: efbe adde efbe adde efbe adde efbe adde  ................
000054e0: efbe adde efbe adde efbe adde efbe adde  ................
000054f0: efbe adde efbe adde efbe adde efbe adde  ................
00005500: efbe adde efbe adde efbe adde efbe adde  ................
00005510: efbe adde efbe adde efbe adde efbe adde  ................
00005520: efbe adde efbe adde efbe adde efbe adde  ................
00005530: efbe adde efbe adde efbe adde efbe adde  ................
00005540: efbe adde efbe adde efbe adde efbe adde  ................
00005550: efbe adde efbe adde efbe adde efbe adde  ................
00005560: efbe adde efbe adde efbe adde efbe adde  ................
00005570: efbe adde efbe adde efbe adde efbe adde  ................
00005580: efbe adde efbe adde efbe adde 02f1 073e  ...............>
00005590: c203 0000 efbe adde efbe adde efbe adde  ................
000055a0: efbe adde efbe adde efbe adde efbe adde  ................
000055b0: efbe adde efbe adde efbe adde efbe adde  ................
000055c0: efbe adde efbe adde efbe adde efbe adde  ................
000055d0: efbe adde efbe adde efbe adde efbe adde  ................
000055e0: efbe adde efbe adde efbe adde efbe adde  ................
000055f0: efbe adde efbe adde efbe adde efbe adde  ................
00005600: efbe adde efbe adde efbe adde efbe adde  ................
00005610: efbe adde efbe adde efbe adde efbe adde  ................
00005620: efbe adde efbe adde efbe adde efbe adde  ................
00005630: efbe adde efbe adde efbe adde efbe adde  ................
00005640: efbe adde efbe adde efbe adde efbe adde  ................
00005650: efbe adde efbe adde efbe adde efbe adde  ................
00005660: efbe adde efbe adde efbe adde efbe adde  ................
00005670: efbe adde efbe adde efbe adde efbe adde  ................
00005680: efbe adde efbe adde efbe adde efbe adde  ................
00005690: efbe adde efbe adde efbe adde efbe adde  ................
000056a0: efbe adde efbe adde efbe adde efbe adde  ................
000056b0: efbe adde efbe adde efbe adde efbe adde  ................
000056c0: efbe adde efbe adde efbe adde efbe adde  ................
000056d0: efbe adde efbe adde efbe adde efbe adde  ................
000056e0: efbe adde efbe adde efbe adde efbe adde  ................
000056f0: efbe adde efbe adde efbe adde efbe adde  ................
00005700: efbe adde efbe adde efbe adde efbe adde  ................
00005710: efbe adde efbe adde efbe adde efbe adde  ................
00005720: efbe adde efbe adde efbe adde efbe adde  ................
00005730: efbe adde efbe adde efbe adde efbe adde  ................
00005740: efbe adde efbe adde efbe adde efbe adde  ................
00005750: efbe adde efbe adde efbe adde efbe adde  ................
00005760: efbe adde efbe adde efbe adde efbe adde  ................
00005770: efbe adde efbe adde efbe adde efbe adde  ................
00005780: efbe adde efbe adde efbe adde efbe adde  ................
00005790: efbe adde efbe adde efbe adde efbe adde  ................
000057a0: efbe adde efbe adde efbe adde efbe adde  ................
000057b0: efbe adde efbe adde efbe adde efbe adde  ................
000057c0: efbe adde efbe adde efbe adde efbe adde  ................
000057d0: efbe adde efbe adde efbe adde efbe adde  ................
000057e0: efbe adde efbe adde efbe adde efbe adde  ................
000057f0: efbe adde efbe adde efbe adde efbe adde  ................
00005800: efbe adde efbe adde efbe adde efbe adde  ................
00005810: efbe adde efbe adde efbe adde efbe adde  ................
00005820: efbe adde efbe adde efbe adde efbe adde  ................
00005830: efbe adde efbe adde efbe adde efbe adde  ................
00005840: efbe adde efbe adde efbe adde efbe adde  ................
00005850: efbe adde efbe adde efbe adde efbe adde  ................
00005860: efbe adde efbe adde efbe adde efbe adde  ................
00005870: efbe adde efbe adde efbe adde efbe adde  ................
00005880: efbe adde efbe adde efbe adde efbe adde  ................
00005890: efbe adde efbe adde efbe adde efbe adde  ................
000058a0: efbe adde efbe adde efbe adde efbe adde  ................
000058b0: efbe adde efbe adde efbe adde efbe adde  ................
000058c0: efbe adde efbe adde efbe adde efbe adde  ................
000058d0: efbe adde efbe adde efbe adde efbe adde  ................
000058e0: efbe adde efbe adde efbe adde efbe adde  ................
000058f0: efbe adde efbe adde efbe adde efbe adde  ................
00005900: efbe adde efbe adde efbe adde efbe adde  ................
00005910: efbe adde efbe adde efbe adde efbe adde  ................
00005920: efbe adde efbe adde efbe adde efbe adde  ................
00005930: efbe adde efbe adde efbe adde efbe adde  ................
00005940: efbe adde efbe adde efbe adde efbe adde  ................
00005950: efbe adde efbe adde efbe adde efbe adde  ................
00005960: efbe adde efbe adde efbe adde efbe adde  ................
00005970: efbe adde efbe adde efbe adde efbe adde  ................
00005980: efbe adde efbe adde efbe adde efbe adde  ................
00005990: efbe adde efbe adde efbe adde efbe adde  ................
000059a0: efbe adde efbe adde efbe adde efbe adde  ................
000059b0: efbe adde efbe adde efbe adde efbe adde  ................
000059c0: efbe adde efbe adde efbe adde efbe adde  ................
000059d0: efbe adde efbe adde efbe adde efbe adde  ................
000059e0: efbe adde efbe adde efbe adde efbe adde  ................
000059f0: efbe adde efbe adde efbe adde efbe adde  ................
00005a00: efbe adde efbe adde efbe adde efbe adde  ................
00005a10: efbe adde efbe adde efbe adde efbe adde  ................
00005a20: efbe adde efbe adde efbe adde efbe adde  ................
00005a30: efbe adde efbe adde efbe adde efbe adde  ................
00005a40: efbe adde efbe adde efbe adde efbe adde  ................
00005a50: efbe adde efbe adde efbe adde efbe adde  ................
00005a60: efbe adde efbe adde efbe adde efbe adde  ................
00005a70: efbe adde efbe adde efbe adde efbe adde  ................
00005a80: efbe adde efbe adde efbe adde efbe adde  ................
00005a90: efbe adde efbe adde efbe adde efbe adde  ................
00005aa0: efbe adde efbe adde efbe adde efbe adde  ................
00005ab0: efbe adde efbe adde efbe adde efbe adde  ................
00005ac0: efbe adde efbe adde efbe adde efbe adde  ................
00005ad0: efbe adde efbe adde efbe adde efbe adde  ................
00005ae0: efbe adde efbe adde efbe adde efbe adde  ................
00005af0: efbe adde efbe adde efbe adde efbe adde  ................
00005b00: efbe adde efbe adde efbe adde efbe adde  ................
00005b10: efbe adde efbe adde efbe adde efbe adde  ................
00005b20: efbe adde efbe adde efbe adde efbe adde  ................
00005b30: efbe adde efbe adde efbe adde efbe adde  ................
00005b40: efbe adde efbe adde efbe adde efbe adde  ................
00005b50: efbe adde efbe adde efbe adde efbe adde  ................
00005b60: efbe adde efbe adde efbe adde efbe adde  ................
00005b70: efbe adde efbe adde efbe adde efbe adde  ................
00005b80: efbe adde efbe adde efbe adde efbe adde  ................
00005b90: efbe adde efbe adde efbe adde efbe adde  ................
00005ba0: efbe adde efbe adde efbe adde efbe adde  ................
00005bb0: efbe adde efbe adde efbe adde efbe adde  ................
00005bc0: efbe adde efbe adde efbe adde efbe adde  ................
00005bd0: efbe adde efbe adde efbe adde efbe adde  ................
00005be0: efbe adde efbe adde efbe adde efbe adde  ................
00005bf0: efbe adde efbe adde efbe adde efbe adde  ................
00005c00: efbe adde efbe adde efbe adde efbe adde  ................
00005c10: efbe adde efbe adde efbe adde efbe adde  ................
00005c20: efbe adde efbe adde efbe adde efbe adde  ................
00005c30: efbe adde efbe adde efbe adde efbe adde  ................
00005c40: efbe adde efbe adde efbe adde efbe adde  ................
00005c50: efbe adde efbe adde efbe adde efbe adde  ................
00005c60: efbe adde efbe adde efbe adde efbe adde  ................
00005c70: efbe adde efbe adde efbe adde efbe adde  ................
00005c80: efbe adde efbe adde efbe adde efbe adde  ................
00005c90: efbe adde efbe adde efbe adde efbe adde  ................
00005ca0: efbe adde efbe adde efbe adde efbe adde  ................
00005cb0: efbe adde efbe adde efbe adde efbe adde  ................
00005cc0: efbe adde efbe adde efbe adde efbe adde  ................
00005cd0: efbe adde efbe adde efbe adde efbe adde  ................
00005ce0: efbe adde efbe adde efbe adde efbe adde  ................
00005cf0: efbe adde efbe adde efbe adde efbe adde  ................
00005d00: efbe adde efbe adde efbe adde efbe adde  ................
00005d10: efbe adde efbe adde efbe adde efbe adde  ................
00005d20: efbe adde efbe adde efbe adde efbe adde  ................
00005d30: efbe adde efbe adde efbe adde efbe adde  ................
00005d40: efbe adde efbe adde efbe adde efbe adde  ................
00005d50: efbe adde efbe adde efbe adde efbe adde  ................
00005d60: efbe adde efbe adde efbe adde efbe adde  ................
00005d70: efbe adde efbe adde efbe adde efbe adde  ................
00005d80: efbe adde efbe adde efbe adde efbe adde  ................
00005d90: efbe adde efbe adde efbe adde efbe adde  ................
00005da0: efbe adde efbe adde efbe adde efbe adde  ................
00005db0: efbe adde efbe adde efbe adde efbe adde  ................
00005dc0: efbe adde efbe adde efbe adde efbe adde  ................
00005dd0: efbe adde efbe adde efbe adde efbe adde  ................
00005de0: efbe adde efbe adde efbe adde efbe adde  ................
00005df0: efbe adde efbe adde efbe adde efbe adde  ................
00005e00: efbe adde efbe adde efbe adde efbe adde  ................
00005e10: efbe adde efbe adde efbe adde efbe adde  ................
00005e20: efbe adde efbe adde efbe adde efbe adde  ................
00005e30: efbe adde efbe adde efbe adde efbe adde  ................
00005e40: efbe adde efbe adde efbe adde efbe adde  ................
00005e50: efbe adde efbe adde efbe adde efbe adde  ................
00005e60: efbe adde efbe adde efbe adde efbe adde  ................
00005e70: efbe adde efbe adde efbe adde efbe adde  ................
00005e80: efbe adde efbe adde efbe adde efbe adde  ................
00005e90: efbe adde efbe adde efbe adde efbe adde  ................
00005ea0: efbe adde efbe adde efbe adde efbe adde  ................
00005eb0: efbe adde efbe adde efbe adde efbe adde  ................
00005ec0: efbe adde efbe adde efbe adde efbe adde  ................
00005ed0: efbe adde efbe adde efbe adde efbe adde  ................
00005ee0: efbe adde efbe adde efbe adde efbe adde  ................
00005ef0: efbe adde efbe adde efbe adde efbe adde  ................
00005f00: efbe adde efbe adde efbe adde efbe adde  ................
00005f10: efbe adde efbe adde efbe adde efbe adde  ................
00005f20: efbe adde efbe adde efbe adde efbe adde  ................
00005f30: efbe adde efbe adde efbe adde efbe adde  ................
00005f40: efbe adde efbe adde efbe adde efbe adde  ................
00005f50: efbe adde efbe adde efbe adde efbe adde  ................
00005f60: efbe adde efbe adde efbe adde efbe adde  ................
00005f70: efbe adde efbe adde efbe adde efbe adde  ................
00005f80: efbe adde efbe adde efbe adde efbe adde  ................
00005f90: efbe adde efbe adde efbe adde efbe adde  ................
00005fa0: efbe adde efbe adde efbe adde efbe adde  ................
00005fb0: efbe adde efbe adde efbe adde efbe adde  ................
00005fc0: efbe adde efbe adde efbe adde efbe adde  ................
00005fd0: efbe adde efbe adde efbe adde efbe adde  ................
00005fe0: efbe adde efbe adde efbe adde efbe adde  ................
00005ff0: efbe adde efbe adde efbe adde efbe adde  ................
00006000: efbe adde efbe adde efbe adde efbe adde  ................
00006010: efbe adde efbe adde efbe adde efbe adde  ................
00006020: efbe adde efbe adde efbe adde efbe adde  ................
00006030: efbe adde efbe adde efbe adde efbe adde  ................
00006040: efbe adde efbe adde efbe adde efbe adde  ................
00006050: efbe adde efbe adde efbe adde efbe adde  ................
00006060: efbe adde efbe adde efbe adde efbe adde  ................
00006070: efbe adde efbe adde efbe adde efbe adde  ................
00006080: efbe adde efbe adde efbe adde efbe adde  ................
00006090: efbe adde efbe adde efbe adde efbe adde  ................
000060a0: efbe adde efbe adde efbe adde efbe adde  ................
000060b0: efbe adde efbe adde efbe adde efbe adde  ................
000060c0: efbe adde efbe adde efbe adde efbe adde  ................
000060d0: efbe adde efbe adde efbe adde efbe adde  ................
000060e0: efbe adde efbe adde efbe adde efbe adde  ................
000060f0: efbe adde efbe adde efbe adde efbe adde  ................
00006100: efbe adde efbe adde efbe adde efbe adde  ................
00006110: efbe adde efbe adde efbe adde efbe adde  ................
00006120: efbe adde efbe adde efbe adde efbe adde  ................
00006130: efbe adde efbe adde efbe adde efbe adde  ................
00006140: efbe adde efbe adde efbe adde 962a 2181  .............*!.
00006150: ed09 9649 9471 8d72 9c8e 69ed 0100 0000  ...I.q.r..i.....
00006160: 0003 0000 2020 0000 0000 0000 0000 0000  ....  ..........
00006170: 0000 0000 0000 0000 0000 0000 0000 0000  ................
00006180: 0000 0000 0000 0000 0000 0000 0000 0000  ................
00006190: 0000 0000 0202 0000 0000 0000 0000 0000  ................
000061a0: 0000 0000 11f3 878f 98c9 9e4d a0c4 6065  ...........M..`e
000061b0: 518c 4f6d 02f1 0708 0008 0000 0000 0000  Q.Om............
000061c0: 0000 0000 0000 0000 0000 0000 0000 0000  ................
000061d0: 0000 0000 0000 0000 0000 0000 0000 0000  ................
000061e0: 0000 0000 0000 0000 0000 0000 0000 0000  ................
000061f0: 0000 0000 0000 0000 0000 0000 0000 0000  ................
00006200: 0000 0000 0000 0000 0000 0000 0000 0000  ................
00006210: 0000 0000 0000 0000 0000 0000 0000 0000  ................
00006220: 0000 0000 0000 0000 0000 0000 0000 0000  ................
00006230: 0000 0000 0000 0000 0000 0000 0000 0000  ................
00006240: 0000 0000 0000 0000 0000 0000 0000 0000  ................
00006250: 0000 0000 0000 0000 0000 0000 0000 0000  ................
00006260: 0000 0000 0000 0000 0000 0000 0000 0000  ................
00006270: 0000 0000 0000 0000 0000 0000 0008 0000  ................
00006280: 0000 0000 0701 0701 0103 0208 5040 0100  ............P@..
00006290: 0000 0000 0000 0000 0080 0000 0000 0000  ................
000062a0: 0000 0000 0000 0000 0000 0000 c006 0800  ................
000062b0: 0000 0000 0000 0000 0000 0000 0000 0000  ................
000062c0: 0000 0000 0000 0000 0000 01f0 1000 0800  ................
000062d0: 0100 0000 0100 0000 0000 0000 0000 0000  ................
000062e0: 0000 0000 0000 0000 0000 0000 0000 0000  ................
000062f0: 0000 0000 0000 0000 0000 0000 0010 0000  ................
00006300: 0000 0000 0000 0000 0000 0000 0000 0000  ................
00006310: 0000 0000 0000 0000 0000 0000 0000 0000  ................
00006320: 0000 0000 0048 0000 fa27 0071 ffe7 0149  .....H...'.q...I
00006330: fe37 026d ff87 0281 fe47 0082 0300 0000  .7.m.....G......
00006340: 0000 0000 0300 0000 0000 0000 0300 0000  ................
00006350: 0000 0000 0300 0000 0000 0000 1200 0000  ................
00006360: 0000 0000 0300 0000 0000 0000 0100 0040  ...............@
00006370: 0000 0000 0100 0040 0000 0000 0100 0040  .......@.......@
00006380: 0000 0000 0100 0040 0000 0000 0100 0040  .......@.......@
00006390: 0000 0000 0100 0040 0000 0000 0100 0040  .......@.......@
000063a0: 0000 0000 0100 0040 0000 0000 0000 000c  .......@........
000063b0: 0000 000c 0000 000c 0000 000c 0000 000c  ................
000063c0: 0000 000c 0000 000c 0000 000c 0000 0000  ................
000063d0: 0000 0000 0000 0000 0000 0000 0000 0000  ................
000063e0: 0000 0000 0000 0000 0000 0000 0000 0000  ................
000063f0: 0000 0000 0000 0000 0000 0000 0000 0000  ................
00006400: 0000 0000 0000 0000 0000 0000 8600 0080  ................
00006410: 3808 0000 8600 0080 3808 0000 8600 0080  8.......8.......
00006420: 3800 0000 8600 0080 3808 0000 8600 0080  8.......8.......
00006430: 3800 0000 8600 0080 3808 0000 8600 0080  8.......8.......
00006440: 3800 0000 8600 0080 3808 0000 400e f1fe  8.......8...@...
00006450: 0000 0000 0075 f1fe 0000 0000 0075 fdfe  .....u.......u..
00006460: 0000 0000 0024 f1fe 0000 0000 800e f5fe  .....$..........
00006470: 0000 0000 400e f5fe 0000 0000 400e f9fe  ....@.......@...
00006480: 0000 0000 800e f9fe 0000 0000 0300 0000  ................
00006490: 0000 0000 1200 0000 0000 0000 0100 0040  ...............@
000064a0: 0000 0000 0100 0040 0000 0000 0100 0040  .......@.......@
000064b0: 0000 0000 0100 0040 0000 0000 0000 0000  .......@........
000064c0: 0000 0000 0000 0000 0000 0000 0000 0000  ................
000064d0: 0000 0000 0000 0000 0000 0000 0000 0000  ................
000064e0: 0000 0000 0000 0000 0000 0000 0000 0000  ................
000064f0: 0000 0000 0000 0000 0000 0000 0000 0000  ................
00006500: 0000 0000 0000 0000 0000 0000 0000 0000  ................
00006510: 0000 0000 0000 0000 0000 0000 0000 0000  ................
00006520: 0000 0000 0000 0000 0000 0000 efbe adde  ................
00006530: efbe adde efbe adde efbe adde efbe adde  ................
00006540: efbe adde efbe adde efbe adde efbe adde  ................
00006550: efbe adde efbe adde efbe adde efbe adde  ................
00006560: efbe adde efbe adde efbe adde efbe adde  ................
00006570: efbe adde efbe adde efbe adde efbe adde  ................
00006580: efbe adde efbe adde efbe adde efbe adde  ................
00006590: efbe adde efbe adde efbe adde efbe adde  ................
000065a0: efbe adde efbe adde efbe adde efbe adde  ................
000065b0: efbe adde efbe adde efbe adde efbe adde  ................
000065c0: efbe adde efbe adde efbe adde efbe adde  ................
000065d0: efbe adde efbe adde efbe adde efbe adde  ................
000065e0: efbe adde efbe adde efbe adde efbe adde  ................
000065f0: efbe adde efbe adde efbe adde efbe adde  ................
00006600: efbe adde efbe adde efbe adde efbe adde  ................
00006610: efbe adde efbe adde efbe adde efbe adde  ................
00006620: efbe adde efbe adde efbe adde efbe adde  ................
00006630: efbe adde efbe adde efbe adde efbe adde  ................
00006640: efbe adde efbe adde efbe adde efbe adde  ................
00006650: efbe adde efbe adde efbe adde efbe adde  ................
00006660: efbe adde efbe adde efbe adde efbe adde  ................
00006670: efbe adde efbe adde efbe adde efbe adde  ................
00006680: efbe adde efbe adde efbe adde efbe adde  ................
00006690: efbe adde efbe adde efbe adde efbe adde  ................
000066a0: efbe adde efbe adde efbe adde efbe adde  ................
000066b0: efbe adde efbe adde efbe adde efbe adde  ................
000066c0: efbe adde efbe adde efbe adde efbe adde  ................
000066d0: efbe adde efbe adde efbe adde efbe adde  ................
000066e0: efbe adde efbe adde efbe adde efbe adde  ................
000066f0: efbe adde efbe adde efbe adde efbe adde  ................
00006700: efbe adde efbe adde efbe adde efbe adde  ................
00006710: efbe adde efbe adde efbe adde efbe adde  ................
00006720: efbe adde efbe adde efbe adde efbe adde  ................
00006730: efbe adde efbe adde efbe adde efbe adde  ................
00006740: efbe adde efbe adde efbe adde efbe adde  ................
00006750: efbe adde efbe adde efbe adde efbe adde  ................
00006760: efbe adde efbe adde efbe adde efbe adde  ................
00006770: efbe adde efbe adde efbe adde efbe adde  ................
00006780: efbe adde efbe adde efbe adde efbe adde  ................
00006790: efbe adde efbe adde efbe adde efbe adde  ................
000067a0: efbe adde efbe adde efbe adde efbe adde  ................
000067b0: efbe adde efbe adde efbe adde efbe adde  ................
000067c0: efbe adde efbe adde efbe adde efbe adde  ................
000067d0: efbe adde efbe adde efbe adde efbe adde  ................
000067e0: efbe adde efbe adde efbe adde efbe adde  ................
000067f0: efbe adde efbe adde efbe adde efbe adde  ................
00006800: efbe adde efbe adde efbe adde efbe adde  ................
00006810: efbe adde efbe adde efbe adde efbe adde  ................
00006820: efbe adde efbe adde efbe adde efbe adde  ................
00006830: efbe adde efbe adde efbe adde efbe adde  ................
00006840: efbe adde efbe adde efbe adde efbe adde  ................
00006850: efbe adde efbe adde efbe adde efbe adde  ................
00006860: efbe adde efbe adde efbe adde efbe adde  ................
00006870: efbe adde efbe adde efbe adde efbe adde  ................
00006880: efbe adde efbe adde efbe adde efbe adde  ................
00006890: efbe adde efbe adde efbe adde efbe adde  ................
000068a0: efbe adde efbe adde efbe adde efbe adde  ................
000068b0: efbe adde efbe adde efbe adde efbe adde  ................
000068c0: efbe adde efbe adde efbe adde efbe adde  ................
000068d0: efbe adde efbe adde efbe adde efbe adde  ................
000068e0: efbe adde efbe adde efbe adde efbe adde  ................
000068f0: efbe adde efbe adde efbe adde efbe adde  ................
00006900: efbe adde efbe adde efbe adde efbe adde  ................
00006910: efbe adde efbe adde efbe adde efbe adde  ................
00006920: efbe adde efbe adde efbe adde efbe adde  ................
00006930: efbe adde efbe adde efbe adde efbe adde  ................
00006940: efbe adde efbe adde efbe adde efbe adde  ................
00006950: efbe adde efbe adde efbe adde efbe adde  ................
00006960: efbe adde efbe adde efbe adde efbe adde  ................
00006970: efbe adde efbe adde efbe adde efbe adde  ................
00006980: efbe adde efbe adde efbe adde efbe adde  ................
00006990: efbe adde efbe adde efbe adde efbe adde  ................
000069a0: efbe adde efbe adde efbe adde efbe adde  ................
000069b0: efbe adde efbe adde efbe adde efbe adde  ................
000069c0: efbe adde efbe adde efbe adde efbe adde  ................
000069d0: efbe adde efbe adde efbe adde efbe adde  ................
000069e0: efbe adde efbe adde efbe adde efbe adde  ................
000069f0: efbe adde efbe adde efbe adde efbe adde  ................
00006a00: efbe adde efbe adde efbe adde efbe adde  ................
00006a10: efbe adde efbe adde efbe adde efbe adde  ................
00006a20: efbe adde efbe adde efbe adde efbe adde  ................
00006a30: efbe adde efbe adde efbe adde efbe adde  ................
00006a40: efbe adde efbe adde efbe adde efbe adde  ................
00006a50: efbe adde efbe adde efbe adde efbe adde  ................
00006a60: efbe adde efbe adde efbe adde efbe adde  ................
00006a70: efbe adde efbe adde efbe adde efbe adde  ................
00006a80: efbe adde efbe adde efbe adde efbe adde  ................
00006a90: efbe adde efbe adde efbe adde efbe adde  ................
00006aa0: efbe adde efbe adde efbe adde efbe adde  ................
00006ab0: efbe adde efbe adde efbe adde efbe adde  ................
00006ac0: efbe adde efbe adde efbe adde efbe adde  ................
00006ad0: efbe adde efbe adde efbe adde efbe adde  ................
00006ae0: efbe adde efbe adde efbe adde efbe adde  ................
00006af0: efbe adde efbe adde efbe adde efbe adde  ................
00006b00: efbe adde efbe adde efbe adde efbe adde  ................
00006b10: efbe adde efbe adde efbe adde efbe adde  ................
00006b20: efbe adde efbe adde efbe adde efbe adde  ................
00006b30: efbe adde efbe adde efbe adde efbe adde  ................
00006b40: efbe adde efbe adde efbe adde efbe adde  ................
00006b50: efbe adde efbe adde efbe adde efbe adde  ................
00006b60: efbe adde efbe adde efbe adde efbe adde  ................
00006b70: efbe adde efbe adde efbe adde efbe adde  ................
00006b80: efbe adde efbe adde efbe adde efbe adde  ................
00006b90: efbe adde efbe adde efbe adde efbe adde  ................
00006ba0: efbe adde efbe adde efbe adde efbe adde  ................
00006bb0: efbe adde efbe adde efbe adde efbe adde  ................
00006bc0: efbe adde efbe adde efbe adde efbe adde  ................
00006bd0: efbe adde efbe adde efbe adde efbe adde  ................
00006be0: efbe adde efbe adde efbe adde efbe adde  ................
00006bf0: efbe adde efbe adde efbe adde efbe adde  ................
00006c00: efbe adde efbe adde efbe adde efbe adde  ................
00006c10: efbe adde efbe adde efbe adde efbe adde  ................
00006c20: efbe adde efbe adde efbe adde efbe adde  ................
00006c30: efbe adde efbe adde efbe adde efbe adde  ................
00006c40: efbe adde efbe adde efbe adde efbe adde  ................
00006c50: efbe adde efbe adde efbe adde efbe adde  ................
00006c60: efbe adde efbe adde efbe adde efbe adde  ................
00006c70: efbe adde efbe adde efbe adde efbe adde  ................
00006c80: efbe adde efbe adde efbe adde efbe adde  ................
00006c90: efbe adde efbe adde efbe adde efbe adde  ................
00006ca0: efbe adde efbe adde efbe adde efbe adde  ................
00006cb0: efbe adde efbe adde efbe adde efbe adde  ................
00006cc0: efbe adde efbe adde efbe adde efbe adde  ................
00006cd0: efbe adde efbe adde efbe adde efbe adde  ................
00006ce0: efbe adde efbe adde efbe adde efbe adde  ................
00006cf0: efbe adde efbe adde efbe adde efbe adde  ................
00006d00: efbe adde efbe adde efbe adde efbe adde  ................
00006d10: efbe adde efbe adde efbe adde efbe adde  ................
00006d20: efbe adde efbe adde efbe adde efbe adde  ................
00006d30: efbe adde efbe adde efbe adde efbe adde  ................
00006d40: efbe adde efbe adde efbe adde efbe adde  ................
00006d50: efbe adde efbe adde efbe adde efbe adde  ................
00006d60: efbe adde efbe adde efbe adde efbe adde  ................
00006d70: efbe adde efbe adde efbe adde efbe adde  ................
00006d80: efbe adde efbe adde efbe adde efbe adde  ................
00006d90: efbe adde efbe adde efbe adde efbe adde  ................
00006da0: efbe adde efbe adde efbe adde efbe adde  ................
00006db0: efbe adde efbe adde efbe adde efbe adde  ................
00006dc0: efbe adde efbe adde efbe adde efbe adde  ................
00006dd0: efbe adde efbe adde efbe adde efbe adde  ................
00006de0: efbe adde efbe adde efbe adde efbe adde  ................
00006df0: efbe adde efbe adde efbe adde efbe adde  ................
00006e00: efbe adde efbe adde efbe adde efbe adde  ................
00006e10: efbe adde efbe adde efbe adde efbe adde  ................
00006e20: efbe adde efbe adde efbe adde efbe adde  ................
00006e30: efbe adde efbe adde efbe adde efbe adde  ................
00006e40: efbe adde efbe adde efbe adde efbe adde  ................
00006e50: efbe adde efbe adde efbe adde efbe adde  ................
00006e60: efbe adde efbe adde efbe adde efbe adde  ................
00006e70: efbe adde efbe adde efbe adde efbe adde  ................
00006e80: efbe adde efbe adde efbe adde efbe adde  ................
00006e90: efbe adde efbe adde efbe adde efbe adde  ................
00006ea0: efbe adde efbe adde efbe adde efbe adde  ................
00006eb0: efbe adde efbe adde efbe adde efbe adde  ................
00006ec0: efbe adde efbe adde efbe adde efbe adde  ................
00006ed0: efbe adde efbe adde efbe adde efbe adde  ................
00006ee0: efbe adde efbe adde efbe adde efbe adde  ................
00006ef0: efbe adde efbe adde efbe adde efbe adde  ................
00006f00: efbe adde efbe adde efbe adde efbe adde  ................
00006f10: efbe adde efbe adde efbe adde efbe adde  ................
00006f20: efbe adde efbe adde efbe adde efbe adde  ................
00006f30: efbe adde efbe adde efbe adde efbe adde  ................
00006f40: efbe adde efbe adde efbe adde efbe adde  ................
00006f50: efbe adde efbe adde efbe adde efbe adde  ................
00006f60: efbe adde efbe adde efbe adde efbe adde  ................
00006f70: efbe adde efbe adde efbe adde efbe adde  ................
00006f80: efbe adde efbe adde efbe adde efbe adde  ................
00006f90: efbe adde efbe adde efbe adde efbe adde  ................
00006fa0: efbe adde efbe adde efbe adde efbe adde  ................
00006fb0: efbe adde efbe adde efbe adde efbe adde  ................
00006fc0: efbe adde efbe adde efbe adde efbe adde  ................
00006fd0: efbe adde efbe adde efbe adde efbe adde  ................
00006fe0: efbe adde efbe adde efbe adde efbe adde  ................
00006ff0: efbe adde efbe adde efbe adde efbe adde  ................
00007000: efbe adde efbe adde efbe adde efbe adde  ................
00007010: efbe adde efbe adde efbe adde efbe adde  ................
00007020: efbe adde efbe adde efbe adde efbe adde  ................
00007030: efbe adde efbe adde efbe adde efbe adde  ................
00007040: efbe adde efbe adde efbe adde efbe adde  ................
00007050: efbe adde efbe adde efbe adde efbe adde  ................
00007060: efbe adde efbe adde efbe adde efbe adde  ................
00007070: efbe adde efbe adde efbe adde efbe adde  ................
00007080: efbe adde efbe adde efbe adde efbe adde  ................
00007090: efbe adde efbe adde efbe adde efbe adde  ................
000070a0: efbe adde efbe adde efbe adde efbe adde  ................
000070b0: efbe adde efbe adde efbe adde efbe adde  ................
000070c0: efbe adde efbe adde efbe adde efbe adde  ................
000070d0: efbe adde efbe adde efbe adde efbe adde  ................
000070e0: efbe adde efbe adde efbe adde efbe adde  ................
000070f0: efbe adde efbe adde efbe adde efbe adde  ................
00007100: efbe adde efbe adde efbe adde efbe adde  ................
00007110: efbe adde efbe adde efbe adde efbe adde  ................
00007120: efbe adde efbe adde efbe adde efbe adde  ................
00007130: efbe adde efbe adde efbe adde efbe adde  ................
00007140: efbe adde efbe adde efbe adde efbe adde  ................
00007150: efbe adde efbe adde efbe adde efbe adde  ................
00007160: efbe adde efbe adde efbe adde efbe adde  ................
00007170: efbe adde efbe adde efbe adde efbe adde  ................
00007180: efbe adde efbe adde efbe adde efbe adde  ................
00007190: efbe adde efbe adde efbe adde efbe adde  ................
000071a0: efbe adde efbe adde efbe adde efbe adde  ................
000071b0: efbe adde fbaf 1148 0100 0000 ba00 0000  .......H........
000071c0: 0041 0000 0000 0000 0000 0000 fbaf 1148  .A.............H
000071d0: 0100 0000 ba00 0000 0041 0000 0000 0000  .........A......
000071e0: 0000 0000 fb4f 1447 fb8f 0147 6003 181e  .....O.G...G`...
000071f0: 0000 0000 6003 181e 0000 0000 0084 8648  ....`..........H
00007200: 70c0 8c61 0000 0020 0000 0000 0400 8082  p..a... ........
00007210: 0000 0000 ac00 0800 0001 0000 0000 0000  ................
00007220: 1041 0000 0f00 0000 fb4f 1447 0000 0000  .A.......O.G....
00007230: 0000 280b 0000 0000 0000 0000 0000 a243  ..(............C
00007240: 74ca 0000 74ca 6de3 0000 0000 0720 0004  t...t.m...... ..
00007250: 0000 0000 0101 0000 00d0 8803 7901 0017  ............y...
00007260: 0000 0000 0000 0000 0000 0000 0000 0000  ................
00007270: 0000 0000 0100 0000 0000 0000 0000 0000  ................
00007280: 0000 0000 0000 0000 0c00 0000 0084 8648  ...............H
00007290: 70c0 8c61 0000 0020 0000 0000 0400 8082  p..a... ........
000072a0: 0000 0000 ac00 0800 0001 0000 0000 0000  ................
000072b0: 1041 0000 0f00 0000 fb4f 1447 0000 0000  .A.......O.G....
000072c0: 0000 b005 0a00 0000 0000 0000 0000 0000  ................
000072d0: 3660 0000 3660 8407 0000 0000 07c0 0004  6`..6`..........
000072e0: 0000 0000 0301 0000 00d0 8803 7901 0017  ............y...
000072f0: 0000 0000 0000 0000 0000 0000 0000 0000  ................
00007300: 0000 0000 0100 0000 0000 0000 0000 0000  ................
00007310: 0000 0000 0000 0000 0c00 0000 6003 181e  ............`...
00007320: 0000 0000 0084 8648 10c0 8c61 0000 0020  .......H...a... 
00007330: 0000 0000 0400 8082 0000 0000 ac00 0800  ................
00007340: 0001 0000 0000 0000 1041 0000 0f00 0000  .........A......
00007350: fb8f 0147 0000 0000 0000 b005 1400 0000  ...G............
00007360: 0000 0000 0000 0000 6ef1 1000 6ef1 de4e  ........n...n..N
00007370: 0000 0000 072c 0004 0000 0000 0301 0000  .....,..........
00007380: 00d0 8803 7901 0017 0000 0000 0000 0000  ....y...........
00007390: 0000 0000 0000 0000 0000 0000 0100 0000  ................
000073a0: 0000 0000 0000 0000 0000 0000 0000 0000  ................
000073b0: 0c00 0000 0084 8648 70c0 8c61 0000 0020  .......Hp..a... 
000073c0: 0000 0000 0400 8082 0000 0000 ac00 0800  ................
000073d0: 0001 0000 0000 0000 1041 0000 0f00 0000  .........A......
000073e0: fb4f 1447 0000 0000 0000 b005 1400 0000  .O.G............
000073f0: 0000 0000 0000 0000 b8b0 0000 b8b0 49b7  ..............I.
00007400: 0000 0000 0730 0004 0000 0000 0301 0000  .....0..........
00007410: 00d0 8803 7901 0017 0000 0000 0000 0000  ....y...........
00007420: 0000 0000 0000 0000 0000 0000 0100 0000  ................
00007430: 0000 0000 0000 0000 0000 0000 0000 0000  ................
00007440: 0c00 0000 6003 181e 0000 0000 3f00 0000  ....`.......?...
00007450: 3f00 0000 3f00 0000 3f00 0000 0000 8232  ?...?...?......2
00007460: f0bf ff40 0441 79bc 0300 0000 0000 0000  ...@.Ay.........
00007470: 0000 0000 0c00 0000 f401 1420 0000 0000  ........... ....
00007480: 0555 0100 0000 0000 0000 0000 0000 0000  .U..............
00007490: 0000 0000 0000 0000 0555 0100 0000 0000  .........U......
000074a0: 0000 0000 0000 0000 0555 0100 0000 0000  .........U......
000074b0: 0000 0000 0000 0000 0555 0100 0000 0000  .........U......
000074c0: 0000 0000 0000 0000 0555 0100 0000 0000  .........U......
000074d0: 0000 0000 0000 0000 0555 0100 0000 0000  .........U......
000074e0: 0000 0000 0000 0000 0555 0100 0000 0000  .........U......
000074f0: 0000 0000 0000 0000 0555 0100 0000 0000  .........U......
00007500: 0000 0000 0000 0000 0555 0100 0000 0000  .........U......
00007510: 0000 0000 0000 0000 0555 0100 0000 0000  .........U......
00007520: 0000 0000 0000 0000 0555 0100 0000 0000  .........U......
00007530: 0000 0000 0000 0000 0555 0100 0000 0000  .........U......
00007540: c050 0000 0000 0000 0000 0000 0000 0000  .P..............
00007550: c050 0000 0000 0000 0000 0000 0000 0000  .P..............
00007560: c050 0000 0000 0000 0000 0000 0000 0000  .P..............
00007570: c050 0000 0000 0000 0000 0000 0000 0000  .P..............
00007580: 0084 8648 70c0 8c61 0400 8082 0000 0000  ...Hp..a........
00007590: 0000 0000 0301 0000 00d0 8803 7901 0017  ............y...
000075a0: 0084 8648 10c0 8c61 0400 8082 0000 0000  ...H...a........
000075b0: 0000 0000 0301 0000 00d0 8803 7901 0017  ............y...
000075c0: 3f00 0000 3f00 0000 0000 0000 ac00 0800  ?...?...........
000075d0: 0001 0000 1041 0000 0000 b005 1300 0000  .....A..........
000075e0: 220a 0000 220a d7f8 0000 0000 0000 0000  "..."...........
000075f0: 0000 0000 0000 0000 0000 0000 0100 0000  ................
00007600: 0000 0000 0000 0000 0000 0000 0000 0000  ................
00007610: 0c00 0000 0000 0000 ac00 0800 0001 0000  ................
00007620: 1041 0000 0000 b005 0e00 0000 18c0 1000  .A..............
00007630: 18c0 7cb3 0000 0000 0000 0000 0000 0000  ..|.............
00007640: 0000 0000 0000 0000 0100 0000 0000 0000  ................
00007650: 0000 0000 0000 0000 0000 0000 0c00 0000  ................
00007660: 0000 0020 0000 0000 0f00 0000 0000 0000  ... ............
00007670: 0000 0000 0000 0000 07c0 0004 0000 0000  ................
00007680: 0000 0020 0000 0000 0f00 0000 0000 0000  ... ............
00007690: 0000 0000 0000 0000 070c 0004 0000 0000  ................
000076a0: 0100 0000 f400 0000 0041 0000 0000 0000  .........A......
000076b0: 0000 0000 0000 0000 0000 0000 0000 0000  ................
000076c0: 0000 0700 0000 0000 0100 0000 0000 0000  ................
000076d0: 0000 0000 0000 0700 0000 0000 0100 0000  ................
000076e0: 0000 0000 0000 0000 0000 0700 0000 0000  ................
000076f0: 0100 0000 0000 0000 0000 0000 0000 0700  ................
00007700: 0000 0000 0100 0000 0000 0000 0000 0000  ................
00007710: 0000 0700 0000 0000 0100 0000 f400 0000  ................
00007720: 0041 0000 0000 2200 0000 0000 0100 0000  .A....".........
00007730: 1100 0000 0041 0000 0000 4400 0000 0000  .....A....D.....
00007740: 0100 0000 ed00 0000 0041 0000 0000 2200  .........A....".
00007750: 0000 0000 0100 0000 f200 0000 0041 0000  .............A..
00007760: 0000 2200 0000 0000 0100 0000 0f00 0000  ..".............
00007770: 0041 0000 0000 4400 0000 0000 0100 0000  .A....D.........
00007780: e200 0000 0041 0000 0000 2200 0000 0000  .....A....".....
00007790: 9f02 0501 3a68 3001 fbaf 1147 0100 0000  ....:h0....G....
000077a0: ba00 0000 0041 0000 0000 0000 0000 0000  .....A..........
000077b0: fbaf 1166 0100 0000 b700 0000 0041 0000  ...f.........A..
000077c0: 0000 0000 0000 0000 6003 181e 0000 0000  ........`.......
000077d0: 0084 8648 70c0 8c61 0000 0020 0000 0000  ...Hp..a... ....
000077e0: 0400 8082 0000 0000 ac00 0800 0001 0000  ................
000077f0: 0000 0000 1041 0000 0f00 0000 fb4f 1447  .....A.......O.G
00007800: 0000 0000 0100 0000 df00 0000 0041 0000  .............A..
00007810: 0000 2200 0000 0000 0000 b005 0e00 0000  ..".............
00007820: 0000 0000 0000 0000 31e7 0000 31e7 cab2  ........1...1...
00007830: 0000 0000 0744 0004 0000 0000 0301 0000  .....D..........
00007840: 00d0 8803 7901 0017 0000 0000 0000 0000  ....y...........
00007850: 0000 0000 0000 0000 0000 0000 0100 0000  ................
00007860: 0000 0000 0000 0000 0000 0000 0000 0000  ................
00007870: 0c00 0000 0084 8648 10c0 8c61 0000 0020  .......H...a... 
00007880: 0000 0000 0400 8082 0000 0000 ac00 0800  ................
00007890: 0001 0000 0000 0000 1041 0000 0f00 0000  .........A......
000078a0: fb8f 0147 0000 0000 0100 0000 1100 0000  ...G............
000078b0: 0041 0000 0000 4400 0000 0000 0000 b005  .A....D.........
000078c0: 0100 0000 0000 0000 0000 0000 7343 1000  ............sC..
000078d0: 7343 bf9f 0000 0000 07c0 0004 0000 0000  sC..............
000078e0: 0301 0000 00d0 8803 7901 0017 0000 0000  ........y.......
000078f0: 0000 0000 0000 0000 0000 0000 0000 0000  ................
00007900: 0100 0000 0000 0000 0000 0000 0000 0000  ................
00007910: 0000 0000 0c00 0000 6003 181e 0000 0000  ........`.......
00007920: 3f00 0000 3f00 0000 efbe adde efbe adde  ?...?...........
00007930: efbe adde efbe adde efbe adde efbe adde  ................
00007940: efbe adde efbe adde efbe adde efbe adde  ................
00007950: efbe adde efbe adde efbe adde efbe adde  ................
00007960: efbe adde efbe adde efbe adde efbe adde  ................
00007970: efbe adde efbe adde efbe adde efbe adde  ................
00007980: efbe adde efbe adde efbe adde efbe adde  ................
00007990: efbe adde efbe adde efbe adde efbe adde  ................
000079a0: efbe adde efbe adde efbe adde efbe adde  ................
000079b0: efbe adde efbe adde efbe adde efbe adde  ................
000079c0: efbe adde efbe adde efbe adde efbe adde  ................
000079d0: efbe adde efbe adde efbe adde efbe adde  ................
000079e0: efbe adde efbe adde efbe adde efbe adde  ................
000079f0: efbe adde efbe adde efbe adde efbe adde  ................
00007a00: efbe adde efbe adde efbe adde efbe adde  ................
00007a10: efbe adde efbe adde efbe adde efbe adde  ................
00007a20: efbe adde efbe adde efbe adde efbe adde  ................
00007a30: efbe adde efbe adde efbe adde efbe adde  ................
00007a40: efbe adde efbe adde efbe adde efbe adde  ................
00007a50: efbe adde efbe adde efbe adde efbe adde  ................
00007a60: efbe adde efbe adde efbe adde efbe adde  ................
00007a70: efbe adde efbe adde efbe adde efbe adde  ................
00007a80: efbe adde efbe adde efbe adde efbe adde  ................
00007a90: efbe adde efbe adde efbe adde efbe adde  ................
00007aa0: efbe adde efbe adde efbe adde efbe adde  ................
00007ab0: efbe adde efbe adde efbe adde efbe adde  ................
00007ac0: efbe adde efbe adde efbe adde efbe adde  ................
00007ad0: efbe adde efbe adde efbe adde efbe adde  ................
00007ae0: efbe adde efbe adde efbe adde efbe adde  ................
00007af0: efbe adde efbe adde efbe adde efbe adde  ................
00007b00: efbe adde efbe adde efbe adde efbe adde  ................
00007b10: efbe adde efbe adde efbe adde efbe adde  ................
00007b20: efbe adde efbe adde efbe adde efbe adde  ................
00007b30: efbe adde efbe adde efbe adde efbe adde  ................
00007b40: efbe adde efbe adde efbe adde efbe adde  ................
00007b50: efbe adde efbe adde efbe adde efbe adde  ................
00007b60: efbe adde efbe adde efbe adde efbe adde  ................
00007b70: efbe adde efbe adde efbe adde efbe adde  ................
00007b80: efbe adde efbe adde efbe adde efbe adde  ................
00007b90: efbe adde efbe adde efbe adde efbe adde  ................
00007ba0: efbe adde efbe adde efbe adde efbe adde  ................
00007bb0: efbe adde efbe adde efbe adde efbe adde  ................
00007bc0: efbe adde efbe adde efbe adde efbe adde  ................
00007bd0: efbe adde efbe adde efbe adde efbe adde  ................
00007be0: efbe adde efbe adde efbe adde efbe adde  ................
00007bf0: efbe adde efbe adde efbe adde efbe adde  ................
00007c00: efbe adde efbe adde efbe adde efbe adde  ................
00007c10: efbe adde efbe adde efbe adde efbe adde  ................
00007c20: efbe adde efbe adde efbe adde efbe adde  ................
00007c30: efbe adde efbe adde efbe adde efbe adde  ................
00007c40: efbe adde efbe adde efbe adde efbe adde  ................
00007c50: efbe adde efbe adde efbe adde efbe adde  ................
00007c60: efbe adde efbe adde efbe adde efbe adde  ................
00007c70: efbe adde efbe adde efbe adde efbe adde  ................
00007c80: efbe adde efbe adde efbe adde efbe adde  ................
00007c90: efbe adde efbe adde efbe adde efbe adde  ................
00007ca0: efbe adde efbe adde efbe adde efbe adde  ................
00007cb0: efbe adde efbe adde efbe adde efbe adde  ................
00007cc0: efbe adde efbe adde efbe adde efbe adde  ................
00007cd0: efbe adde efbe adde efbe adde efbe adde  ................
00007ce0: efbe adde efbe adde efbe adde efbe adde  ................
00007cf0: efbe adde efbe adde efbe adde efbe adde  ................
00007d00: efbe adde efbe adde efbe adde efbe adde  ................
00007d10: efbe adde efbe adde efbe adde efbe adde  ................
00007d20: efbe adde efbe adde efbe adde efbe adde  ................
00007d30: efbe adde efbe adde efbe adde efbe adde  ................
00007d40: efbe adde efbe adde efbe adde efbe adde  ................
00007d50: efbe adde efbe adde efbe adde efbe adde  ................
00007d60: efbe adde efbe adde efbe adde efbe adde  ................
00007d70: efbe adde efbe adde efbe adde efbe adde  ................
00007d80: efbe adde efbe adde efbe adde efbe adde  ................
00007d90: efbe adde efbe adde efbe adde efbe adde  ................
00007da0: efbe adde efbe adde efbe adde efbe adde  ................
00007db0: efbe adde efbe adde efbe adde efbe adde  ................
00007dc0: efbe adde efbe adde efbe adde efbe adde  ................
00007dd0: efbe adde efbe adde efbe adde efbe adde  ................
00007de0: efbe adde efbe adde efbe adde efbe adde  ................
00007df0: efbe adde efbe adde efbe adde efbe adde  ................
00007e00: efbe adde efbe adde efbe adde efbe adde  ................
00007e10: efbe adde efbe adde efbe adde efbe adde  ................
00007e20: efbe adde efbe adde efbe adde efbe adde  ................
00007e30: efbe adde efbe adde efbe adde efbe adde  ................
00007e40: efbe adde efbe adde efbe adde efbe adde  ................
00007e50: efbe adde efbe adde efbe adde efbe adde  ................
00007e60: efbe adde efbe adde efbe adde efbe adde  ................
00007e70: efbe adde efbe adde efbe adde efbe adde  ................
00007e80: efbe adde efbe adde efbe adde efbe adde  ................
00007e90: efbe adde efbe adde efbe adde efbe adde  ................
00007ea0: efbe adde efbe adde efbe adde efbe adde  ................
00007eb0: efbe adde efbe adde efbe adde efbe adde  ................
00007ec0: efbe adde efbe adde efbe adde efbe adde  ................
00007ed0: efbe adde efbe adde efbe adde efbe adde  ................
00007ee0: efbe adde efbe adde efbe adde efbe adde  ................
00007ef0: efbe adde efbe adde efbe adde efbe adde  ................
00007f00: efbe adde efbe adde efbe adde efbe adde  ................
00007f10: efbe adde efbe adde efbe adde efbe adde  ................
00007f20: efbe adde efbe adde efbe adde efbe adde  ................
00007f30: efbe adde efbe adde efbe adde efbe adde  ................
00007f40: efbe adde efbe adde efbe adde efbe adde  ................
00007f50: efbe adde efbe adde efbe adde efbe adde  ................
00007f60: efbe adde efbe adde efbe adde efbe adde  ................
00007f70: efbe adde efbe adde efbe adde efbe adde  ................
00007f80: efbe adde efbe adde efbe adde efbe adde  ................
00007f90: efbe adde efbe adde efbe adde efbe adde  ................
00007fa0: efbe adde efbe adde efbe adde efbe adde  ................
00007fb0: efbe adde efbe adde efbe adde efbe adde  ................
00007fc0: efbe adde efbe adde efbe adde efbe adde  ................
00007fd0: efbe adde efbe adde efbe adde efbe adde  ................
00007fe0: efbe adde efbe adde efbe adde efbe adde  ................
00007ff0: efbe adde efbe adde efbe adde efbe adde  ................
00008000: efbe adde efbe adde efbe adde efbe adde  ................
00008010: efbe adde efbe adde efbe adde efbe adde  ................
00008020: efbe adde efbe adde efbe adde efbe adde  ................
00008030: efbe adde efbe adde efbe adde efbe adde  ................
00008040: efbe adde efbe adde efbe adde efbe adde  ................
00008050: efbe adde efbe adde efbe adde efbe adde  ................
00008060: efbe adde efbe adde efbe adde efbe adde  ................
00008070: efbe adde efbe adde efbe adde efbe adde  ................
00008080: efbe adde efbe adde efbe adde efbe adde  ................
00008090: efbe adde efbe adde efbe adde efbe adde  ................
000080a0: efbe adde efbe adde efbe adde efbe adde  ................
000080b0: efbe adde efbe adde efbe adde efbe adde  ................
000080c0: efbe adde efbe adde efbe adde efbe adde  ................
000080d0: efbe adde efbe adde efbe adde efbe adde  ................
000080e0: efbe adde efbe adde efbe adde efbe adde  ................
000080f0: efbe adde efbe adde efbe adde efbe adde  ................
00008100: efbe adde efbe adde efbe adde efbe adde  ................
00008110: efbe adde efbe adde efbe adde efbe adde  ................
00008120: efbe adde efbe adde efbe adde efbe adde  ................
00008130: efbe adde efbe adde efbe adde efbe adde  ................
00008140: efbe adde efbe adde efbe adde efbe adde  ................
00008150: efbe adde efbe adde efbe adde efbe adde  ................
00008160: efbe adde efbe adde efbe adde efbe adde  ................
00008170: efbe adde efbe adde efbe adde efbe adde  ................
00008180: efbe adde efbe adde efbe adde efbe adde  ................
00008190: efbe adde efbe adde efbe adde efbe adde  ................
000081a0: efbe adde efbe adde efbe adde efbe adde  ................
000081b0: efbe adde 962a 2181 ed09 9649 9471 8d72  .....*!....I.q.r
000081c0: 9c8e 69ed 0100 0000 0003 0000 200a 0000  ..i......... ...
000081d0: 0000 0000 0000 0000 0000 0000 0000 0000  ................
000081e0: 0000 0000 0000 0000 0000 0000 0000 0000  ................
000081f0: 0000 0000 0000 0000 0000 0000 0202 0000  ................
00008200: 0000 0000 0000 0000 0000 0000 11f3 878f  ................
00008210: 98c9 9e4d a0c4 6065 518c 4f6d 11f3 0301  ...M..`eQ.Om....
00008220: d500 0000 e14a b434 0900 0000 0000 4200  .....J.4......B.
00008230: 0600 0000 7f00 0080 5cf6 0100 7038 0200  ........\...p8..
00008240: 363e 0200 0000 00c7 047f 6f80 01f1 fd63  6>........o....c
00008250: 0006 9e1c 0107 2060 0011 0000 0000 0000  ...... `........
00008260: 0000 0000 0000 0400 0000 8028 5410 02cf  ...........(T...
00008270: 0e00 5d03 0003 0100 0020 0040 1000 0000  ..]...... .@....
00008280: 0000 1081 0000 0111 8e0a 98e1 0010 1001  ................
00008290: 0c10 0000 5c01 0000 0050 0eab 0280 0300  ....\....P......
000082a0: 2000 0000 0000 0000 0700 0000 0068 0000   ............h..
000082b0: 00ba c152 3c00 4008 98eb 475f 0008 e888  ...R<.@...G_....
000082c0: 2900 0000 0000 0000 0000 0000 0000 0000  )...............
000082d0: 0000 0000 0000 0000 0000 0000 0000 0000  ................
000082e0: 3000 0000 0006 1030 a003 8004 0102 0436  0......0.......6
000082f0: 24bc 2607 c607 14b8 a03b d115 67d2 0030  $.&......;..g..0
00008300: 2400 0200 0710 1000 0001 0030 0000 0000  $..........0....
00008310: 0006 0030 0002 0004 0102 0000 0000 0000  ...0............
00008320: 0000 0000 0000 0000 0000 0010 003c 0000  .............<..
00008330: 0000 2000 0200 0407 02ba c152 3c00 4808  .. ........R<.H.
00008340: 98eb 475f 0008 e888 2938 e074 4088 19e2  ..G_....)8.t@...
00008350: 470f e080 0000 0000 0000 0000 0000 0103  G...............
00008360: 00b8 0281 0207 4000 0000 000a 1010 0000  ......@.........
00008370: 0008 0000 323b 2000 0880 0004 0808 20eb  ....2; ....... .
00008380: 03d5 7f06 0000 0001 0000 6401 1009 1000  ..........d.....
00008390: 603d 3d00 0000 0f00 0000 2908 0800 0000  `==.......).....
000083a0: 0000 0000 0000 000f 0200 0104 0400 0000  ................
000083b0: 0000 0000 0000 0000 0000 0000 0000 00b0  ................
000083c0: 3019 0600 0000 0000 0800 0000 0020 0003  0............ ..
000083d0: fe11 4e00 0000 0000 0000 0001 0304 0008  ..N.............
000083e0: 0000 0000 0000 0000 0000 0007 0000 1009  ................
000083f0: 0000 0000 eef1 67fe 7fd0 3a83 faf9 7fff  ......g...:.....
00008400: 0020 0000 ffff ffff 0000 0014 0800 0300  . ..............
00008410: 0000 8000 0000 1f00 0000 0000 0000 3410  ..............4.
00008420: 0000 0022 88d7 8800 0000 0000 0000 7201  ..."..........r.
00008430: 2000 130b 3833 120b 1105 1040 6169 0000   ...83.....@ai..
00008440: 2f00 0000 0000 2000 0000 0000 0000 0000  /..... .........
00008450: 0000 0000 0000 0000 0010 0000 0000 5b00  ..............[.
00008460: 0000 0000 0000 1f00 0000 0000 0000 0000  ................
00008470: 0000 0000 0000 0000 0000 0000 0000 7201  ..............r.
00008480: 3000 ea09 3833 e909 ae0d 1000 9699 9999  0...83..........
00008490: 0000 0000 0000 0000 0000 0000 0000 0000  ................
000084a0: 0000 0000 0000 0000 0000 0000 0000 0000  ................
000084b0: 0000 0000 0000 1f00 0000 0000 0000 0000  ................
000084c0: 0000 0000 0000 0000 0000 0000 0000 7201  ..............r.
000084d0: 0004 0000 0001 ff0f 0000 1000 0000 0000  ................
000084e0: 0000 0000 0000 0000 0000 0000 0000 0000  ................
000084f0: 0000 0000 0000 0000 0000 0000 0000 0000  ................
00008500: 0000 0000 0000 1f00 0000 0000 0000 0000  ................
00008510: 0000 0000 0000 0000 0000 0000 0000 7201  ..............r.
00008520: 2004 0000 0001 ff0f 0000 1000 0000 0000   ...............
00008530: 0000 0000 0000 0000 0000 0000 0000 0000  ................
00008540: 0000 0000 0000 0000 0000 0000 0100 0000  ................
00008550: 0000 0000 0000 0000 0000 0000 0000 0000  ................
00008560: 0000 0000 00ef bead deef bead de00 0000  ................
00008570: 0000 0000 efbe adde efbe adde efbe adde  ................
00008580: efbe adde efbe adde efbe adde efbe adde  ................
00008590: efbe adde efbe adde efbe adde efbe adde  ................
000085a0: efbe adde efbe adde efbe adde efbe adde  ................
000085b0: efbe adde efbe adde efbe adde efbe adde  ................
000085c0: efbe adde efbe adde efbe adde efbe adde  ................
000085d0: efbe adde efbe adde efbe adde efbe adde  ................
000085e0: efbe adde efbe adde efbe adde efbe adde  ................
000085f0: efbe adde efbe adde efbe adde efbe adde  ................
00008600: efbe adde efbe adde efbe adde efbe adde  ................
00008610: efbe adde efbe adde efbe adde efbe adde  ................
00008620: efbe adde efbe adde efbe adde efbe adde  ................
00008630: efbe adde efbe adde efbe adde efbe adde  ................
00008640: efbe adde efbe adde efbe adde efbe adde  ................
00008650: efbe adde efbe adde efbe adde efbe adde  ................
00008660: efbe adde efbe adde efbe adde efbe adde  ................
00008670: efbe adde efbe adde efbe adde efbe adde  ................
00008680: efbe adde efbe adde efbe adde efbe adde  ................
00008690: efbe adde efbe adde efbe adde efbe adde  ................
000086a0: efbe adde efbe adde efbe adde efbe adde  ................
000086b0: efbe adde efbe adde efbe adde efbe adde  ................
000086c0: efbe adde efbe adde efbe adde efbe adde  ................
000086d0: efbe adde efbe adde efbe adde efbe adde  ................
000086e0: efbe adde efbe adde efbe adde efbe adde  ................
000086f0: efbe adde efbe adde efbe adde efbe adde  ................
00008700: efbe adde efbe adde efbe adde efbe adde  ................
00008710: efbe adde efbe adde efbe adde efbe adde  ................
00008720: efbe adde efbe adde efbe adde efbe adde  ................
00008730: efbe adde efbe adde efbe adde efbe adde  ................
00008740: efbe adde efbe adde efbe adde efbe adde  ................
00008750: efbe adde efbe adde efbe adde efbe adde  ................
00008760: efbe adde efbe adde efbe adde efbe adde  ................
00008770: efbe adde efbe adde efbe adde efbe adde  ................
00008780: efbe adde efbe adde efbe adde efbe adde  ................
00008790: efbe adde efbe adde efbe adde efbe adde  ................
000087a0: efbe adde efbe adde efbe adde efbe adde  ................
000087b0: efbe adde efbe adde efbe adde efbe adde  ................
000087c0: efbe adde efbe adde efbe adde efbe adde  ................
000087d0: efbe adde efbe adde efbe adde efbe adde  ................
000087e0: efbe adde efbe adde efbe adde efbe adde  ................
000087f0: efbe adde efbe adde efbe adde efbe adde  ................
00008800: efbe adde efbe adde efbe adde efbe adde  ................
00008810: efbe adde efbe adde efbe adde efbe adde  ................
00008820: efbe adde efbe adde efbe adde efbe adde  ................
00008830: efbe adde efbe adde efbe adde efbe adde  ................
00008840: efbe adde efbe adde efbe adde efbe adde  ................
00008850: efbe adde efbe adde efbe adde efbe adde  ................
00008860: efbe adde efbe adde efbe adde efbe adde  ................
00008870: efbe adde efbe adde efbe adde efbe adde  ................
00008880: efbe adde efbe adde efbe adde efbe adde  ................
00008890: efbe adde efbe adde efbe adde efbe adde  ................
000088a0: efbe adde efbe adde efbe adde efbe adde  ................
000088b0: efbe adde efbe adde efbe adde efbe adde  ................
000088c0: efbe adde efbe adde efbe adde efbe adde  ................
000088d0: efbe adde efbe adde efbe adde efbe adde  ................
000088e0: efbe adde efbe adde efbe adde efbe adde  ................
000088f0: efbe adde efbe adde efbe adde efbe adde  ................
00008900: efbe adde efbe adde efbe adde efbe adde  ................
00008910: efbe adde efbe adde efbe adde efbe adde  ................
00008920: efbe adde efbe adde efbe adde efbe adde  ................
00008930: efbe adde efbe adde efbe adde efbe adde  ................
00008940: efbe adde efbe adde efbe adde efbe adde  ................
00008950: efbe adde efbe adde efbe adde efbe adde  ................
00008960: efbe adde efbe adde efbe adde efbe adde  ................
00008970: efbe adde efbe adde efbe adde efbe adde  ................
00008980: efbe adde efbe adde efbe adde efbe adde  ................
00008990: efbe adde efbe adde efbe adde efbe adde  ................
000089a0: efbe adde efbe adde efbe adde efbe adde  ................
000089b0: efbe adde efbe adde efbe adde efbe adde  ................
000089c0: efbe adde efbe adde efbe adde efbe adde  ................
000089d0: efbe adde efbe adde efbe adde efbe adde  ................
000089e0: efbe adde efbe adde efbe adde efbe adde  ................
000089f0: efbe adde efbe adde efbe adde efbe adde  ................
00008a00: efbe adde efbe adde efbe adde efbe adde  ................
00008a10: efbe adde efbe adde efbe adde efbe adde  ................
00008a20: efbe adde efbe adde efbe adde efbe adde  ................
00008a30: efbe adde efbe adde efbe adde efbe adde  ................
00008a40: efbe adde efbe adde efbe adde efbe adde  ................
00008a50: efbe adde efbe adde efbe adde efbe adde  ................
00008a60: efbe adde efbe adde efbe adde efbe adde  ................
00008a70: efbe adde efbe adde efbe adde efbe adde  ................
00008a80: efbe adde efbe adde efbe adde efbe adde  ................
00008a90: efbe adde efbe adde efbe adde efbe adde  ................
00008aa0: efbe adde efbe adde efbe adde efbe adde  ................
00008ab0: efbe adde efbe adde efbe adde efbe adde  ................
00008ac0: efbe adde efbe adde efbe adde efbe adde  ................
00008ad0: efbe adde efbe adde efbe adde efbe adde  ................
00008ae0: efbe adde efbe adde efbe adde efbe adde  ................
00008af0: efbe adde efbe adde efbe adde efbe adde  ................
00008b00: efbe adde efbe adde efbe adde efbe adde  ................
00008b10: efbe adde efbe adde efbe adde efbe adde  ................
00008b20: efbe adde efbe adde efbe adde efbe adde  ................
00008b30: efbe adde efbe adde efbe adde efbe adde  ................
00008b40: efbe adde efbe adde efbe adde efbe adde  ................
00008b50: efbe adde efbe adde efbe adde efbe adde  ................
00008b60: efbe adde efbe adde efbe adde efbe adde  ................
00008b70: efbe adde efbe adde efbe adde efbe adde  ................
00008b80: efbe adde efbe adde efbe adde efbe adde  ................
00008b90: efbe adde efbe adde efbe adde efbe adde  ................
00008ba0: efbe adde efbe adde efbe adde efbe adde  ................
00008bb0: efbe adde efbe adde efbe adde efbe adde  ................
00008bc0: efbe adde efbe adde efbe adde efbe adde  ................
00008bd0: efbe adde efbe adde efbe adde efbe adde  ................
00008be0: efbe adde efbe adde efbe adde efbe adde  ................
00008bf0: efbe adde efbe adde efbe adde efbe adde  ................
00008c00: efbe adde efbe adde efbe adde efbe adde  ................
00008c10: efbe adde efbe adde efbe adde 962a 2181  .............*!.
00008c20: ed09 9649 9471 8d72 9c8e 69ed 0100 0000  ...I.q.r..i.....
00008c30: 0003 0000 4800 0000 0000 0000 0000 0000  ....H...........
00008c40: 0000 0000 0000 0000 0000 0000 0000 0000  ................
00008c50: 0000 0000 0000 0000 0000 0000 0000 0000  ................
00008c60: 0000 0000 0202 0000 0000 0000 0000 0000  ................
00008c70: 0000 0000 11f3 878f 98c9 9e4d a0c4 6065  ...........M..`e
00008c80: 518c 4f6d 01f1 0317 0a00 0000 0000 0020  Q.Om........... 
00008c90: 0000 0020 0000 0000 0200 0000 0000 0000  ... ............
00008ca0: efbe adde efbe adde efbe adde 962a 2181  .............*!.
00008cb0: ed09 9649 9471 8d72 9c8e 69ed 0100 0000  ...I.q.r..i.....
00008cc0: 0003 0000 2008 0000 0000 0000 0000 0000  .... ...........
00008cd0: 0000 0000 0000 0000 0000 0000 0000 0000  ................
00008ce0: 0000 0000 0000 0000 0000 0000 0000 0000  ................
00008cf0: 0000 0000 0202 0000 0000 0000 0000 0000  ................
00008d00: 0000 0000 11f3 878f 98c9 9e4d a0c4 6065  ...........M..`e
00008d10: 518c 4f6d 01f1 0311 0002 0000 0000 0000  Q.Om............
00008d20: 3007 0000 0000 0000 325b d978 0432 0000  0.......2[.x.2..
00008d30: cfe0 da78 0432 0000 e969 dc78 0432 0000  ...x.2...i.x.2..
00008d40: 85ef dd78 0432 0000 a278 df78 0432 0000  ...x.2...x.x.2..
00008d50: 71fe e078 4032 0000 e82c e178 0432 0000  q..x@2...,.x.2..
00008d60: 3286 e278 0432 0000 850f e478 0432 0000  2..x.2.....x.2..
00008d70: 5994 e578 0432 0000 731d e778 0432 0000  Y..x.2..s..x.2..
00008d80: 03a3 e878 0432 0000 2f2c ea78 0432 0000  ...x.2../,.x.2..
00008d90: d3b1 eb78 0432 0000 c63a ed78 0432 0000  ...x.2...:.x.2..
00008da0: 8cc0 ee78 0432 0000 fe47 f078 4032 0000  ...x.2...G.x@2..
00008db0: 6473 f078 0432 0000 fdd0 f178 0432 0000  ds.x.2.....x.2..
00008dc0: 9c56 f378 0432 0000 bedf f478 0432 0000  .V.x.2.....x.2..
00008dd0: 5665 f678 0432 0000 77ee f778 0432 0000  Ve.x.2..w..x.2..
00008de0: 1874 f978 0432 0000 8dfc fa78 0432 0000  .t.x.2.....x.2..
00008df0: 3385 fc78 0432 0000 0a0a fe78 0432 0000  3..x.2.....x.2..
00008e00: 7993 ff78 4032 0000 f8bc ff78 0432 0000  y..x@2.....x.2..
00008e10: ea18 0179 0432 0000 f3a1 0279 0432 0000  ...y.2.....y.2..
00008e20: 9a27 0479 0432 0000 bdb0 0579 0432 0000  .'.y.2.....y.2..
00008e30: 6436 0779 0432 0000 50be 0879 0432 0000  d6.y.2..P..y.2..
00008e40: 1d45 0a79 0432 0000 6acc 0b79 0432 0000  .E.y.2..j..y.2..
00008e50: a355 0d79 0432 0000 44db 0e79 4032 0000  .U.y.2..D..y@2..
00008e60: 2008 0f79 0432 0000 4764 1079 0432 0000   ..y.2..Gd.y.2..
00008e70: e7e9 1179 0432 0000 e772 1379 0432 0000  ...y.2...r.y.2..
00008e80: aaf8 1479 0432 0000 1480 1679 0432 0000  ...y.2.....y.2..
00008e90: f309 1879 0432 0000 b98e 1979 0432 0000  ...y.2.....y.2..
00008ea0: df17 1b79 0432 0000 649d 1c79 0432 0000  ...y.2..d..y.2..
00008eb0: cf26 1e79 4032 0000 6250 1e79 0432 0000  .&.y@2..bP.y.2..
00008ec0: 9aac 1f79 0432 0000 a834 2179 0432 0000  ...y.2...4!y.2..
00008ed0: 54bb 2279 0432 0000 9b42 2479 0432 0000  T."y.2...B$y.2..
00008ee0: cdcb 2579 0432 0000 4d51 2779 0432 0000  ..%y.2..MQ'y.2..
00008ef0: 86da 2879 0432 0000 2760 2a79 0432 0000  ..(y.2..'`*y.2..
00008f00: 3de9 2b79 0432 0000 cf6e 2d79 4032 0000  =.+y.2...n-y@2..
00008f10: 689b 2d79 0432 0000 6df6 2e79 0432 0000  h.-y.2..m..y.2..
00008f20: a57f 3079 0432 0000 ef04 3279 0432 0000  ..0y.2....2y.2..
00008f30: 128e 3379 0432 0000 ac13 3579 0432 0000  ..3y.2....5y.2..
00008f40: b29c 3679 0432 0000 7222 3879 0432 0000  ..6y.2..r"8y.2..
00008f50: 02ab 3979 0432 0000 2131 3b79 0432 0000  ..9y.2..!1;y.2..
00008f60: 60b8 3c79 4032 0000 9ee3 3c79 0432 0000  `.<y@2....<y.2..
00008f70: a241 3e79 0432 0000 4ec8 3f79 0432 0000  .A>y.2..N.?y.2..
00008f80: 7550 4179 0432 0000 01d6 4279 0432 0000  uPAy.2....By.2..
00008f90: 165f 4479 0432 0000 b7e4 4579 0432 0000  ._Dy.2....Ey.2..
00008fa0: c66c 4779 0432 0000 bbf5 4879 0432 0000  .lGy.2....Hy.2..
00008fb0: b87a 4a79 0432 0000 d103 4c79 4032 0000  .zJy.2....Ly@2..
00008fc0: 372d 4c79 0432 0000 8889 4d79 0432 0000  7-Ly.2....My.2..
00008fd0: a512 4f79 0432 0000 3498 5079 0432 0000  ..Oy.2..4.Py.2..
00008fe0: 5b21 5279 0432 0000 05a7 5379 0432 0000  [!Ry.2....Sy.2..
00008ff0: 8e2e 5579 0432 0000 bcb5 5679 0432 0000  ..Uy.2....Vy.2..
00009000: 0c3d 5879 0432 0000 30c6 5979 0432 0000  .=Xy.2..0.Yy.2..
00009010: a94b 5b79 4032 0000 5a78 5b79 0432 0000  .K[y@2..Zx[y.2..
00009020: e8d4 5c79 0432 0000 8f5a 5e79 0432 0000  ..\y.2...Z^y.2..
00009030: 23e3 5f79 0432 0000 4869 6179 0432 0000  #._y.2..Hiay.2..
00009040: 9ef0 6279 0432 0000 147a 6479 0432 0000  ..by.2...zdy.2..
00009050: 64ff 6579 0432 0000 7488 6779 0432 0000  d.ey.2..t.gy.2..
00009060: 0c0e 6979 0432 0000 1997 6a79 4032 0000  ..iy.2....jy@2..
00009070: 8bc0 6a79 0432 0000 d21c 6c79 0432 0000  ..jy.2....ly.2..
00009080: eaa4 6d79 0432 0000 8d2b 6f79 0432 0000  ..my.2...+oy.2..
00009090: d3b2 7079 0432 0000 073c 7279 0432 0000  ..py.2...<ry.2..
000090a0: 88c1 7379 0432 0000 c34a 7579 0432 0000  ..sy.2...Juy.2..
000090b0: 5ed0 7679 0432 0000 7d59 7879 0432 0000  ^.vy.2..}Yxy.2..
000090c0: 07df 7979 4032 0000 a40b 7a79 0432 0000  ..yy@2....zy.2..
000090d0: af66 7b79 0432 0000 2df0 7c79 0432 0000  .f{y.2..-.|y.2..
000090e0: 2975 7e79 0432 0000 4afe 7f79 0432 0000  )u~y.2..J..y.2..
000090f0: e783 8179 0432 0000 040d 8379 0432 0000  ...y.2.....y.2..
00009100: ab92 8479 0432 0000 401b 8679 0432 0000  ...y.2..@..y.2..
00009110: 65a1 8779 0432 0000 9a28 8979 4032 0000  e..y.2...(.y@2..
00009120: d353 8979 0432 0000 dbb1 8a79 0432 0000  .S.y.2.....y.2..
00009130: 6737 8c79 0432 0000 3746 8f79 0432 0000  g7.y.2..7F.y.2..
00009140: 54cf 9079 0432 0000 f254 9279 0432 0000  T..y.2...T.y.2..
00009150: 08dd 9379 0432 0000 db65 9579 0432 0000  ...y.2...e.y.2..
00009160: f1ea 9679 0432 0000 0b74 9879 4032 0000  ...y.2...t.y@2..
00009170: 749d 9879 0432 0000 c3f9 9979 0432 0000  t..y.2.....y.2..
00009180: de82 9b79 0432 0000 6e08 9d79 0432 0000  ...y.2..n..y.2..
00009190: 9791 9e79 0432 0000 3d17 a079 0432 0000  ...y.2..=..y.2..
000091a0: cb9e a179 0432 0000 f625 a379 0432 0000  ...y.2...%.y.2..
000091b0: 6cb0 a479 0432 0000 f639 a679 0432 0000  l..y.2...9.y.2..
000091c0: e5bb a779 4032 0000 91e8 a779 0432 0000  ...y@2.....y.2..
000091d0: 2345 a979 0432 0000 c9ca aa79 0432 0000  #E.y.2.....y.2..
000091e0: 6253 ac79 0432 0000 82d9 ad79 0432 0000  bS.y.2.....y.2..
000091f0: ce60 af79 0432 0000 38ea b079 0432 0000  .`.y.2..8..y.2..
00009200: a46f b279 0432 0000 aff8 b379 0432 0000  .o.y.2.....y.2..
00009210: 467e b579 0432 0000 5807 b779 4032 0000  F~.y.2..X..y@2..
00009220: c330 b779 0432 0000 0d8d b879 0432 0000  .0.y.2.....y.2..
00009230: 2715 ba79 0432 0000 c69b bb79 0432 0000  '..y.2.....y.2..
00009240: 0d23 bd79 0432 0000 3eac be79 0432 0000  .#.y.2..>..y.2..
00009250: c231 c079 0432 0000 faba c179 0432 0000  .1.y.2.....y.2..
00009260: 9940 c379 0432 0000 b4c9 c479 0432 0000  .@.y.2.....y.2..
00009270: 444f c679 4032 0000 d27e c679 0432 0000  DO.y@2...~.y.2..
00009280: ead6 c779 0432 0000 4e60 c979 0432 0000  ...y.2..N`.y.2..
00009290: 63e5 ca79 0432 0000 856e cc79 0432 0000  c..y.2...n.y.2..
000092a0: 21f4 cd79 0432 0000 3d7d cf79 0432 0000  !..y.2..=}.y.2..
000092b0: e502 d179 0432 0000 7d8b d279 0432 0000  ...y.2..}..y.2..
000092c0: 9f11 d479 0432 0000 d198 d579 4032 0000  ...y.2.....y@2..
000092d0: 10c4 d579 0432 0000 1122 d779 0432 0000  ...y.2...".y.2..
000092e0: a2a7 d879 0432 0000 ca30 da79 0432 0000  ...y.2...0.y.2..
000092f0: 70b6 db79 0432 0000 8b3f dd79 0432 0000  p..y.2...?.y.2..
00009300: 2ac5 de79 0432 0000 444d e079 0432 0000  *..y.2..DM.y.2..
00009310: 00d6 e179 0432 0000 2c5b e379 0432 0000  ...y.2..,[.y.2..
00009320: ace4 e479 4032 0000 af0d e579 0432 0000  ...y@2.....y.2..
00009330: fb69 e679 0432 0000 17f3 e779 0432 0000  .i.y.2.....y.2..
00009340: a778 e979 0432 0000 d001 eb79 0432 0000  .x.y.2.....y.2..
00009350: 7887 ec79 0432 0000 0a0f ee79 0432 0000  x..y.2.....y.2..
00009360: 3096 ef79 0432 0000 7f1d f179 0432 0000  0..y.2.....y.2..
00009370: a3a6 f279 0432 0000 132c f479 4032 0000  ...y.2...,.y@2..
00009380: d058 f479 0432 0000 5db5 f579 0432 0000  .X.y.2..]..y.2..
00009390: 013b f779 0432 0000 a0c3 f879 0432 0000  .;.y.2.....y.2..
000093a0: bb49 fa79 0432 0000 10d1 fb79 0432 0000  .I.y.2.....y.2..
000093b0: c25a fd79 0432 0000 e1df fe79 0432 0000  .Z.y.2.....y.2..
000093c0: e768 007a 0432 0000 80ee 017a 0432 0000  .h.z.2.....z.2..
000093d0: 9377 037a 4032 0000 fda0 037a 0432 0000  .w.z@2.....z.2..
000093e0: 47fd 047a 0432 0000 6585 067a 0432 0000  G..z.2..e..z.2..
000093f0: 000c 087a 0432 0000 4a93 097a 0432 0000  ...z.2..J..z.2..
00009400: 7c1c 0b7a 0432 0000 fca1 0c7a 0432 0000  |..z.2.....z.2..
00009410: 322b 0e7a 0432 0000 d3b0 0f7a 0432 0000  2+.z.2.....z.2..
00009420: ec39 117a 0432 0000 7cbf 127a 4032 0000  .9.z.2..|..z@2..
00009430: 15ec 127a 0432 0000 2847 147a 4032 0000  ...z.2..(G.z@2..
00009440: cc96 147a e2a7 b478 0432 0000 0131 b678  ...z...x.2...1.x
00009450: 0432 0000 a6b6 b778 0432 0000 de3f b978  .2.....x.2...?.x
00009460: 0432 0000 56c5 ba78 0432 0000 104e bc78  .2..V..x.2...N.x
00009470: 0432 0000 19d4 bd78 0432 0000 695b bf78  .2.....x.2..i[.x
00009480: 0432 0000 84e5 c078 0432 0000 5c6a c278  .2.....x.2..\j.x
00009490: 4032 0000 b197 c278 0432 0000 4df3 c378  @2.....x.2..M..x
000094a0: 0432 0000 de78 c578 0432 0000 0302 c778  .2...x.x.2.....x
000094b0: 0432 0000 e187 c878 0432 0000 d80f ca78  .2.....x.2.....x
000094c0: 0432 0000 fd96 cb78 0432 0000 531e cd78  .2.....x.2..S..x
000094d0: 0432 0000 7aa7 ce78 0432 0000 ff2c d078  .2..z..x.2...,.x
000094e0: 0432 0000 dfb5 d178 4032 0000 16e0 d178  .2.....x@2.....x
000094f0: 0432 0000 d03b d378 0432 0000 6dc4 d478  .2...;.x.2..m..x
00009500: 0432 0000 bc4a d678 0432 0000 10d2 d778  .2...J.x.2.....x
00009510: 0432 0000 962a 2181 ed09 9649 9471 8d72  .2...*!....I.q.r
00009520: 9c8e 69ed 0100 0000 0003 0000 2004 0000  ..i......... ...
00009530: 0000 0000 0000 0000 0000 0000 0000 0000  ................
00009540: 0000 0000 0000 0000 0000 0000 0000 0000  ................
00009550: 0000 0000 0000 0000 0000 0000 0202 0000  ................
00009560: 0000 0000 0000 0000 0000 0000 11f3 878f  ................
00009570: 98c9 9e4d a0c4 6065 518c 4f6d 0563 0641  ...M..`eQ.Om.c.A
00009580: a200 0000 5d27 b434 0900 0000 0000 3000  ....]'.4......0.
00009590: 1000 0000 1f00 0080 c485 0900 0000 0000  ................
000095a0: 007e 0900 0000 00c7 04ef 6f00 f0f9 0300  .~........o.....
000095b0: 049e 000f 0060 0011 0000 0000 0040 0000  .....`.......@..
000095c0: 0000 0000 0000 0000 8000 5001 02cf 0204  ..........P.....
000095d0: dd03 0003 0000 0003 0000 1000 0000 0080  ................
000095e0: 1001 0100 0100 800a 98e1 0010 1002 0c10  ................
000095f0: 0000 fd00 1000 0012 a210 0000 0000 0000  ................
00009600: 1000 0000 0000 0000 0000 000c 0070 4238  .............pB8
00009610: 0040 0000 0000 2080 0000 0000 0000 0000  .@.... .........
00009620: 0000 0000 0000 0000 0000 0000 0000 0000  ................
00009630: 0180 0100 0080 0046 2601 8001 8006 0502  .......F&.......
00009640: 0120 8800 7fff 0180 0100 0001 0000 0180  . ..............
00009650: 0100 0000 0000 0000 0000 0001 8001 0000  ................
00009660: 0000 0000 0000 4727 0100 0000 0000 0047  ......G'.......G
00009670: 2100 7042 3800 4800 0000 0020 8000 0080  !.pB8.H.... ....
00009680: 4100 0100 8000 0000 0080 0103 00a0 8090  A...............
00009690: 0007 4000 0000 000a 1000 0000 0008 0000  ..@.............
000096a0: 3227 2080 18fd b72f f07f fcff 7ff6 ffff  2' ..../........
000096b0: cf00 000a 3000 6400 1009 1000 603d 3d00  ....0.d.....`==.
000096c0: 0000 0700 0000 2900 0000 0000 0000 0000  ......).........
000096d0: 0000 0000 0200 0100 0000 0000 0000 0000  ................
000096e0: 0000 0000 0000 0406 e601 e401 ec01 1f0c  ................
000096f0: 8228 0010 0900 0010 007a ffdd bafe c0fd  .(.......z......
00009700: f7f7 fcff ff00 0000 0000 0000 0000 0000  ................
00009710: 001f 0000 0000 0000 0000 0000 0000 0000  ................
00009720: 0000 0000 0000 0000 0072 0120 0400 0000  .........r. ....
00009730: 01ff 0f00 0010 0000 0000 0000 0000 0000  ................
00009740: 0000 0000 0000 0000 0000 0000 0000 0000  ................
00009750: 0000 0000 0000 0000 0000 0000 0000 0000  ................
00009760: 001f 0000 0000 0000 0000 0000 0000 0000  ................
00009770: 0000 0000 0000 0000 0072 0120 0400 0000  .........r. ....
00009780: 01ff 0f00 0010 0000 0000 0000 0000 0000  ................
00009790: 0000 0000 0000 0000 0000 0000 0000 0000  ................
000097a0: 0000 0000 0000 0000 0002 0000 0000 0000  ................
000097b0: 001f 0000 0000 0000 0000 0000 0000 0000  ................
000097c0: 0000 0000 0000 0000 0072 0130 0014 0a38  .........r.0...8
000097d0: 3313 0a02 0110 0006 0000 0000 0000 0000  3...............
000097e0: 0000 0000 0000 0000 0000 0000 0000 0000  ................
000097f0: 0000 0000 0000 0000 efbe adde efbe adde  ................
00009800: 876f 5822 0000 0000 efbe adde efbe adde  .oX"............
00009810: efbe adde efbe adde efbe adde efbe adde  ................
00009820: efbe adde efbe adde efbe adde efbe adde  ................
00009830: efbe adde efbe adde efbe adde efbe adde  ................
00009840: efbe adde efbe adde efbe adde efbe adde  ................
00009850: efbe adde efbe adde efbe adde efbe adde  ................
00009860: efbe adde efbe adde efbe adde efbe adde  ................
00009870: efbe adde efbe adde efbe adde efbe adde  ................
00009880: efbe adde efbe adde efbe adde efbe adde  ................
00009890: efbe adde efbe adde efbe adde efbe adde  ................
000098a0: efbe adde efbe adde efbe adde efbe adde  ................
000098b0: efbe adde efbe adde efbe adde efbe adde  ................
000098c0: efbe adde efbe adde efbe adde efbe adde  ................
000098d0: efbe adde efbe adde efbe adde efbe adde  ................
000098e0: efbe adde efbe adde efbe adde efbe adde  ................
000098f0: efbe adde efbe adde efbe adde efbe adde  ................
00009900: efbe adde efbe adde efbe adde efbe adde  ................
00009910: efbe adde efbe adde efbe adde efbe adde  ................
00009920: efbe adde efbe adde efbe adde efbe adde  ................
00009930: efbe adde efbe adde efbe adde efbe adde  ................
00009940: efbe adde efbe adde efbe adde efbe adde  ................
00009950: efbe adde efbe adde efbe adde efbe adde  ................
00009960: efbe adde efbe adde efbe adde efbe adde  ................
00009970: efbe adde efbe adde efbe adde 962a 2181  .............*!.
00009980: ed09 9649 9471 8d72 9c8e 69ed 0100 0000  ...I.q.r..i.....
00009990: 0003 0000 4800 0000 0000 0000 0000 0000  ....H...........
000099a0: 0000 0000 0000 0000 0000 0000 0000 0000  ................
000099b0: 0000 0000 0000 0000 0000 0000 0000 0000  ................
000099c0: 0000 0000 0202 0000 0000 0000 0000 0000  ................
000099d0: 0000 0000 11f3 878f 98c9 9e4d a0c4 6065  ...........M..`e
000099e0: 518c 4f6d 0161 0617 0a00 0000 0000 0080  Q.Om.a..........
000099f0: 0000 0080 0000 0000 efbe adde 0000 0000  ................
00009a00: efbe adde efbe adde efbe adde 962a 2181  .............*!.
00009a10: ed09 9649 9471 8d72 9c8e 69ed 0100 0000  ...I.q.r..i.....
00009a20: 0003 0000 d801 0000 0000 0000 0000 0000  ................
00009a30: 0000 0000 0000 0000 0000 0000 0000 0000  ................
00009a40: 0000 0000 0000 0000 0000 0000 0000 0000  ................
00009a50: 0000 0000 0202 0000 0000 0000 0000 0000  ................
00009a60: 0000 0000 11f3 878f 98c9 9e4d a0c4 6065  ...........M..`e
00009a70: 518c 4f6d 0161 0616 6b00 0000 0000 7500  Q.Om.a..k.....u.
00009a80: 0000 0000 0c00 0060 0000 0000 2800 0000  .......`....(...
00009a90: 2800 0000 6800 0080 6800 0080 0000 0000  (...h...h.......
00009aa0: 030e 0000 030e 0000 0a0e 0000 0a0e 0000  ................
00009ab0: fa00 0001 91ff 0000 91ff 0000 2b00 0004  ............+...
00009ac0: 1000 0000 0000 0000 0302 0000 0002 0000  ................
00009ad0: 0a02 0000 0a02 0000 0302 0000 0002 0000  ................
00009ae0: 0a02 0000 0a02 0000 0002 0000 0002 0000  ................
00009af0: 2b00 0004 e01f 0000 e01f 0000 b000 0080  +...............
00009b00: 0000 0000 0000 200c 0000 e0c2 0000 e0c2  ...... .........
00009b10: 0000 e0ce 0000 200c c808 e0c2 c808 e0c2  ...... .........
00009b20: 0000 200c 0000 200c 0000 0000 0100 0000  .. ... .........
00009b30: ff13 e0ce 0000 0000 0000 0000 0000 0000  ................
00009b40: 0000 0000 0000 00c0 6a02 0000 0000 0080  ........j.......
00009b50: 0016 0031 0000 0000 0000 0000 0000 9002  ...1............
00009b60: 0000 0000 0000 0000 0000 0000 0000 0000  ................
00009b70: 0000 0000 0000 0000 0000 0000 0000 0000  ................
00009b80: 0000 0000 0000 0000 0000 0000 0000 0000  ................
00009b90: 0000 0000 0000 0000 0000 0000 0000 0000  ................
00009ba0: 0000 0000 0000 0000 0000 0000 0000 0000  ................
00009bb0: 0000 0000 0000 0000 0000 0000 0000 0000  ................
00009bc0: efbe adde efbe adde efbe adde efbe adde  ................
00009bd0: efbe adde efbe adde efbe adde efbe adde  ................
00009be0: efbe adde efbe adde efbe adde efbe adde  ................
00009bf0: efbe adde efbe adde efbe adde efbe adde  ................
00009c00: efbe adde efbe adde efbe adde efbe adde  ................
00009c10: efbe adde efbe adde efbe adde efbe adde  ................
00009c20: efbe adde efbe adde efbe adde 962a 2181  .............*!.
00009c30: ed09 9649 9471 8d72 9c8e 69ed 0100 0000  ...I.q.r..i.....
00009c40: 0003 0000 2002 0000 0000 0000 0000 0000  .... ...........
00009c50: 0000 0000 0000 0000 0000 0000 0000 0000  ................
00009c60: 0000 0000 0000 0000 0000 0000 0000 0000  ................
00009c70: 0000 0000 0202 0000 0000 0000 0000 0000  ................
00009c80: 0000 0000 11f3 878f 98c9 9e4d a0c4 6065  ...........M..`e
00009c90: 518c 4f6d 0161 0611 8000 0000 0000 0000  Q.Om.a..........
00009ca0: 3300 0000 0000 0000 84ad 5765 0000 0000  3.........We....
00009cb0: 2000 0000 0600 0000 0000 7400 4300 0003   .........t.C...
00009cc0: 8ead 5765 0000 0000 2000 0000 0600 0000  ..We.... .......
00009cd0: 0000 7400 4300 0003 97ad 5765 0000 0000  ..t.C.....We....
00009ce0: 2200 0000 0600 0000 0000 7400 4300 0003  ".........t.C...
00009cf0: a2ad 5765 0000 0000 2200 0000 0600 0000  ..We....".......
00009d00: 0000 7400 4300 0003 abad 5765 0600 0000  ..t.C.....We....
00009d10: 0000 0a01 4300 0003 b7ad 5765 0100 0b01  ....C.....We....
00009d20: baad 5765 0100 0701 cbad 5765 0100 4402  ..We......We..D.
00009d30: ccad 5765 0100 8000 cead 5765 0100 7f00  ..We......We....
00009d40: 2db1 5765 0100 8000 2eb1 5765 0100 7f00  -.We......We....
00009d50: 36b1 5765 0100 8000 37b1 5765 0100 6603  6.We....7.We..f.
00009d60: 0eb2 5765 0100 6d02 10b2 5765 0100 6b02  ..We..m...We..k.
00009d70: 11b2 5765 d095 5765 0100 8000 d195 5765  ..We..We......We
00009d80: 0100 7f00 b199 5765 0100 8000 b299 5765  ......We......We
00009d90: 0100 7f00 ba99 5765 0100 8000 bc99 5765  ......We......We
00009da0: 0100 7f00 9b9d 5765 0100 8000 9c9d 5765  ......We......We
00009db0: 0100 7f00 a49d 5765 0100 8000 a59d 5765  ......We......We
00009dc0: 0100 7f00 85a1 5765 0100 8000 86a1 5765  ......We......We
00009dd0: 0100 7f00 8ea1 5765 0100 8000 90a1 5765  ......We......We
00009de0: 0100 7f00 6fa5 5765 0100 8000 70a5 5765  ....o.We....p.We
00009df0: 0100 7f00 78a5 5765 0100 8000 79a5 5765  ....x.We....y.We
00009e00: 0100 7f00 59a9 5765 0100 8000 5aa9 5765  ....Y.We....Z.We
00009e10: 0100 7f00 62a9 5765 0100 8000 63a9 5765  ....b.We....c.We
00009e20: 0100 4202 44ad 5765 0100 7f00 46ad 5765  ..B.D.We....F.We
00009e30: 0100 4302 4bad 5765 0000 0000 be00 0000  ..C.K.We........
00009e40: 0600 0000 0000 7400 4300 0003 68ad 5765  ......t.C...h.We
00009e50: 0000 0000 be00 0000 0600 0000 0000 7400  ..............t.
00009e60: 4300 0003 71ad 5765 0000 0000 bf00 0000  C...q.We........
00009e70: 0600 0000 0000 7400 4300 0003 7bad 5765  ......t.C...{.We
00009e80: 0000 0000 bf00 0000 0600 0000 0000 7400  ..............t.
00009e90: 4300 0003 962a 2181 ed09 9649 9471 8d72  C....*!....I.q.r
00009ea0: 9c8e 69ed 0100 0000 0003 0000 200a 0000  ..i......... ...
00009eb0: 0000 0000 0000 0000 0000 0000 0000 0000  ................
00009ec0: 0000 0000 0000 0000 0000 0000 0000 0000  ................
00009ed0: 0000 0000 0000 0000 0000 0000 0202 0000  ................
00009ee0: 0000 0000 0000 0000 0000 0000 11f3 878f  ................
00009ef0: 98c9 9e4d a0c4 6065 518c 4f6d 0b83 0741  ...M..`eQ.Om...A
00009f00: 5902 0000 f8fa 89be e82e 0000 0000 4300  Y.............C.
00009f10: 0600 0000 ff06 0080 5cf6 0100 c61f 0200  ........\.......
00009f20: aa44 0300 0000 00c7 047f 67c0 01f1 df03  .D........g.....
00009f30: 401e 9c20 00e0 0011 0000 2000 0040 0000  @.. ...... ..@..
00009f40: 0000 0000 0000 0000 0080 2850 0012 cf0e  ..........(P....
00009f50: 005d 0300 1300 0020 0000 0000 0000 0000  .]..... ........
00009f60: 8010 0100 0001 118e 0a98 e100 1010 010c  ................
00009f70: 1000 00fe 0000 0000 a017 2800 8017 0020  ..........(.... 
00009f80: 0000 0010 0000 0007 0000 0000 0000 0c00  ................
00009f90: 0200 603c 0040 880c 8080 0000 0420 0200  ..`<.@....... ..
00009fa0: 0000 0000 0000 0000 0000 0000 0000 0000  ................
00009fb0: 0000 0000 0000 0000 0000 0000 0000 b1f1  ................
00009fc0: 1300 0000 0211 7ffc 01c8 c881 bfb9 f317  ................
00009fd0: 8106 0746 d37f 7fff 3fc8 ddc5 ff39 f015  ...F....?....9..
00009fe0: 0002 0003 7049 0308 c0c1 b1f1 1300 0000  ....pI..........
00009ff0: 0002 0100 0000 40c0 8187 0000 0000 0000  ......@.........
0000a000: 0000 0000 0000 0000 0000 a181 0280 0000  ................
0000a010: 0001 0000 4004 01ff 0200 603c 0048 880c  ....@.....`<.H..
0000a020: 8080 0000 0420 0200 1870 6500 8001 0636  ..... ...pe....6
0000a030: 0000 c080 0000 4000 0010 0000 0000 0040  ......@........@
0000a040: 0300 b812 0112 0000 8000 0000 0a10 1000  ................
0000a050: 0401 0000 0032 7f33 0018 8d25 71f0 56bc  .....2.3...%q.V.
0000a060: cf7f 4040 00f8 0000 0810 0064 0110 0910  ..@@.......d....
0000a070: 0060 3d3d 0000 000f 0000 023c 0000 0000  .`==.......<....
0000a080: 0000 0000 0000 0000 8f02 0001 0400 0000  ................
0000a090: 0000 0000 0000 0000 0000 0000 0000 0000  ................
0000a0a0: 9030 0000 0000 0000 0008 0000 0000 2200  .0............".
0000a0b0: 03fe 116e 0000 0000 0000 0000 0101 0000  ...n............
0000a0c0: 0001 0000 0000 0000 0000 0000 0700 0010  ................
0000a0d0: 0900 0010 80f2 d367 fbff c82f 6ab4 edbf  .......g.../j...
0000a0e0: ff00 0000 0003 0002 0000 4120 c000 0000  ..........A ....
0000a0f0: 001f 0000 0000 0000 0000 0000 0000 0000  ................
0000a100: 0000 0000 0000 0000 0072 0100 0010 0538  .........r.....8
0000a110: 330f 0513 0b10 0069 0900 0000 0000 0000  3......i........
0000a120: 0000 0000 0000 0000 0000 0000 0000 0000  ................
0000a130: 0000 0000 0000 0000 0000 0000 0000 4000  ..............@.
0000a140: 0000 001f 0000 0000 0000 0000 0000 0000  ................
0000a150: 0000 0000 0000 0000 0000 0072 0130 0010  ...........r.0..
0000a160: 0000 0000 0000 0000 0000 0000 0000 0000  ................
0000a170: 0000 0000 0000 0000 0000 0000 0000 0000  ................
0000a180: 0000 0000 0000 0000 0000 0000 001f 0000  ................
0000a190: 0000 0000 0000 0000 0000 0000 0000 0000  ................
0000a1a0: 0000 0000 0072 0100 0410 0000 0000 0000  .....r..........
0000a1b0: 0000 0000 0000 0000 0000 0000 0000 0000  ................
0000a1c0: 0000 0000 0000 0000 0000 0000 0000 0000  ................
0000a1d0: 0000 0000 0000 001f 0000 0000 0000 0000  ................
0000a1e0: 0000 0000 0000 0000 0000 0000 0000 0072  ...............r
0000a1f0: 0100 0410 0000 0000 0000 0000 0000 0000  ................
0000a200: 0000 0000 0000 0000 0000 0000 0000 0000  ................
0000a210: 0000 0000 0000 0000 0000 0000 0000 0000  ................
0000a220: 001f 0000 0000 0000 0000 0000 0000 0000  ................
0000a230: 0000 0000 0000 0000 0072 0100 0410 0000  .........r......
0000a240: 0000 0000 0000 0000 0000 0000 0000 0000  ................
0000a250: 0000 0000 0000 0000 0000 0000 0000 0000  ................
0000a260: 0000 0000 0000 0000 0000 001f 0000 0000  ................
0000a270: 0000 0000 0000 0000 0000 0000 0000 0000  ................
0000a280: 0000 0072 0130 0410 0000 0000 0000 0000  ...r.0..........
0000a290: 0000 0000 0000 0000 0000 0000 0000 0000  ................
0000a2a0: 0000 0000 0000 0000 0000 0000 0000 0000  ................
0000a2b0: 0000 0000 001f 0000 0000 0000 0000 0000  ................
0000a2c0: 0000 0000 0000 0000 0000 0000 0072 0100  .............r..
0000a2d0: 0410 0000 0000 0000 0000 0000 0000 0000  ................
0000a2e0: 0000 0000 0000 0000 0000 0000 0000 0000  ................
0000a2f0: 0000 0000 0000 0000 0000 0000 0000 001f  ................
0000a300: 0000 0000 0000 0000 0000 0000 0000 0000  ................
0000a310: 0000 0000 0000 0072 0100 0410 0000 0000  .......r........
0000a320: 0000 0000 0000 0000 0000 0000 0000 0000  ................
0000a330: 0000 0000 0000 0000 0000 0000 0000 0000  ................
0000a340: 0000 0000 0000 0000 001f 0000 0000 0000  ................
0000a350: 0000 0000 0000 0000 0000 0000 0000 0000  ................
0000a360: 0072 0100 0410 0000 0000 0000 0000 0000  .r..............
0000a370: 0000 0000 0000 0000 0000 0000 0000 0000  ................
0000a380: 0000 0000 0000 0000 0000 0000 0000 0000  ................
0000a390: 0000 001f 0000 0000 0000 0000 0000 0000  ................
0000a3a0: 0000 0000 0000 0000 0000 0072 0120 0410  ...........r. ..
0000a3b0: 0000 0000 0000 0000 0000 0000 0000 0000  ................
0000a3c0: 0000 0000 0000 0000 0000 0000 0000 0000  ................
0000a3d0: 0000 0000 0000 0000 0000 0000 001f 0000  ................
0000a3e0: 0000 0000 0000 0000 0000 0000 0000 0000  ................
0000a3f0: 0000 0000 0072 0100 0410 0000 0000 0000  .....r..........
0000a400: 0000 0000 0000 0000 0000 0000 0000 0000  ................
0000a410: 0000 0000 0000 0000 0000 0000 0000 0000  ................
0000a420: 0000 0000 0000 001f 0000 0000 0000 0000  ................
0000a430: 0000 0000 0000 0000 0000 0000 0000 0072  ...............r
0000a440: 0100 0410 0000 0000 0000 0000 0000 0000  ................
0000a450: 0000 0000 0000 0000 0000 0000 0000 0000  ................
0000a460: 0000 0000 0000 0000 0000 0000 0000 0000  ................
0000a470: 001f 0000 0000 0000 0000 0000 0000 0000  ................
0000a480: 0000 0000 0000 0000 0072 0100 0410 0000  .........r......
0000a490: 0000 0000 0000 0000 0000 0000 0000 0000  ................
0000a4a0: 0000 0000 0000 0000 0000 0000 0000 0000  ................
0000a4b0: 0000 0000 0000 0000 0000 001f 0000 0000  ................
0000a4c0: 0000 0000 0000 0000 0000 0000 0000 0000  ................
0000a4d0: 0000 0072 0120 0410 0000 0000 0000 0000  ...r. ..........
0000a4e0: 0000 0000 0000 0000 0000 0000 0000 0000  ................
0000a4f0: 0000 0000 0000 0000 0000 0000 0000 0000  ................
0000a500: 0000 0000 001f 0000 0000 0000 0000 0000  ................
0000a510: 0000 0000 0000 0000 0000 0000 0072 0100  .............r..
0000a520: 0410 0000 0000 0000 0000 0000 0000 0000  ................
0000a530: 0000 0000 0000 0000 0000 0000 0000 0000  ................
0000a540: 0000 0000 0001 0000 0000 4000 0000 001f  ..........@.....
0000a550: 0000 0000 0000 0000 0000 0000 0000 0000  ................
0000a560: 0000 0000 0000 0072 0100 0010 0006 0000  .......r........
0000a570: 0000 0000 0000 0000 0000 0000 0000 0000  ................
0000a580: 0000 0000 0000 0000 0000 0000 0000 0001  ................
0000a590: 0000 0000 4000 0000 001f 0000 0000 0000  ....@...........
0000a5a0: 0000 0000 0000 0000 0000 0000 0000 0000  ................
0000a5b0: 0072 0100 0010 0006 0000 0000 0000 0000  .r..............
0000a5c0: 0000 0000 0000 0000 0000 0000 0000 0000  ................
0000a5d0: 0000 0000 0000 0000 0000 0000 0000 0000  ................
0000a5e0: 0000 001f 0000 0000 0000 0000 0000 0000  ................
0000a5f0: 0000 0000 0000 0000 0000 0072 0120 0410  ...........r. ..
0000a600: 0000 0000 0000 0000 0000 0000 0000 0000  ................
0000a610: 0000 0000 0000 0000 0000 0000 0000 0000  ................
0000a620: 0000 0000 0000 0000 0000 0000 001f 0000  ................
0000a630: 0000 0000 0000 0000 0000 0000 0000 0000  ................
0000a640: 0000 0000 0072 0100 0410 0000 0000 0000  .....r..........
0000a650: 0000 0000 0000 0000 0000 0000 0000 0000  ................
0000a660: 0000 0000 0000 0000 0000 0000 0000 0000  ................
0000a670: 0000 0000 0000 001f 0000 0000 0000 0000  ................
0000a680: 0000 0000 0000 0000 0000 0000 0000 0072  ...............r
0000a690: 0100 0410 0000 0000 0000 0000 0000 0000  ................
0000a6a0: 0000 0000 0000 0000 0000 0000 0000 0000  ................
0000a6b0: 0000 0000 0000 0000 0000 0000 0000 0000  ................
0000a6c0: 001f 0000 0000 0000 0000 0000 0000 0000  ................
0000a6d0: 0000 0000 0000 0000 0072 0100 0410 0000  .........r......
0000a6e0: 0000 0000 0000 0000 0000 0000 0000 0000  ................
0000a6f0: 0000 0000 0000 0000 0000 0000 0000 0000  ................
0000a700: 0001 0000 0000 4000 0000 001f 0000 0000  ......@.........
0000a710: 0000 0000 0000 0000 0000 0000 0000 0000  ................
0000a720: 0000 0072 0130 0010 0006 0000 0000 0000  ...r.0..........
0000a730: 0000 0000 0000 0000 0000 0000 0000 0000  ................
0000a740: 0000 0000 0000 0000 0000 0000 0000 0000  ................
0000a750: 0000 0000 001f 0000 0000 0000 0000 0000  ................
0000a760: 0000 0000 0000 0000 0000 0000 0072 0100  .............r..
0000a770: 0410 0000 0000 0000 0000 0000 0000 0000  ................
0000a780: 0000 0000 0000 0000 0000 0000 0000 0000  ................
0000a790: 0000 0000 0000 0000 0000 0000 0000 001f  ................
0000a7a0: 0000 0000 0000 0000 0000 0000 0000 0000  ................
0000a7b0: 0000 0000 0000 0072 0100 0410 0000 0000  .......r........
0000a7c0: 0000 0000 0000 0000 0000 0000 0000 0000  ................
0000a7d0: 0000 0000 0000 0000 0000 0000 0000 0000  ................
0000a7e0: 0000 0000 0000 0000 001f 0000 0000 0000  ................
0000a7f0: 0000 0000 0000 0000 0000 0000 0000 0000  ................
0000a800: 0072 0100 0410 0000 0000 0000 0000 0000  .r..............
0000a810: 0000 0000 0000 0000 0000 0000 0000 0000  ................
0000a820: 0000 0000 0000 9002 efbe adde efbe adde  ................
0000a830: efbe adde efbe adde 0301 0000 0000 0000  ................
0000a840: 0000 0000 0000 0000 0000 0000 0000 0000  ................
0000a850: 0000 efbe adde efbe adde 0000 2aa5 ff52  ............*..R
0000a860: 0000 0000 efbe adde efbe adde efbe adde  ................
0000a870: efbe adde efbe adde efbe adde efbe adde  ................
0000a880: efbe adde efbe adde efbe adde efbe adde  ................
0000a890: efbe adde efbe adde efbe adde efbe adde  ................
0000a8a0: efbe adde efbe adde efbe adde efbe adde  ................
0000a8b0: efbe adde efbe adde efbe adde efbe adde  ................
0000a8c0: efbe adde efbe adde efbe adde efbe adde  ................
0000a8d0: efbe adde efbe adde efbe adde efbe adde  ................
0000a8e0: efbe adde efbe adde efbe adde efbe adde  ................
0000a8f0: efbe adde efbe adde efbe adde 962a 2181  .............*!.
0000a900: ed09 9649 9471 8d72 9c8e 69ed 0100 0000  ...I.q.r..i.....
0000a910: 0003 0000 4800 0000 0000 0000 0000 0000  ....H...........
0000a920: 0000 0000 0000 0000 0000 0000 0000 0000  ................
0000a930: 0000 0000 0000 0000 0000 0000 0000 0000  ................
0000a940: 0000 0000 0202 0000 0000 0000 0000 0000  ................
0000a950: 0000 0000 11f3 878f 98c9 9e4d a0c4 6065  ...........M..`e
0000a960: 518c 4f6d 0181 0717 0a00 0000 0200 0020  Q.Om........... 
0000a970: 0200 0020 0000 0000 0000 0000 0000 0000  ... ............
0000a980: efbe adde efbe adde efbe adde 962a 2181  .............*!.
0000a990: ed09 9649 9471 8d72 9c8e 69ed 0100 0000  ...I.q.r..i.....
0000a9a0: 0003 0000 2004 0000 0000 0000 0000 0000  .... ...........
0000a9b0: 0000 0000 0000 0000 0000 0000 0000 0000  ................
0000a9c0: 0000 0000 0000 0000 0000 0000 0000 0000  ................
0000a9d0: 0000 0000 0202 0000 0000 0000 0000 0000  ................
0000a9e0: 0000 0000 11f3 878f 98c9 9e4d a0c4 6065  ...........M..`e
0000a9f0: 518c 4f6d 0181 0711 0001 0000 0000 0000  Q.Om............
0000aa00: 3802 0000 0000 0000 0e28 0000 6089 e007  8........(..`...
0000aa10: 0f28 0000 8a8a e007 0e28 0000 c58b e007  .(.......(......
0000aa20: 0f28 0000 ef8c e007 1028 0000 3b8e e007  .(.......(..;...
0000aa30: 0e28 0000 ab8f e007 0f28 0000 d590 e007  .(.......(......
0000aa40: 0000 0000 2a28 0001 5492 e007 0e28 0000  ....*(..T....(..
0000aa50: de93 e007 0f28 0000 0895 e007 0e28 0000  .....(.......(..
0000aa60: 4396 e007 0f28 0000 6d97 e007 1028 0000  C....(..m....(..
0000aa70: b998 e007 0e28 0000 299a e007 0f28 0000  .....(..)....(..
0000aa80: 539b e007 0000 0000 2a28 0001 d29c e007  S.......*(......
0000aa90: 0728 0000 1e9e e007 2428 0000 067f c522  .(......$(....."
0000aaa0: 0628 0000 a783 c522 0e28 0000 5a87 c522  .(.....".(..Z.."
0000aab0: 0f28 0000 8488 c522 0e28 0000 8d8c c522  .(.....".(....."
0000aac0: 0f28 0000 0190 c522 1028 0000 1f94 c522  .(.....".(....."
0000aad0: 0000 0000 2a28 0001 5798 c522 0e28 0000  ....*(..W..".(..
0000aae0: b39c c522 0f28 0000 dd9d c522 0e28 0000  ...".(.....".(..
0000aaf0: 62a1 c522 0f28 0000 5aa5 c522 1028 0000  b..".(..Z..".(..
0000ab00: a6a6 c522 0000 0000 2a28 0001 dfaa c522  ..."....*(....."
0000ab10: 0e28 0000 37af c522 0f28 0000 abb2 c522  .(..7..".(....."
0000ab20: 0e28 0000 b8b6 c522 0f28 0000 e2b7 c522  .(.....".(....."
0000ab30: 1028 0000 78bb c522 0000 0000 2a28 0001  .(..x.."....*(..
0000ab40: 35c0 c522 0e28 0000 09c4 c522 0f28 0000  5..".(.....".(..
0000ab50: 00c8 c522 0e28 0000 3bc9 c522 0f28 0000  ...".(..;..".(..
0000ab60: afcc c522 1028 0000 c9d0 c522 0000 0000  ...".(....."....
0000ab70: 2a28 0001 12d5 c522 0e28 0000 6bd9 c522  *(.....".(..k.."
0000ab80: 0f28 0000 e0dc c522 0e28 0000 1bde c522  .(.....".(....."
0000ab90: 0f28 0000 13e2 c522 1028 0000 abe5 c522  .(.....".(....."
0000aba0: 0000 0000 2a28 0001 68ea c522 0e28 0000  ....*(..h..".(..
0000abb0: 3cee c522 0f28 0000 66ef c522 0e28 0000  <..".(..f..".(..
0000abc0: 6ff3 c522 0f28 0000 e3f6 c522 1028 0000  o..".(.....".(..
0000abd0: 2ff8 c522 0000 0000 2a28 0001 ecfc c522  /.."....*(....."
0000abe0: 0e28 0000 c000 c622 0f28 0000 b804 c622  .(.....".(....."
0000abf0: 0e28 0000 3d08 c622 0f28 0000 6709 c622  .(..=..".(..g.."
0000ac00: 1028 0000 810d c622 0000 0000 2a28 0001  .(....."....*(..
0000ac10: ba11 c622 0728 0000 e421 c622 2528 0000  ...".(...!."%(..
0000ac20: 2f23 c622 0309 0000 c80b 1ef2 a7ed d305  /#."............
0000ac30: 0f28 0000 d1ee d305 0000 0000 2a28 0001  .(..........*(..
0000ac40: 50f0 d305 0e28 0000 daf1 d305 0f28 0000  P....(.......(..
0000ac50: 04f3 d305 0e28 0000 3ff4 d305 0f28 0000  .....(..?....(..
0000ac60: 69f5 d305 1028 0000 b5f6 d305 0e28 0000  i....(.......(..
0000ac70: 25f8 d305 0f28 0000 4ff9 d305 0000 0000  %....(..O.......
0000ac80: 2a28 0001 cefa d305 0728 0000 1afc d305  *(.......(......
0000ac90: 1120 0000 1305 d405 0428 0000 c146 e007  . .......(...F..
0000aca0: 0528 0000 da4f e007 0628 0000 9c55 e007  .(...O...(...U..
0000acb0: 0e28 0000 0557 e007 0f28 0000 2f58 e007  .(...W...(../X..
0000acc0: 0e28 0000 6a59 e007 0f28 0000 945a e007  .(..jY...(...Z..
0000acd0: 1028 0000 e05b e007 0e28 0000 505d e007  .(...[...(..P]..
0000ace0: 0f28 0000 7a5e e007 0000 0000 2a28 0001  .(..z^......*(..
0000acf0: f95f e007 0e28 0000 8361 e007 0f28 0000  ._...(...a...(..
0000ad00: ad62 e007 0e28 0000 e863 e007 0f28 0000  .b...(...c...(..
0000ad10: 1265 e007 1028 0000 5e66 e007 0e28 0000  .e...(..^f...(..
0000ad20: ce67 e007 0f28 0000 f868 e007 0000 0000  .g...(...h......
0000ad30: 2a28 0001 776a e007 0e28 0000 016c e007  *(..wj...(...l..
0000ad40: 0f28 0000 2b6d e007 0e28 0000 666e e007  .(..+m...(..fn..
0000ad50: 0f28 0000 906f e007 1028 0000 dc70 e007  .(...o...(...p..
0000ad60: 0e28 0000 4c72 e007 0f28 0000 7673 e007  .(..Lr...(..vs..
0000ad70: 0000 0000 2a28 0001 f574 e007 0e28 0000  ....*(...t...(..
0000ad80: 7f76 e007 0f28 0000 a977 e007 0e28 0000  .v...(...w...(..
0000ad90: e478 e007 0f28 0000 0e7a e007 1028 0000  .x...(...z...(..
0000ada0: 5a7b e007 0000 0000 2a28 0001 587d e007  Z{......*(..X}..
0000adb0: 0e28 0000 e27e e007 0f28 0000 0c80 e007  .(...~...(......
0000adc0: 0e28 0000 4781 e007 0f28 0000 7182 e007  .(..G....(..q...
0000add0: 1028 0000 bd83 e007 0e28 0000 2d85 e007  .(.......(..-...
0000ade0: 0f28 0000 5786 e007 0000 0000 2a28 0001  .(..W.......*(..
0000adf0: d687 e007                                ....
