2026-08-17 22:20:02.915690 Core	CPU	Avg_MHz	Busy%	Bzy_MHz	TSC_MHz	IPC	IRQ	NMI	SMI	LLCMRPS	LLC%hit	L2MRPS	L2%hit	POLL%	C1ACPI%	C2ACPI%	C3ACPI%	CPU%c1	CPU%c6	CPU%c7	CoreTmp	CoreThr	PkgTmp	GFX%rc6	GFXMHz	GFXAMHz	SAM%mc6	SAMMHz	SAMAMHz	Totl%C0	Any%C0	GFX%C0	CPUGFX%	Pkg%pc2	Pkg%pc3	Pkg%pc6	Pkg%pc8	Pk%pc10	CPU%LPI	SYS%LPI	PkgWatt	CorWatt	GFXWatt	RAMWatt	PKG_%	RAM_%	UncMHz	SysWatt
2026-08-17 22:20:02.915753 -	-	937	19.80	4732	3687	0.93	298596	6	0	354	59.50	971	58.26	0.45	31.38	31.41	17.80	64.33	11.42	3.98	56	0	56	99.98	0	0	98.76	0	0	486.37	99.65	0.01	0.01	0.00	0.00	0.00	0.00	0.00	0.00	0.00	68.71	54.61	0.00	0.00	0.00	0.00	4000	0.00
2026-08-17 22:20:02.915758 0	0	1005	21.00	4785	3686	0.77	10424	0	0	19	60.97	38	43.42	0.33	27.43	34.53	17.54	53.62	14.22	10.29	54	0	56	99.95	0	0	98.73	0	0	486.29	99.63	0.01	0.01	0.00	0.00	0.00	0.00	0.00	0.00	0.00	68.69	54.59	0.00	0.00	0.00	0.00	4000
2026-08-17 22:20:02.915762 4	1	1184	23.59	5019	3686	0.84	18689	1	0	20	57.91	47	53.42	0.43	38.37	32.43	6.23	76.00	0.00	0.00	56	0
2026-08-17 22:20:02.915766 16	2	976	19.65	4969	3686	1.00	9776	0	0	22	63.15	43	45.37	0.32	30.05	34.39	16.32	48.84	17.79	13.05	52	0
2026-08-17 22:20:02.915769 20	3	999	20.36	4908	3686	0.93	9739	0	0	23	62.68	44	43.12	0.31	31.43	29.93	18.70	51.12	13.87	13.98	52	0
2026-08-17 22:20:02.915773 24	4	2100	40.55	5179	3686	1.47	10889	1	0	21	51.68	46	43.08	0.41	19.07	26.02	14.69	32.39	15.16	11.36	52	0
2026-08-17 22:20:02.915776 28	5	1211	24.15	5016	3686	1.16	11449	1	0	21	64.36	43	45.29	0.35	33.83	25.59	16.85	47.47	13.96	13.78	52	0
2026-08-17 22:20:02.915779 40	6	875	17.63	4962	3686	0.93	9095	0	0	21	66.36	42	46.67	0.28	34.73	28.83	19.25	51.43	15.65	14.60	48	0
2026-08-17 22:20:02.915783 44	7	868	17.93	4840	3686	0.99	9248	0	0	21	69.53	44	49.12	0.30	29.96	29.29	23.23	48.16	14.79	18.41	48	0
2026-08-17 22:20:02.915787 8	8	836	18.40	4545	3686	0.84	13421	0	0	13	57.27	41	64.44	0.43	32.39	33.14	16.42	75.46	5.77	0.00	48	0
2026-08-17 22:20:02.915790 9	9	862	18.86	4568	3686	0.78	14299	0	0	13	55.91	40	61.47	0.59	33.71	33.44	14.37	74.31	6.46	0.00	48	0
2026-08-17 22:20:02.915793 10	10	912	19.86	4590	3686	0.91	12891	1	0	13	56.15	41	62.69	0.50	30.87	31.20	18.41	70.62	9.13	0.00	48	0
2026-08-17 22:20:02.915797 11	11	693	15.33	4523	3686	0.74	12738	0	0	10	56.88	32	62.98	0.47	32.70	29.91	22.39	68.29	15.96	0.00	48	0
2026-08-17 22:20:02.915810 12	12	709	15.67	4527	3686	0.80	11752	0	0	10	56.16	31	60.95	0.49	30.98	34.77	18.92	74.30	9.63	0.00	48	0
2026-08-17 22:20:02.915813 13	13	1000	21.92	4563	3686	1.00	12591	1	0	12	56.21	41	64.22	0.44	30.84	28.84	18.73	64.21	13.48	0.00	48	0
2026-08-17 22:20:02.915816 14	14	820	18.09	4534	3686	0.82	12727	0	0	11	54.53	38	66.29	0.58	32.69	36.01	13.54	75.02	6.52	0.00	48	0
2026-08-17 22:20:02.915820 15	15	730	16.04	4551	3686	0.82	10486	0	0	10	55.48	34	65.67	0.36	28.21	31.68	24.36	69.34	14.23	0.00	48	0
2026-08-17 22:20:02.915823 32	16	839	18.22	4605	3686	0.75	12272	0	0	11	54.68	34	62.07	0.72	31.88	34.58	15.66	76.18	5.24	0.00	48	0
2026-08-17 22:20:02.915826 33	17	716	15.63	4581	3686	0.76	15281	0	0	10	56.15	32	62.66	0.52	38.90	34.29	11.54	75.44	8.53	0.00	48	0
2026-08-17 22:20:02.915830 34	18	952	20.92	4549	3686	0.76	19580	0	0	13	55.93	40	63.79	0.55	32.13	33.30	14.03	76.93	1.83	0.00	48	0
2026-08-17 22:20:02.915833 35	19	827	17.88	4629	3686	0.91	11796	0	0	12	61.19	45	69.29	0.55	30.17	28.42	23.86	66.73	15.00	0.00	48	0
2026-08-17 22:20:02.915836 36	20	782	17.11	4570	3686	0.86	11962	0	0	12	59.76	39	65.19	0.53	30.57	33.32	19.34	70.08	12.41	0.00	48	0
2026-08-17 22:20:02.915840 37	21	915	19.89	4599	3686	1.00	12513	0	0	14	59.11	53	70.71	0.45	30.80	31.85	17.77	65.73	13.97	0.00	48	0
2026-08-17 22:20:02.915843 38	22	791	17.22	4592	3686	0.76	13749	0	0	12	57.95	36	62.49	0.57	33.03	28.24	21.86	66.07	16.31	0.00	48	0
2026-08-17 22:20:02.915846 39	23	884	19.27	4586	3686	0.89	11229	1	0	13	60.54	46	68.73	0.43	28.16	29.74	23.15	66.11	14.23	0.00	48	0
2026-08-17 22:20:07.921614 Core	CPU	Avg_MHz	Busy%	Bzy_MHz	TSC_MHz	IPC	IRQ	NMI	SMI	LLCMRPS	LLC%hit	L2MRPS	L2%hit	POLL%	C1ACPI%	C2ACPI%	C3ACPI%	CPU%c1	CPU%c6	CPU%c7	CoreTmp	CoreThr	PkgTmp	GFX%rc6	GFXMHz	GFXAMHz	SAM%mc6	SAMMHz	SAMAMHz	Totl%C0	Any%C0	GFX%C0	CPUGFX%	Pkg%pc2	Pkg%pc3	Pkg%pc6	Pkg%pc8	Pk%pc10	CPU%LPI	SYS%LPI	PkgWatt	CorWatt	GFXWatt	RAMWatt	PKG_%	RAM_%	UncMHz	SysWatt
2026-08-17 22:20:07.921696 -	-	1201	25.10	4788	3685	0.74	322589	1	0	508	57.96	1254	54.30	0.65	41.74	27.08	6.52	68.17	5.18	1.13	52	0	51	99.90	0	0	99.92	0	0	608.21	99.59	0.00	0.00	0.00	0.00	0.00	0.00	0.00	0.00	0.00	80.66	65.52	0.00	0.00	0.00	0.00	4000	0.00
2026-08-17 22:20:07.921701 0	0	1144	23.35	4898	3686	0.72	10691	0	0	25	61.34	48	43.28	0.57	40.85	31.18	5.19	61.88	12.01	2.03	46	0	51	99.98	0	0	100.00	0	0	608.47	99.63	0.00	0.00	0.00	0.00	0.00	0.00	0.00	0.00	0.00	80.72	65.57	0.00	0.00	0.00	0.00	4000
2026-08-17 22:20:07.921705 4	1	1452	27.71	5240	3686	0.76	17298	0	0	29	56.72	61	47.97	0.57	48.44	22.48	2.02	71.90	0.00	0.00	50	0
2026-08-17 22:20:07.921709 16	2	1276	24.88	5127	3686	0.75	11061	0	0	28	61.37	54	42.90	0.61	43.21	28.16	4.27	61.60	10.98	1.95	50	0
2026-08-17 22:20:07.921712 20	3	1279	24.87	5143	3686	0.73	11118	0	0	29	61.26	54	43.11	0.52	43.49	27.96	4.19	61.35	10.89	2.30	50	0
2026-08-17 22:20:07.921715 24	4	1245	24.39	5107	3686	0.75	10283	0	0	28	62.05	54	44.27	0.58	41.96	29.32	4.83	60.58	11.65	2.75	52	0
2026-08-17 22:20:07.921719 28	5	1336	26.08	5121	3686	0.79	10908	0	0	29	60.35	57	44.82	0.56	38.99	29.03	6.40	58.14	11.38	3.79	48	0
2026-08-17 22:20:07.921722 40	6	1387	26.99	5139	3686	0.83	10192	0	0	29	61.37	59	47.28	0.61	35.06	29.28	9.15	56.15	11.23	5.02	48	0
2026-08-17 22:20:07.921725 44	7	1067	21.21	5029	3686	0.70	9271	0	0	24	63.11	44	42.05	0.52	31.54	32.18	15.53	54.76	14.10	9.27	48	0
2026-08-17 22:20:07.921730 8	8	1177	25.47	4624	3686	0.74	13482	0	0	18	56.09	52	58.72	0.74	42.55	27.11	5.29	71.20	3.00	0.00	48	0
2026-08-17 22:20:07.921733 9	9	1213	26.26	4621	3686	0.70	15448	0	0	20	56.25	54	56.62	0.79	43.40	25.58	5.22	72.31	1.12	0.00	48	0
2026-08-17 22:20:07.921736 10	10	1262	27.23	4635	3686	0.66	15109	0	0	20	57.64	52	55.18	0.79	42.41	25.48	5.35	69.98	2.47	0.00	48	0
2026-08-17 22:20:07.921740 11	11	1225	26.43	4636	3686	0.80	13519	0	0	17	54.39	58	65.38	0.58	37.97	25.18	10.81	68.11	5.13	0.00	50	0
2026-08-17 22:20:07.921743 12	12	1187	25.73	4611	3686	0.72	14282	0	0	18	55.46	53	59.31	0.71	42.18	24.50	8.03	70.52	3.42	0.00	48	0
2026-08-17 22:20:07.921755 13	13	1173	25.47	4608	3686	0.70	14175	0	0	18	55.92	49	55.96	0.70	45.10	24.72	5.16	70.60	3.59	0.00	48	0
2026-08-17 22:20:07.921758 14	14	1209	26.19	4618	3686	0.71	15423	0	0	18	56.04	51	58.63	0.84	43.02	24.87	6.38	71.30	2.19	0.00	48	0
2026-08-17 22:20:07.921762 15	15	920	19.98	4605	3686	0.78	11797	0	0	14	55.24	40	59.70	0.53	39.42	31.74	9.23	77.67	2.01	0.00	48	0
2026-08-17 22:20:07.921765 32	16	1032	22.20	4650	3686	0.69	14486	0	0	16	57.20	43	56.38	0.71	44.15	29.19	4.89	73.95	3.51	0.00	50	0
2026-08-17 22:20:07.921768 33	17	1200	25.82	4649	3686	0.71	14769	0	0	18	55.91	50	56.87	0.74	43.46	26.01	5.15	71.02	2.83	0.00	50	0
2026-08-17 22:20:07.921771 34	18	1368	29.50	4637	3686	0.72	19299	1	0	20	54.52	60	61.89	0.59	37.56	26.06	7.31	68.17	2.02	0.00	48	0
2026-08-17 22:20:07.921775 35	19	1076	23.14	4652	3686	0.73	13819	0	0	16	56.06	47	59.77	0.66	41.00	27.30	8.99	75.99	0.57	0.00	48	0
2026-08-17 22:20:07.921778 36	20	1161	25.08	4630	3686	0.75	14315	0	0	18	55.47	53	60.46	0.61	45.17	26.17	4.03	73.04	1.56	0.00	48	0
2026-08-17 22:20:07.921781 37	21	1344	29.00	4636	3686	0.80	14197	0	0	21	53.61	68	62.92	0.74	43.16	23.98	4.31	67.22	3.46	0.00	48	0
2026-08-17 22:20:07.921785 38	22	1111	23.97	4636	3686	0.73	14026	0	0	18	55.75	49	58.43	0.69	45.06	24.86	6.56	73.19	2.50	0.00	48	0
2026-08-17 22:20:07.921788 39	23	995	21.46	4637	3686	0.74	13621	0	0	15	56.24	44	60.98	0.63	42.94	27.79	8.24	75.49	2.71	0.00	48	0
2026-08-17 22:20:12.925228 Core	CPU	Avg_MHz	Busy%	Bzy_MHz	TSC_MHz	IPC	IRQ	NMI	SMI	LLCMRPS	LLC%hit	L2MRPS	L2%hit	POLL%	C1ACPI%	C2ACPI%	C3ACPI%	CPU%c1	CPU%c6	CPU%c7	CoreTmp	CoreThr	PkgTmp	GFX%rc6	GFXMHz	GFXAMHz	SAM%mc6	SAMMHz	SAMAMHz	Totl%C0	Any%C0	GFX%C0	CPUGFX%	Pkg%pc2	Pkg%pc3	Pkg%pc6	Pkg%pc8	Pk%pc10	CPU%LPI	SYS%LPI	PkgWatt	CorWatt	GFXWatt	RAMWatt	PKG_%	RAM_%	UncMHz	SysWatt
2026-08-17 22:20:12.925299 -	-	1171	24.45	4789	3687	0.73	324809	2	0	501	58.46	1214	53.49	0.67	40.25	29.34	6.43	68.75	5.33	1.06	54	0	53	100.05	0	0	100.03	0	0	598.03	99.66	0.00	0.00	0.00	0.00	0.00	0.00	0.00	0.00	0.00	79.76	64.66	0.00	0.00	0.00	0.00	4000	0.00
2026-08-17 22:20:12.925304 0	0	1215	24.65	4928	3686	0.73	10667	0	0	27	61.65	51	43.50	0.58	35.17	32.00	8.77	60.03	11.01	3.59	46	0	53	100.00	0	0	99.98	0	0	597.85	99.63	0.00	0.00	0.00	0.00	0.00	0.00	0.00	0.00	0.00	79.73	64.63	0.00	0.00	0.00	0.00	4000
2026-08-17 22:20:12.925308 4	1	1462	27.96	5230	3686	0.81	16772	0	0	29	56.75	63	49.26	0.50	42.31	26.75	3.59	71.65	0.00	0.00	52	0
2026-08-17 22:20:12.925312 16	2	1356	26.37	5141	3686	0.77	10861	0	0	30	60.97	59	44.35	0.51	41.37	27.61	5.17	59.85	10.70	2.51	48	0
2026-08-17 22:20:12.925315 20	3	1295	25.31	5118	3686	0.76	11111	0	0	29	61.45	57	45.13	0.52	40.49	29.25	5.45	59.87	11.29	2.92	48	0
2026-08-17 22:20:12.925319 24	4	1339	26.13	5123	3686	0.75	10566	0	0	30	61.80	57	43.61	0.54	38.35	29.12	6.89	57.91	11.76	3.58	54	0
2026-08-17 22:20:12.925323 28	5	1389	27.00	5143	3686	0.68	12038	0	0	31	62.23	56	40.05	0.64	39.79	27.43	6.31	58.02	10.82	3.58	48	0
2026-08-17 22:20:12.925326 40	6	1177	23.11	5092	3686	0.68	11284	0	0	26	63.48	47	39.58	0.59	39.05	33.37	5.01	59.78	13.87	2.62	48	0
2026-08-17 22:20:12.925330 44	7	1017	20.33	5002	3686	0.71	9660	0	0	23	63.98	42	42.72	0.57	32.05	37.19	10.91	55.36	17.09	6.54	48	0
2026-08-17 22:20:12.925333 8	8	1096	23.75	4617	3686	0.73	14423	1	0	17	57.76	46	56.27	0.83	41.34	30.40	4.94	72.81	3.11	0.00	50	0
2026-08-17 22:20:12.925337 9	9	1186	25.65	4624	3686	0.75	14327	0	0	19	55.26	54	59.17	0.83	41.29	26.93	6.56	71.67	2.36	0.00	50	0
2026-08-17 22:20:12.925340 10	10	1149	24.85	4623	3686	0.70	14140	0	0	18	56.20	49	56.45	0.77	41.44	28.70	5.44	72.11	2.72	0.00	50	0
2026-08-17 22:20:12.925343 11	11	1085	23.45	4627	3686	0.76	14001	0	0	16	55.88	49	61.47	0.67	37.72	29.09	10.15	73.49	2.73	0.00	50	0
2026-08-17 22:20:12.925347 12	12	1138	24.72	4606	3686	0.68	14903	0	0	18	56.36	48	56.69	0.75	38.55	30.33	6.86	73.25	1.71	0.00	50	0
2026-08-17 22:20:12.925350 13	13	1259	27.32	4610	3686	0.66	15062	0	0	20	56.79	52	55.56	0.85	41.58	27.27	4.29	70.24	2.12	0.00	50	0
2026-08-17 22:20:12.925354 14	14	1123	24.39	4604	3686	0.68	15411	1	0	17	56.01	45	55.43	0.90	42.54	27.15	6.38	72.50	2.78	0.00	50	0
2026-08-17 22:20:12.925365 15	15	939	20.44	4597	3686	0.69	13253	0	0	15	57.56	39	56.42	0.66	41.12	30.90	7.95	78.18	1.06	0.00	50	0
2026-08-17 22:20:12.925369 32	16	1049	22.58	4646	3686	0.68	15251	0	0	16	57.32	42	55.09	0.85	43.85	27.63	6.38	75.62	1.48	0.00	50	0
2026-08-17 22:20:12.925372 33	17	1069	23.01	4646	3686	0.71	13857	0	0	17	55.93	47	58.19	0.63	43.82	28.25	5.34	74.16	2.50	0.00	50	0
2026-08-17 22:20:12.925376 34	18	1242	26.89	4620	3686	0.71	19994	0	0	18	55.40	54	61.51	0.58	42.52	27.14	3.89	71.99	0.81	0.00	50	0
2026-08-17 22:20:12.925379 35	19	875	18.84	4643	3686	0.74	13502	0	0	13	56.55	39	60.31	0.61	43.71	33.02	4.84	76.85	3.94	0.00	50	0
2026-08-17 22:20:12.925382 36	20	1210	26.11	4632	3686	0.79	13183	0	0	18	54.70	56	61.89	0.70	37.80	29.71	6.78	69.99	3.56	0.00	50	0
2026-08-17 22:20:12.925385 37	21	1238	26.72	4631	3686	0.75	14297	0	0	20	54.68	60	59.98	0.66	43.86	25.26	4.61	70.49	2.46	0.00	48	0
2026-08-17 22:20:12.925389 38	22	1175	25.31	4645	3686	0.73	14343	0	0	18	55.78	53	60.70	0.74	40.75	27.83	6.55	71.22	3.13	0.00	48	0
2026-08-17 22:20:12.925392 39	23	1018	21.95	4639	3686	0.79	11903	0	0	15	54.59	49	64.80	0.55	35.43	31.73	11.25	72.90	4.80	0.00	48	0
2026-08-17 22:20:17.928195 Core	CPU	Avg_MHz	Busy%	Bzy_MHz	TSC_MHz	IPC	IRQ	NMI	SMI	LLCMRPS	LLC%hit	L2MRPS	L2%hit	POLL%	C1ACPI%	C2ACPI%	C3ACPI%	CPU%c1	CPU%c6	CPU%c7	CoreTmp	CoreThr	PkgTmp	GFX%rc6	GFXMHz	GFXAMHz	SAM%mc6	SAMMHz	SAMAMHz	Totl%C0	Any%C0	GFX%C0	CPUGFX%	Pkg%pc2	Pkg%pc3	Pkg%pc6	Pkg%pc8	Pk%pc10	CPU%LPI	SYS%LPI	PkgWatt	CorWatt	GFXWatt	RAMWatt	PKG_%	RAM_%	UncMHz	SysWatt
2026-08-17 22:20:17.928258 -	-	1147	24.00	4778	3686	0.70	322804	5	0	498	58.62	1179	52.39	0.65	39.96	29.30	7.21	69.38	4.87	1.33	50	0	50	100.00	0	0	100.02	0	0	594.52	99.64	0.00	0.00	0.00	0.00	0.00	0.00	0.00	0.00	0.00	78.61	63.54	0.00	0.00	0.00	0.00	4000	0.00
2026-08-17 22:20:17.928263 0	0	1234	24.98	4942	3686	0.67	10936	1	0	27	62.46	49	40.49	0.59	37.83	31.95	5.84	62.21	9.67	2.47	50	0	50	99.99	0	0	100.01	0	0	594.49	99.63	0.00	0.00	0.00	0.00	0.00	0.00	0.00	0.00	0.00	78.60	63.53	0.00	0.00	0.00	0.00	4000
2026-08-17 22:20:17.928267 4	1	1239	24.02	5158	3686	0.73	16600	0	0	24	56.78	51	47.73	0.47	46.92	27.53	2.18	75.57	0.00	0.00	48	0
2026-08-17 22:20:17.928272 16	2	1275	24.92	5115	3686	0.70	10839	0	0	29	61.86	55	42.09	0.51	41.25	29.70	4.65	60.56	11.90	2.00	46	0
2026-08-17 22:20:17.928275 20	3	1314	25.54	5144	3686	0.75	10741	0	0	30	62.16	57	43.24	0.54	41.17	28.07	5.74	59.36	11.72	2.77	50	0
2026-08-17 22:20:17.928280 24	4	1340	26.11	5133	3686	0.69	10901	0	0	30	61.70	56	41.46	0.59	39.83	28.19	6.39	60.33	9.87	3.10	48	0
2026-08-17 22:20:17.928283 28	5	1221	24.08	5069	3686	0.75	9950	0	0	28	62.17	54	44.01	0.48	36.16	31.02	9.23	58.51	12.27	4.51	48	0
2026-08-17 22:20:17.928286 40	6	1336	26.14	5111	3686	0.70	10146	1	0	30	62.31	55	42.22	0.59	31.86	28.72	13.78	55.90	10.41	6.93	48	0
2026-08-17 22:20:17.928290 44	7	1066	21.17	5035	3686	0.70	8925	0	0	24	62.75	45	43.63	0.52	30.18	31.87	17.26	54.63	13.42	10.12	44	0
2026-08-17 22:20:17.928293 8	8	1142	24.81	4603	3686	0.68	13801	0	0	18	56.23	49	56.46	0.67	38.13	28.98	8.50	73.02	1.85	0.00	48	0
2026-08-17 22:20:17.928297 9	9	1274	27.64	4610	3686	0.65	16611	1	0	20	57.30	53	55.01	0.87	41.99	26.00	4.88	69.30	2.74	0.00	48	0
2026-08-17 22:20:17.928300 10	10	1146	24.89	4605	3686	0.71	13197	0	0	18	55.72	50	57.72	0.63	39.34	28.88	7.30	73.56	1.24	0.00	48	0
2026-08-17 22:20:17.928303 11	11	967	21.00	4603	3686	0.68	14034	0	0	14	55.04	43	60.63	0.63	40.55	29.22	9.63	75.37	3.28	0.00	48	0
2026-08-17 22:20:17.928307 12	12	1114	24.19	4605	3686	0.69	14604	1	0	17	56.87	47	56.08	0.76	40.19	28.85	7.22	73.34	2.15	0.00	48	0
2026-08-17 22:20:17.928310 13	13	1181	25.66	4601	3686	0.68	13993	0	0	19	55.82	52	56.69	0.62	40.76	26.87	7.15	71.21	2.81	0.00	48	0
2026-08-17 22:20:17.928313 14	14	1190	25.83	4607	3686	0.71	15870	0	0	19	57.88	52	57.10	0.79	40.79	27.69	6.15	71.96	1.89	0.00	48	0
2026-08-17 22:20:17.928316 15	15	912	19.83	4600	3686	0.74	11839	0	0	14	55.64	39	58.01	0.55	37.20	32.08	11.26	75.23	4.58	0.00	48	0
2026-08-17 22:20:17.928320 32	16	1028	22.13	4645	3686	0.69	15201	0	0	16	57.21	43	55.89	0.78	45.05	28.16	5.10	74.90	2.63	0.00	48	0
2026-08-17 22:20:17.928332 33	17	1171	25.23	4642	3686	0.66	14789	0	0	19	56.29	49	54.97	0.85	42.32	28.20	4.70	72.77	1.69	0.00	48	0
2026-08-17 22:20:17.928336 34	18	1177	25.48	4621	3686	0.72	19787	0	0	18	55.80	52	60.68	0.62	41.96	28.82	4.17	73.30	0.91	0.00	48	0
2026-08-17 22:20:17.928339 35	19	948	20.37	4654	3686	0.69	13625	0	0	15	55.99	41	58.15	0.66	41.86	31.92	6.26	76.16	3.12	0.00	48	0
2026-08-17 22:20:17.928342 36	20	1136	24.67	4607	3686	0.69	15686	0	0	18	57.19	47	56.41	0.77	42.60	28.43	4.78	73.13	1.87	0.00	48	0
2026-08-17 22:20:17.928345 37	21	1169	25.31	4619	3686	0.75	13015	1	0	19	52.42	58	61.60	0.72	40.11	29.39	5.60	71.69	2.67	0.00	48	0
2026-08-17 22:20:17.928348 38	22	1062	22.97	4625	3686	0.68	14141	0	0	16	56.12	46	58.09	0.78	41.56	29.14	6.77	74.62	2.08	0.00	48	0
2026-08-17 22:20:17.928352 39	23	879	19.08	4607	3686	0.69	13573	0	0	14	57.72	37	57.14	0.70	39.43	33.43	8.48	78.42	2.15	0.00	48	0
2026-08-17 22:20:22.931154 Core	CPU	Avg_MHz	Busy%	Bzy_MHz	TSC_MHz	IPC	IRQ	NMI	SMI	LLCMRPS	LLC%hit	L2MRPS	L2%hit	POLL%	C1ACPI%	C2ACPI%	C3ACPI%	CPU%c1	CPU%c6	CPU%c7	CoreTmp	CoreThr	PkgTmp	GFX%rc6	GFXMHz	GFXAMHz	SAM%mc6	SAMMHz	SAMAMHz	Totl%C0	Any%C0	GFX%C0	CPUGFX%	Pkg%pc2	Pkg%pc3	Pkg%pc6	Pkg%pc8	Pk%pc10	CPU%LPI	SYS%LPI	PkgWatt	CorWatt	GFXWatt	RAMWatt	PKG_%	RAM_%	UncMHz	SysWatt
2026-08-17 22:20:22.931213 -	-	1040	21.82	4765	3686	0.69	326810	0	0	476	63.50	1073	49.81	0.70	41.27	30.04	7.34	71.31	5.24	1.20	52	0	52	100.00	0	0	100.00	0	0	542.10	99.63	0.00	0.00	0.00	0.00	0.00	0.00	0.00	0.00	0.00	75.65	60.71	0.00	0.00	0.00	0.00	4000	0.00
2026-08-17 22:20:22.931219 0	0	1065	21.84	4877	3686	0.67	10960	0	0	25	66.67	44	38.18	0.57	37.95	36.01	4.79	61.74	13.94	1.75	50	0	52	100.00	0	0	100.00	0	0	542.13	99.63	0.00	0.00	0.00	0.00	0.00	0.00	0.00	0.00	0.00	75.65	60.71	0.00	0.00	0.00	0.00	4000
2026-08-17 22:20:22.931222 4	1	1448	27.67	5234	3686	0.76	17387	0	0	31	61.17	63	45.81	0.55	45.25	24.41	3.32	71.93	0.00	0.00	50	0
2026-08-17 22:20:22.931227 16	2	1174	23.03	5100	3686	0.71	10945	0	0	29	65.19	52	40.38	0.53	41.29	33.08	3.11	61.07	13.72	1.57	46	0
2026-08-17 22:20:22.931231 20	3	1270	24.79	5123	3686	0.71	11224	0	0	31	65.50	56	39.88	0.55	40.67	29.91	5.14	60.08	12.18	2.34	50	0
2026-08-17 22:20:22.931234 24	4	1223	23.83	5132	3686	0.71	10450	0	0	30	64.94	54	40.05	0.51	39.55	30.29	6.82	58.74	13.31	3.49	52	0
2026-08-17 22:20:22.931237 28	5	1224	24.02	5096	3686	0.71	11523	0	0	29	66.32	52	39.06	0.66	38.40	31.31	6.79	59.19	12.68	3.52	48	0
2026-08-17 22:20:22.931241 40	6	1179	23.16	5091	3686	0.63	10741	0	0	29	67.16	48	36.55	0.58	34.23	29.50	13.65	57.99	10.85	7.40	52	0
2026-08-17 22:20:22.931244 44	7	781	15.84	4929	3686	0.64	8939	0	0	20	68.38	33	37.47	0.40	31.90	38.48	14.25	57.00	17.65	8.83	46	0
2026-08-17 22:20:22.931248 8	8	1093	23.92	4570	3686	0.68	14285	0	0	18	62.20	46	54.10	0.72	39.83	27.89	8.81	74.84	0.93	0.00	48	0
2026-08-17 22:20:22.931251 9	9	935	20.50	4562	3686	0.70	14116	0	0	15	61.18	42	56.83	0.73	42.85	28.69	8.41	77.41	1.75	0.00	48	0
2026-08-17 22:20:22.931255 10	10	1014	22.21	4567	3686	0.70	13518	0	0	16	61.74	44	55.49	0.67	39.71	29.81	8.68	75.21	2.24	0.00	48	0
2026-08-17 22:20:22.931258 11	11	758	16.65	4555	3686	0.64	14645	0	0	12	63.57	31	55.09	0.73	43.57	32.08	8.11	79.06	3.92	0.00	48	0
2026-08-17 22:20:22.931261 12	12	930	20.44	4550	3686	0.67	14780	0	0	15	62.26	40	55.66	0.80	45.51	29.32	5.18	77.33	1.89	0.00	48	0
2026-08-17 22:20:22.931265 13	13	1047	22.94	4562	3686	0.70	13886	0	0	17	61.13	47	56.16	0.70	41.03	27.71	8.75	73.97	2.75	0.00	48	0
2026-08-17 22:20:22.931268 14	14	901	19.81	4549	3686	0.67	14552	0	0	15	62.50	38	55.37	0.87	44.30	29.33	7.00	78.76	1.09	0.00	48	0
2026-08-17 22:20:22.931272 15	15	751	16.49	4551	3686	0.64	12185	0	0	12	62.83	30	54.07	0.72	39.84	31.70	12.35	80.07	3.08	0.00	48	0
2026-08-17 22:20:22.931275 32	16	1035	22.33	4638	3686	0.63	15673	0	0	17	62.82	41	52.39	0.99	42.57	29.21	6.35	76.26	1.09	0.00	48	0
2026-08-17 22:20:22.931278 33	17	1131	24.38	4639	3686	0.67	15141	0	0	19	61.46	48	54.24	0.92	43.05	27.86	5.17	73.33	1.96	0.00	48	0
2026-08-17 22:20:22.931282 34	18	1141	24.74	4611	3686	0.68	20269	0	0	17	61.19	46	57.41	0.76	42.75	28.03	4.93	73.74	1.20	0.00	48	0
2026-08-17 22:20:22.931294 35	19	806	17.36	4644	3686	0.67	14197	0	0	13	62.68	34	55.40	0.70	43.95	33.33	5.80	80.74	1.55	0.00	48	0
2026-08-17 22:20:22.931297 36	20	1024	22.29	4595	3686	0.68	15210	0	0	17	60.68	45	56.28	0.87	45.00	28.27	4.90	75.68	1.69	0.00	50	0
2026-08-17 22:20:22.931301 37	21	1101	23.90	4608	3686	0.75	13424	0	0	19	58.56	56	60.55	0.76	43.61	27.15	5.76	73.05	2.72	0.00	50	0
2026-08-17 22:20:22.931304 38	22	1088	23.57	4615	3686	0.67	14683	0	0	18	61.32	47	55.91	0.82	42.44	27.86	6.59	74.66	1.45	0.00	50	0
2026-08-17 22:20:22.931307 39	23	829	17.95	4620	3686	0.66	14077	0	0	13	63.64	34	54.27	0.74	41.25	29.74	11.49	79.68	2.02	0.00	50	0
2026-08-17 22:20:27.933688 Core	CPU	Avg_MHz	Busy%	Bzy_MHz	TSC_MHz	IPC	IRQ	NMI	SMI	LLCMRPS	LLC%hit	L2MRPS	L2%hit	POLL%	C1ACPI%	C2ACPI%	C3ACPI%	CPU%c1	CPU%c6	CPU%c7	CoreTmp	CoreThr	PkgTmp	GFX%rc6	GFXMHz	GFXAMHz	SAM%mc6	SAMMHz	SAMAMHz	Totl%C0	Any%C0	GFX%C0	CPUGFX%	Pkg%pc2	Pkg%pc3	Pkg%pc6	Pkg%pc8	Pk%pc10	CPU%LPI	SYS%LPI	PkgWatt	CorWatt	GFXWatt	RAMWatt	PKG_%	RAM_%	UncMHz	SysWatt
2026-08-17 22:20:27.933752 -	-	1012	21.35	4742	3686	0.69	321132	3	0	467	64.47	1061	50.15	0.67	39.79	31.04	8.29	71.07	5.72	1.43	54	0	57	99.99	0	0	99.99	0	0	531.98	99.64	0.00	0.00	0.00	0.00	0.00	0.00	0.00	0.00	0.00	73.86	59.00	0.00	0.00	0.00	0.00	4000	0.00
2026-08-17 22:20:27.933757 0	0	1082	22.20	4875	3686	0.69	10451	0	0	26	66.83	47	39.44	0.55	33.84	33.93	10.63	61.44	10.65	4.99	50	0	57	99.98	0	0	99.98	0	0	531.96	99.63	0.00	0.00	0.00	0.00	0.00	0.00	0.00	0.00	0.00	73.86	58.99	0.00	0.00	0.00	0.00	4000
2026-08-17 22:20:27.933761 4	1	1394	26.70	5220	3686	0.66	18401	0	0	31	62.86	56	40.92	0.69	43.76	26.52	3.67	72.89	0.00	0.00	54	0
2026-08-17 22:20:27.933764 16	2	1081	21.36	5062	3686	0.69	10407	1	0	27	67.30	48	39.40	0.48	39.21	34.01	5.93	60.93	13.73	3.35	46	0
2026-08-17 22:20:27.933769 20	3	1193	23.40	5098	3686	0.69	11219	1	0	29	66.66	53	39.68	0.54	39.75	30.24	7.14	60.63	11.68	3.69	50	0
2026-08-17 22:20:27.933773 24	4	1088	21.52	5056	3686	0.70	10308	0	0	28	67.15	50	40.34	0.47	38.76	32.55	7.66	59.64	13.73	4.46	48	0
2026-08-17 22:20:27.933776 28	5	1143	22.48	5083	3686	0.74	10494	0	0	29	66.64	54	41.42	0.51	37.45	32.69	7.89	58.08	14.28	4.53	48	0
2026-08-17 22:20:27.933780 40	6	1006	19.97	5036	3686	0.70	9867	0	0	25	68.16	45	39.53	0.51	35.78	36.96	7.77	55.41	19.05	4.89	46	0
2026-08-17 22:20:27.933783 44	7	701	14.50	4835	3686	0.65	8828	0	0	19	70.84	32	37.63	0.34	30.61	42.16	13.18	53.62	22.74	8.41	50	0
2026-08-17 22:20:27.933787 8	8	957	21.06	4543	3686	0.73	12874	0	0	16	60.80	44	57.45	0.69	38.53	32.07	8.73	78.11	0.52	0.00	48	0
2026-08-17 22:20:27.933790 9	9	1065	23.29	4574	3686	0.70	15188	0	0	18	62.78	47	56.09	0.86	42.96	27.62	6.59	73.40	2.96	0.00	48	0
2026-08-17 22:20:27.933793 10	10	992	21.76	4558	3686	0.67	14130	0	0	16	63.64	41	54.13	0.72	42.29	27.33	9.06	75.22	2.68	0.00	48	0
2026-08-17 22:20:27.933796 11	11	738	16.20	4556	3686	0.68	13798	1	0	12	64.23	31	55.63	0.68	40.52	31.94	11.73	77.90	5.53	0.00	48	0
2026-08-17 22:20:27.933800 12	12	868	19.07	4551	3686	0.68	13756	0	0	14	63.76	38	55.75	0.69	39.18	32.80	9.37	79.01	1.58	0.00	48	0
2026-08-17 22:20:27.933804 13	13	1119	24.53	4563	3686	0.71	12912	0	0	19	61.22	50	55.96	0.84	38.29	27.97	9.63	74.35	0.80	0.00	48	0
2026-08-17 22:20:27.933808 14	14	1133	24.71	4584	3686	0.68	16165	0	0	18	63.33	48	55.67	0.94	41.74	26.87	7.17	74.25	0.72	0.00	48	0
2026-08-17 22:20:27.933812 15	15	705	15.47	4556	3686	0.66	12155	0	0	11	64.09	29	54.78	0.64	39.44	33.45	12.03	80.90	3.27	0.00	48	0
2026-08-17 22:20:27.933815 32	16	962	20.78	4627	3686	0.71	14587	0	0	15	63.05	42	56.81	0.77	41.66	29.74	8.25	76.76	2.12	0.00	48	0
2026-08-17 22:20:27.933818 33	17	1153	24.86	4640	3686	0.70	14788	0	0	19	62.38	50	55.32	0.90	42.50	26.76	6.33	73.22	1.60	0.00	48	0
2026-08-17 22:20:27.933822 34	18	1030	22.40	4598	3686	0.69	18923	0	0	15	61.44	43	58.52	0.66	42.08	30.39	5.58	77.07	0.22	0.00	48	0
2026-08-17 22:20:27.933825 35	19	860	18.60	4626	3686	0.66	14412	0	0	14	63.13	36	54.97	0.75	41.94	32.52	7.39	78.47	2.58	0.00	48	0
2026-08-17 22:20:27.933828 36	20	1040	22.58	4605	3686	0.68	14886	0	0	17	62.75	45	55.22	0.72	42.55	27.15	8.18	75.20	1.88	0.00	48	0
2026-08-17 22:20:27.933841 37	21	1199	26.06	4602	3686	0.78	13884	0	0	20	59.01	58	58.59	0.71	38.39	28.53	7.45	72.28	1.35	0.00	48	0
2026-08-17 22:20:27.933844 38	22	1064	23.11	4605	3686	0.65	15396	0	0	17	63.43	44	53.71	0.79	42.26	27.32	7.78	75.74	0.83	0.00	48	0
2026-08-17 22:20:27.933847 39	23	727	15.79	4604	3686	0.66	13303	0	0	11	62.87	29	54.85	0.62	41.50	33.38	9.73	81.12	2.74	0.00	48	0
2026-08-17 22:20:32.936491 Core	CPU	Avg_MHz	Busy%	Bzy_MHz	TSC_MHz	IPC	IRQ	NMI	SMI	LLCMRPS	LLC%hit	L2MRPS	L2%hit	POLL%	C1ACPI%	C2ACPI%	C3ACPI%	CPU%c1	CPU%c6	CPU%c7	CoreTmp	CoreThr	PkgTmp	GFX%rc6	GFXMHz	GFXAMHz	SAM%mc6	SAMMHz	SAMAMHz	Totl%C0	Any%C0	GFX%C0	CPUGFX%	Pkg%pc2	Pkg%pc3	Pkg%pc6	Pkg%pc8	Pk%pc10	CPU%LPI	SYS%LPI	PkgWatt	CorWatt	GFXWatt	RAMWatt	PKG_%	RAM_%	UncMHz	SysWatt
2026-08-17 22:20:32.936557 -	-	1007	21.27	4733	3686	0.70	324576	9	0	465	64.37	1056	50.01	0.65	38.61	32.19	8.39	71.09	5.64	1.57	54	0	52	100.01	0	0	99.99	0	0	526.82	99.63	0.00	0.00	0.00	0.00	0.00	0.00	0.00	0.00	0.00	73.41	58.55	0.00	0.00	0.00	0.00	4000	0.00
2026-08-17 22:20:32.936563 0	0	1117	22.88	4881	3686	0.75	10471	0	0	27	65.63	49	40.99	0.57	34.50	31.66	11.54	61.58	10.42	4.41	50	0	52	100.01	0	0	99.99	0	0	526.82	99.63	0.00	0.00	0.00	0.00	0.00	0.00	0.00	0.00	0.00	73.41	58.55	0.00	0.00	0.00	0.00	4000
2026-08-17 22:20:32.936568 4	1	1413	27.21	5193	3686	0.78	17536	1	0	31	61.52	63	46.30	0.60	40.16	29.63	3.67	72.38	0.00	0.00	48	0
2026-08-17 22:20:32.936573 16	2	1007	20.03	5026	3686	0.70	10288	0	0	26	66.76	46	39.75	0.44	37.82	37.32	5.33	60.69	16.08	2.54	48	0
2026-08-17 22:20:32.936577 20	3	1176	23.19	5071	3686	0.69	10757	0	0	30	67.19	53	38.51	0.51	36.52	31.59	9.22	56.99	14.02	5.12	48	0
2026-08-17 22:20:32.936581 24	4	1123	22.18	5065	3686	0.71	10612	1	0	28	67.49	50	38.79	0.51	38.96	33.95	5.41	58.56	15.50	3.11	54	0
2026-08-17 22:20:32.936586 28	5	1032	20.59	5012	3686	0.69	10332	1	0	27	67.96	47	39.02	0.52	36.36	35.76	7.79	57.26	16.56	4.90	50	0
2026-08-17 22:20:32.936591 40	6	992	19.74	5027	3686	0.67	10227	0	0	25	67.97	44	38.13	0.53	35.34	35.53	9.89	57.03	16.89	5.66	46	0
2026-08-17 22:20:32.936596 44	7	743	15.14	4907	3686	0.64	8728	0	0	19	70.17	33	37.94	0.41	29.37	38.16	17.77	52.25	19.89	12.00	48	0
2026-08-17 22:20:32.936601 8	8	1012	22.17	4566	3686	0.71	13970	0	0	17	63.18	44	55.21	0.66	39.02	32.26	6.96	76.20	1.30	0.00	48	0
2026-08-17 22:20:32.936605 9	9	1123	24.55	4576	3686	0.73	15288	0	0	19	62.03	53	57.23	0.81	40.61	29.13	6.17	73.19	1.94	0.00	48	0
2026-08-17 22:20:32.936609 10	10	1001	21.89	4575	3686	0.66	14402	0	0	17	63.29	42	53.57	0.71	40.18	30.55	7.83	76.68	1.11	0.00	48	0
2026-08-17 22:20:32.936613 11	11	846	18.54	4566	3686	0.65	14287	0	0	14	63.73	35	53.67	0.64	38.10	30.48	13.30	79.45	1.67	0.00	48	0
2026-08-17 22:20:32.936617 12	12	963	21.15	4551	3686	0.68	14699	0	0	16	62.90	41	54.97	0.72	40.24	28.67	10.39	77.27	1.25	0.00	48	0
2026-08-17 22:20:32.936622 13	13	1113	24.39	4564	3686	0.68	13978	1	0	19	61.95	48	54.30	0.79	38.52	29.85	7.69	74.88	0.42	0.00	48	0
2026-08-17 22:20:32.936626 14	14	1112	24.36	4566	3686	0.65	16266	0	0	18	63.21	45	52.53	0.85	39.21	28.27	8.65	73.36	1.96	0.00	48	0
2026-08-17 22:20:32.936630 15	15	745	16.30	4573	3686	0.63	12242	1	0	11	62.97	30	53.77	0.65	35.83	34.06	14.19	81.60	1.75	0.00	48	0
2026-08-17 22:20:32.936634 32	16	1006	21.77	4621	3686	0.63	15954	1	0	16	64.05	39	52.26	0.86	39.12	29.58	9.99	75.85	2.05	0.00	48	0
2026-08-17 22:20:32.936639 33	17	1044	22.58	4622	3686	0.67	14609	1	0	17	61.70	44	54.36	0.77	39.16	31.07	7.64	75.82	1.28	0.00	48	0
2026-08-17 22:20:32.936643 34	18	1100	24.00	4584	3686	0.70	19326	0	0	17	61.70	47	59.03	0.65	38.09	30.49	7.85	74.20	1.47	0.00	48	0
2026-08-17 22:20:32.936647 35	19	753	16.30	4619	3686	0.66	14176	0	0	12	63.76	31	54.77	0.64	42.12	35.83	6.17	82.47	0.89	0.00	48	0
2026-08-17 22:20:32.936651 36	20	1044	22.73	4591	3686	0.72	14812	1	0	17	62.00	47	57.26	0.73	41.62	30.62	5.48	74.97	1.97	0.00	50	0
2026-08-17 22:20:32.936656 37	21	1004	21.88	4589	3686	0.80	13676	0	0	17	58.73	52	61.38	0.67	41.91	31.13	5.49	75.32	2.45	0.00	50	0
2026-08-17 22:20:32.936667 38	22	1097	23.87	4595	3686	0.68	15968	1	0	18	63.15	47	54.85	0.67	42.62	28.11	5.89	73.42	2.39	0.00	50	0
2026-08-17 22:20:32.936670 39	23	594	13.01	4564	3686	0.81	11972	0	0	9	61.64	26	58.68	0.57	41.36	38.87	7.13	84.65	1.99	0.00	50	0
2026-08-17 22:20:37.940924 Core	CPU	Avg_MHz	Busy%	Bzy_MHz	TSC_MHz	IPC	IRQ	NMI	SMI	LLCMRPS	LLC%hit	L2MRPS	L2%hit	POLL%	C1ACPI%	C2ACPI%	C3ACPI%	CPU%c1	CPU%c6	CPU%c7	CoreTmp	CoreThr	PkgTmp	GFX%rc6	GFXMHz	GFXAMHz	SAM%mc6	SAMMHz	SAMAMHz	Totl%C0	Any%C0	GFX%C0	CPUGFX%	Pkg%pc2	Pkg%pc3	Pkg%pc6	Pkg%pc8	Pk%pc10	CPU%LPI	SYS%LPI	PkgWatt	CorWatt	GFXWatt	RAMWatt	PKG_%	RAM_%	UncMHz	SysWatt
2026-08-17 22:20:37.941001 -	-	1048	22.02	4759	3686	0.74	442351	4	0	464	62.81	1082	51.05	0.63	39.78	29.95	8.71	71.33	4.93	1.31	58	0	58	99.95	0	0	99.97	0	0	542.54	99.63	0.00	0.00	0.00	0.00	0.00	0.00	0.00	0.00	0.00	76.12	61.20	0.00	0.00	0.00	0.00	4000	0.00
2026-08-17 22:20:37.941007 0	0	1100	22.44	4901	3686	0.77	15177	0	0	25	63.82	46	41.08	0.54	37.67	31.56	8.91	65.69	8.12	3.09	58	0	58	99.96	0	0	99.98	0	0	542.54	99.63	0.00	0.00	0.00	0.00	0.00	0.00	0.00	0.00	0.00	76.13	61.21	0.00	0.00	0.00	0.00	4000
2026-08-17 22:20:37.941011 4	1	1505	28.87	5213	3686	0.81	23264	0	0	31	61.38	63	45.47	0.60	39.99	27.78	4.02	70.73	0.00	0.00	52	0
2026-08-17 22:20:37.941015 16	2	1276	24.95	5114	3686	0.87	17227	0	0	28	65.54	53	41.53	0.54	38.69	31.97	4.89	59.45	12.83	2.15	52	0
2026-08-17 22:20:37.941019 20	3	1125	22.18	5070	3686	0.73	15958	0	0	27	65.91	49	39.83	0.56	37.95	32.27	8.10	60.74	11.96	4.50	56	0
2026-08-17 22:20:37.941023 24	4	1203	23.57	5106	3686	0.77	14270	0	0	28	64.60	51	40.26	0.48	41.00	30.06	5.87	60.93	11.70	3.20	54	0
2026-08-17 22:20:37.941026 28	5	1343	26.20	5127	3686	0.88	15232	0	0	29	64.77	53	39.88	0.52	35.98	28.10	10.21	56.91	10.82	5.47	52	0
2026-08-17 22:20:37.941030 40	6	1001	19.86	5042	3686	0.71	14001	0	0	24	66.77	43	40.26	0.52	39.19	32.37	9.09	61.38	12.98	5.16	48	0
2026-08-17 22:20:37.941033 44	7	872	17.53	4976	3686	0.66	16703	1	0	21	67.49	38	38.57	0.49	32.22	37.47	13.25	58.62	15.40	7.79	48	0
2026-08-17 22:20:37.941039 8	8	894	19.66	4547	3686	0.73	17017	0	0	15	61.38	41	57.05	0.56	39.51	31.66	9.57	79.40	0.62	0.00	50	0
2026-08-17 22:20:37.941042 9	9	1110	24.26	4574	3686	0.73	18793	0	0	19	59.76	52	57.90	0.78	41.03	27.33	7.85	73.24	2.16	0.00	50	0
2026-08-17 22:20:37.941046 10	10	1079	23.55	4584	3686	0.68	19816	1	0	17	61.98	45	54.37	0.74	41.77	26.82	8.32	73.85	2.28	0.00	50	0
2026-08-17 22:20:37.941050 11	11	871	19.06	4569	3686	0.64	20585	0	0	14	63.63	36	54.81	0.60	44.13	30.33	6.94	78.99	1.61	0.00	50	0
2026-08-17 22:20:37.941053 12	12	835	18.38	4545	3686	0.70	15398	0	0	13	61.46	37	57.61	0.64	43.33	32.64	6.09	76.64	4.60	0.00	50	0
2026-08-17 22:20:37.941057 13	13	1046	22.98	4552	3686	0.75	22180	0	0	17	59.21	48	58.47	0.67	41.58	28.82	7.06	74.97	1.73	0.00	50	0
2026-08-17 22:20:37.941060 14	14	945	20.81	4542	3686	0.75	21324	0	0	15	60.32	42	59.06	0.64	42.01	28.90	8.71	75.39	3.44	0.00	50	0
2026-08-17 22:20:37.941064 15	15	705	15.53	4543	3686	0.67	13347	0	0	11	61.22	30	56.67	0.57	40.50	35.27	9.09	81.90	2.22	0.00	50	0
2026-08-17 22:20:37.941067 32	16	1071	23.15	4627	3686	0.70	23617	0	0	17	60.97	47	55.86	0.74	41.55	26.81	8.93	75.02	1.51	0.00	50	0
2026-08-17 22:20:37.941071 33	17	1098	23.66	4643	3686	0.69	18946	0	0	18	61.13	47	54.91	0.68	41.21	27.68	7.89	72.30	3.69	0.00	50	0
2026-08-17 22:20:37.941075 34	18	1185	25.76	4600	3686	0.68	26147	1	0	17	60.76	48	57.74	0.71	38.06	26.99	9.64	73.12	0.81	0.00	50	0
2026-08-17 22:20:37.941079 35	19	788	17.00	4639	3686	0.67	18336	1	0	12	62.04	34	56.25	0.59	40.74	29.45	13.24	79.02	3.62	0.00	50	0
2026-08-17 22:20:37.941082 36	20	1078	23.51	4588	3686	0.70	18363	0	0	18	61.05	47	55.15	0.76	40.05	28.53	8.37	75.51	0.67	0.00	48	0
2026-08-17 22:20:37.941086 37	21	1215	26.43	4598	3686	0.79	18186	0	0	20	59.15	59	59.46	0.78	38.18	25.73	10.10	71.87	1.39	0.00	48	0
2026-08-17 22:20:37.941090 38	22	1046	22.72	4603	3686	0.73	23042	0	0	16	62.05	44	55.86	0.71	41.09	27.06	9.59	75.62	1.34	0.00	48	0
2026-08-17 22:20:37.941093 39	23	751	16.32	4601	3686	0.70	15422	0	0	12	62.24	32	55.64	0.66	37.42	33.25	13.42	80.50	2.84	0.00	48	0
2026-08-17 22:20:42.943392 Core	CPU	Avg_MHz	Busy%	Bzy_MHz	TSC_MHz	IPC	IRQ	NMI	SMI	LLCMRPS	LLC%hit	L2MRPS	L2%hit	POLL%	C1ACPI%	C2ACPI%	C3ACPI%	CPU%c1	CPU%c6	CPU%c7	CoreTmp	CoreThr	PkgTmp	GFX%rc6	GFXMHz	GFXAMHz	SAM%mc6	SAMMHz	SAMAMHz	Totl%C0	Any%C0	GFX%C0	CPUGFX%	Pkg%pc2	Pkg%pc3	Pkg%pc6	Pkg%pc8	Pk%pc10	CPU%LPI	SYS%LPI	PkgWatt	CorWatt	GFXWatt	RAMWatt	PKG_%	RAM_%	UncMHz	SysWatt
2026-08-17 22:20:42.943455 -	-	1213	25.09	4832	3687	0.81	580926	0	0	495	60.53	1177	51.73	0.66	45.49	25.06	4.86	71.05	3.05	0.43	52	0	53	100.03	0	0	100.03	0	0	604.48	99.64	0.00	0.00	0.00	0.00	0.00	0.00	0.00	0.00	0.00	86.09	70.95	0.00	0.00	0.00	0.00	4000	0.00
2026-08-17 22:20:42.943461 0	0	1358	26.88	5055	3686	0.90	20042	0	0	26	62.13	48	41.12	0.60	41.13	26.75	5.83	64.51	6.51	1.53	52	0	53	100.02	0	0	100.02	0	0	604.47	99.63	0.00	0.00	0.00	0.00	0.00	0.00	0.00	0.00	0.00	86.08	70.94	0.00	0.00	0.00	0.00	4000
2026-08-17 22:20:42.943465 4	1	1571	29.77	5276	3686	0.85	31025	0	0	31	59.89	64	46.19	0.55	48.77	19.85	2.24	69.84	0.00	0.00	50	0
2026-08-17 22:20:42.943469 16	2	1308	25.32	5165	3686	0.79	21348	0	0	30	62.86	56	43.03	0.55	46.35	25.48	3.38	67.53	5.85	0.78	50	0
2026-08-17 22:20:42.943473 20	3	1286	24.80	5184	3686	0.78	20503	0	0	28	63.30	53	41.87	0.55	47.90	25.04	2.78	66.63	6.94	1.11	52	0
2026-08-17 22:20:42.943476 24	4	2691	50.82	5296	3686	1.38	19104	0	0	26	49.96	56	43.20	0.52	32.22	15.74	1.60	41.75	6.31	0.75	50	0
2026-08-17 22:20:42.943480 28	5	1358	26.09	5203	3686	0.90	23582	0	0	26	62.66	50	42.67	0.47	49.62	22.00	2.82	66.73	5.77	0.91	52	0
2026-08-17 22:20:42.943484 40	6	1154	22.41	5148	3686	0.77	18818	0	0	26	64.46	50	42.88	0.47	47.34	25.94	4.86	66.64	8.35	2.02	48	0
2026-08-17 22:20:42.943488 44	7	1082	21.09	5131	3686	0.70	16799	0	0	24	63.97	44	40.37	0.48	44.65	27.66	7.15	67.18	8.08	3.10	48	0
2026-08-17 22:20:42.943492 8	8	1233	26.75	4609	3686	0.73	26003	0	0	21	60.54	56	56.31	0.61	46.54	23.32	3.88	71.16	1.77	0.00	48	0
2026-08-17 22:20:42.943496 9	9	1194	25.90	4612	3686	0.75	28027	0	0	20	59.34	56	58.04	0.75	47.05	23.59	3.97	71.40	2.37	0.00	48	0
2026-08-17 22:20:42.943499 10	10	1079	23.37	4618	3686	0.74	22754	0	0	18	59.84	47	56.36	0.66	46.76	25.58	4.75	73.60	2.69	0.00	48	0
2026-08-17 22:20:42.943503 11	11	1025	22.23	4614	3686	0.66	24053	0	0	16	61.13	42	54.28	0.73	46.54	25.92	5.81	76.93	0.53	0.00	48	0
2026-08-17 22:20:42.943506 12	12	1053	23.01	4579	3686	0.73	25049	0	0	17	60.77	48	57.27	0.73	47.74	26.19	3.57	75.68	0.99	0.00	50	0
2026-08-17 22:20:42.943509 13	13	1140	24.82	4594	3686	0.75	24876	0	0	19	59.73	51	56.99	0.72	47.02	23.49	5.13	73.70	1.16	0.00	50	0
2026-08-17 22:20:42.943513 14	14	1127	24.50	4602	3686	0.68	25160	0	0	18	61.30	47	54.19	0.87	46.80	24.02	5.19	72.85	2.31	0.00	50	0
2026-08-17 22:20:42.943516 15	15	876	19.05	4598	3686	0.68	20586	0	0	14	60.37	36	55.09	0.65	45.69	27.82	7.87	78.91	1.69	0.00	50	0
2026-08-17 22:20:42.943519 32	16	1091	23.52	4637	3686	0.72	26759	0	0	17	59.66	45	55.45	0.81	45.30	25.70	5.96	73.93	2.22	0.00	50	0
2026-08-17 22:20:42.943523 33	17	1040	22.45	4633	3686	0.71	26567	0	0	17	59.30	45	56.58	0.67	45.67	27.57	4.77	75.18	2.04	0.00	50	0
2026-08-17 22:20:42.943526 34	18	1226	26.56	4616	3686	0.72	32543	0	0	17	58.81	51	60.35	0.74	44.77	24.26	4.88	71.30	1.81	0.00	50	0
2026-08-17 22:20:42.943529 35	19	977	21.04	4643	3686	0.67	24675	0	0	16	60.71	41	54.71	0.74	43.72	29.28	6.45	78.05	0.59	0.00	50	0
2026-08-17 22:20:42.943533 36	20	1095	23.79	4603	3686	0.74	26389	0	0	18	59.77	49	57.01	0.71	44.78	26.25	5.66	74.65	1.24	0.00	50	0
2026-08-17 22:20:42.943536 37	21	1210	26.27	4607	3686	0.76	26756	0	0	20	59.53	57	59.08	0.76	44.12	24.42	5.69	72.89	0.53	0.00	50	0
2026-08-17 22:20:42.943539 38	22	1019	22.13	4606	3686	0.73	25417	0	0	17	59.62	46	57.73	0.69	47.31	27.03	4.00	75.59	1.95	0.00	50	0
2026-08-17 22:20:42.943543 39	23	906	19.67	4607	3686	0.72	24091	0	0	14	60.56	37	55.50	0.76	43.90	28.50	8.37	78.61	1.39	0.00	48	0
2026-08-17 22:20:47.947779 Core	CPU	Avg_MHz	Busy%	Bzy_MHz	TSC_MHz	IPC	IRQ	NMI	SMI	LLCMRPS	LLC%hit	L2MRPS	L2%hit	POLL%	C1ACPI%	C2ACPI%	C3ACPI%	CPU%c1	CPU%c6	CPU%c7	CoreTmp	CoreThr	PkgTmp	GFX%rc6	GFXMHz	GFXAMHz	SAM%mc6	SAMMHz	SAMAMHz	Totl%C0	Any%C0	GFX%C0	CPUGFX%	Pkg%pc2	Pkg%pc3	Pkg%pc6	Pkg%pc8	Pk%pc10	CPU%LPI	SYS%LPI	PkgWatt	CorWatt	GFXWatt	RAMWatt	PKG_%	RAM_%	UncMHz	SysWatt
2026-08-17 22:20:47.947853 -	-	1128	23.45	4812	3686	0.81	537669	4	0	490	64.19	1148	51.52	0.61	46.55	25.80	4.72	71.70	3.80	0.64	66	0	56	99.97	0	0	99.97	0	0	569.52	99.59	0.00	0.00	0.00	0.00	0.00	0.00	0.00	0.00	0.00	82.51	67.58	0.00	0.00	0.00	0.00	4000	0.00
2026-08-17 22:20:47.947859 0	0	1235	24.87	4964	3686	0.98	15582	0	0	24	64.32	45	40.83	0.45	38.27	29.99	7.46	64.19	7.48	2.82	48	0	56	100.01	0	0	100.01	0	0	569.75	99.63	0.00	0.00	0.00	0.00	0.00	0.00	0.00	0.00	0.00	82.55	67.60	0.00	0.00	0.00	0.00	4000
2026-08-17 22:20:47.947863 4	1	1564	29.74	5261	3686	0.85	26098	0	0	33	63.00	66	44.88	0.47	44.16	22.34	4.42	69.87	0.00	0.00	48	0
2026-08-17 22:20:47.947867 16	2	1405	27.05	5192	3686	0.82	20376	0	0	33	65.87	61	41.13	0.52	44.72	24.58	4.21	64.08	6.77	1.58	56	0
2026-08-17 22:20:47.947870 20	3	1347	25.98	5185	3686	0.77	18203	0	0	32	66.64	58	40.30	0.51	45.53	25.23	3.82	65.30	6.90	1.30	50	0
2026-08-17 22:20:47.947874 24	4	2066	39.33	5254	3686	1.29	14815	0	0	31	60.78	60	41.83	0.49	37.48	20.89	2.78	52.23	6.81	1.18	66	0
2026-08-17 22:20:47.947877 28	5	1206	23.43	5146	3686	0.88	18071	0	0	27	66.34	50	41.22	0.35	47.26	24.20	5.64	65.29	8.36	2.36	50	0
2026-08-17 22:20:47.947884 40	6	1118	21.85	5117	3686	0.72	17431	0	0	27	67.65	49	39.88	0.44	45.09	27.72	5.90	66.01	9.07	2.50	48	0
2026-08-17 22:20:47.947888 44	7	1004	19.76	5082	3686	0.72	15306	0	0	25	68.19	44	39.89	0.41	41.60	30.48	8.69	65.60	10.38	3.67	50	0
2026-08-17 22:20:47.947891 8	8	1057	23.06	4584	3686	0.71	22154	1	0	17	64.17	46	56.12	0.61	48.72	24.79	3.92	74.90	1.71	0.00	50	0
2026-08-17 22:20:47.947895 9	9	1233	26.85	4594	3686	0.76	28952	1	0	20	62.69	56	57.67	0.81	48.41	22.47	2.81	70.85	1.98	0.00	50	0
2026-08-17 22:20:47.947899 10	10	1043	22.72	4593	3686	0.74	26624	0	0	17	63.46	47	57.70	0.60	48.71	25.05	4.02	74.86	2.08	0.00	50	0
2026-08-17 22:20:47.947902 11	11	816	17.83	4577	3686	0.70	24035	0	0	13	64.46	35	55.91	0.60	48.57	27.88	6.18	79.26	2.55	0.00	50	0
2026-08-17 22:20:47.947905 12	12	1112	24.24	4589	3686	0.75	23705	0	0	18	63.67	49	56.79	0.75	47.06	23.88	5.34	73.32	2.10	0.00	50	0
2026-08-17 22:20:47.947909 13	13	1078	23.48	4592	3686	0.79	23020	0	0	18	61.78	53	60.59	0.64	47.00	25.70	4.29	73.19	2.98	0.00	50	0
2026-08-17 22:20:47.947912 14	14	976	21.34	4575	3686	0.72	27108	1	0	16	62.83	43	57.18	0.86	50.16	24.65	4.34	75.53	2.78	0.00	50	0
2026-08-17 22:20:47.947915 15	15	780	17.01	4584	3686	0.69	20828	0	0	12	64.51	33	56.56	0.55	50.09	28.71	4.63	80.38	2.26	0.00	50	0
2026-08-17 22:20:47.947919 32	16	930	20.09	4632	3686	0.77	24819	0	0	14	63.23	41	58.46	0.82	48.30	27.27	4.81	77.38	2.19	0.00	52	0
2026-08-17 22:20:47.947922 33	17	1060	22.86	4640	3686	0.74	22797	0	0	17	63.26	46	56.97	0.75	50.19	24.20	3.26	74.17	2.63	0.00	52	0
2026-08-17 22:20:47.947925 34	18	1204	26.01	4630	3686	0.72	28182	0	0	17	62.35	50	60.32	0.62	45.81	25.33	3.36	72.81	0.87	0.00	52	0
2026-08-17 22:20:47.947929 35	19	858	18.53	4631	3686	0.68	20372	0	0	14	64.68	37	56.32	0.70	50.01	28.82	3.16	79.10	2.01	0.00	52	0
2026-08-17 22:20:47.947932 36	20	1097	23.91	4589	3686	0.75	28415	0	0	19	62.76	52	57.98	0.66	45.43	26.03	5.14	73.81	1.95	0.00	50	0
2026-08-17 22:20:47.947935 37	21	1119	24.31	4604	3686	0.76	25023	0	0	18	62.96	51	58.42	0.78	47.14	24.32	4.76	74.13	1.24	0.00	50	0
2026-08-17 22:20:47.947939 38	22	993	21.61	4597	3686	0.76	26097	0	0	16	62.35	43	56.77	0.70	48.73	26.24	3.92	75.30	2.74	0.00	50	0
2026-08-17 22:20:47.947942 39	23	773	16.86	4587	3686	0.69	19656	1	0	12	63.83	33	56.76	0.66	48.72	28.51	6.36	79.30	3.47	0.00	50	0
2026-08-17 22:20:52.950125 Core	CPU	Avg_MHz	Busy%	Bzy_MHz	TSC_MHz	IPC	IRQ	NMI	SMI	LLCMRPS	LLC%hit	L2MRPS	L2%hit	POLL%	C1ACPI%	C2ACPI%	C3ACPI%	CPU%c1	CPU%c6	CPU%c7	CoreTmp	CoreThr	PkgTmp	GFX%rc6	GFXMHz	GFXAMHz	SAM%mc6	SAMMHz	SAMAMHz	Totl%C0	Any%C0	GFX%C0	CPUGFX%	Pkg%pc2	Pkg%pc3	Pkg%pc6	Pkg%pc8	Pk%pc10	CPU%LPI	SYS%LPI	PkgWatt	CorWatt	GFXWatt	RAMWatt	PKG_%	RAM_%	UncMHz	SysWatt
2026-08-17 22:20:52.950191 -	-	1118	23.36	4784	3686	0.79	358126	4	0	482	60.47	1114	50.64	0.55	39.63	30.33	7.14	71.26	4.06	0.92	54	0	53	100.03	0	0	100.03	0	0	566.69	99.67	0.00	0.00	0.00	0.00	0.00	0.00	0.00	0.00	0.00	79.70	64.68	0.00	0.00	0.00	0.00	4000	0.00
2026-08-17 22:20:52.950205 0	0	1390	27.69	5019	3686	0.88	10943	1	0	30	61.54	56	41.24	0.55	34.73	31.19	6.97	61.39	7.83	2.45	54	0	53	99.99	0	0	99.99	0	0	566.47	99.63	0.00	0.00	0.00	0.00	0.00	0.00	0.00	0.00	0.00	79.67	64.65	0.00	0.00	0.00	0.00	4000
2026-08-17 22:20:52.950210 4	1	1231	23.84	5163	3686	0.88	18043	0	0	23	58.09	47	47.07	0.45	46.18	29.18	1.45	75.75	0.00	0.00	50	0
2026-08-17 22:20:52.950214 16	2	1194	23.42	5098	3686	0.84	10826	0	0	27	62.81	51	41.94	0.42	41.18	31.44	4.46	63.50	10.64	1.86	48	0
2026-08-17 22:20:52.950218 20	3	1249	24.42	5115	3686	0.75	13420	0	0	29	63.28	53	40.03	0.53	40.90	29.85	5.35	64.26	8.85	1.91	50	0
2026-08-17 22:20:52.950221 24	4	1788	34.27	5218	3686	1.19	10174	1	0	28	59.78	54	40.80	0.50	36.09	25.29	4.81	53.89	9.34	2.00	54	0
2026-08-17 22:20:52.950225 28	5	1304	25.40	5134	3686	0.82	12741	0	0	29	63.17	54	39.78	0.46	38.55	27.84	8.71	58.83	10.20	4.98	50	0
2026-08-17 22:20:52.950229 40	6	1143	22.35	5114	3686	0.74	13113	1	0	27	64.00	48	40.04	0.50	43.44	29.22	5.50	62.72	11.77	2.58	52	0
2026-08-17 22:20:52.950233 44	7	930	18.47	5034	3686	0.69	11203	0	0	22	65.11	39	38.73	0.43	36.58	33.03	12.42	61.66	13.00	6.24	50	0
2026-08-17 22:20:52.950236 8	8	1101	24.01	4583	3686	0.71	16476	0	0	18	59.90	47	53.83	0.58	43.52	27.53	5.38	74.16	1.51	0.00	50	0
2026-08-17 22:20:52.950240 9	9	1104	24.07	4588	3686	0.74	15919	0	0	18	58.21	49	56.21	0.58	41.73	28.17	6.49	74.93	0.69	0.00	50	0
2026-08-17 22:20:52.950243 10	10	1067	23.21	4599	3686	0.69	16102	0	0	17	58.70	45	55.00	0.60	41.34	29.77	6.11	74.63	1.84	0.00	50	0
2026-08-17 22:20:52.950247 11	11	922	20.16	4575	3686	0.66	16953	0	0	14	58.47	36	52.95	0.54	39.08	32.46	8.72	78.12	1.38	0.00	50	0
2026-08-17 22:20:52.950251 12	12	1059	23.12	4582	3686	0.80	17179	0	0	17	58.97	44	54.21	0.58	37.48	31.48	8.36	76.28	0.28	0.00	50	0
2026-08-17 22:20:52.950254 13	13	1294	28.18	4591	3686	0.77	15609	0	0	21	58.10	57	55.42	0.64	37.54	26.34	8.38	70.13	1.39	0.00	50	0
2026-08-17 22:20:52.950258 14	14	1027	22.42	4579	3686	0.70	16710	0	0	17	58.80	44	55.42	0.65	39.75	29.63	8.64	74.70	2.54	0.00	50	0
2026-08-17 22:20:52.950261 15	15	797	17.40	4580	3686	0.70	13879	0	0	13	60.24	34	54.84	0.53	33.60	34.27	15.11	81.23	1.03	0.00	50	0
2026-08-17 22:20:52.950265 32	16	1033	22.27	4638	3686	0.75	16776	0	0	17	60.56	45	55.75	0.57	41.33	30.13	6.71	74.45	2.94	0.00	50	0
2026-08-17 22:20:52.950268 33	17	1076	23.17	4645	3686	0.78	14319	0	0	18	58.31	47	57.01	0.64	40.38	30.37	6.49	73.80	2.70	0.00	50	0
2026-08-17 22:20:52.950272 34	18	1343	29.05	4623	3686	0.73	22715	0	0	19	58.13	55	60.19	0.46	37.06	27.51	6.83	69.93	0.73	0.00	50	0
2026-08-17 22:20:52.950275 35	19	740	16.00	4629	3686	0.72	14392	0	0	12	60.29	32	56.48	0.49	42.78	34.65	6.99	82.38	1.28	0.00	50	0
2026-08-17 22:20:52.950279 36	20	993	21.69	4577	3686	0.74	15472	0	0	16	59.72	43	56.03	0.61	39.88	32.87	6.01	76.56	1.43	0.00	50	0
2026-08-17 22:20:52.950282 37	21	1278	27.74	4607	3686	0.81	15978	1	0	21	57.09	61	59.10	0.55	37.48	27.39	7.82	70.19	1.76	0.00	50	0
2026-08-17 22:20:52.950286 38	22	953	20.75	4590	3686	0.71	15419	0	0	15	59.66	41	55.76	0.62	41.07	32.50	6.11	76.42	2.49	0.00	50	0
2026-08-17 22:20:52.950289 39	23	806	17.52	4604	3686	0.69	13765	0	0	13	61.59	33	54.11	0.63	39.44	35.85	7.62	80.37	1.77	0.00	50	0
2026-08-17 22:20:57.952278 Core	CPU	Avg_MHz	Busy%	Bzy_MHz	TSC_MHz	IPC	IRQ	NMI	SMI	LLCMRPS	LLC%hit	L2MRPS	L2%hit	POLL%	C1ACPI%	C2ACPI%	C3ACPI%	CPU%c1	CPU%c6	CPU%c7	CoreTmp	CoreThr	PkgTmp	GFX%rc6	GFXMHz	GFXAMHz	SAM%mc6	SAMMHz	SAMAMHz	Totl%C0	Any%C0	GFX%C0	CPUGFX%	Pkg%pc2	Pkg%pc3	Pkg%pc6	Pkg%pc8	Pk%pc10	CPU%LPI	SYS%LPI	PkgWatt	CorWatt	GFXWatt	RAMWatt	PKG_%	RAM_%	UncMHz	SysWatt
2026-08-17 22:20:57.952397 -	-	1121	23.42	4786	3686	0.75	316513	3	0	493	59.63	1131	50.56	0.60	41.83	28.48	6.74	71.26	4.12	0.80	54	0	53	100.00	0	0	99.98	0	0	569.53	99.64	0.00	0.00	0.00	0.00	0.00	0.00	0.00	0.00	0.00	79.89	64.80	0.00	0.00	0.00	0.00	4000	0.00
2026-08-17 22:20:57.952423 0	0	1238	24.90	4972	3686	0.77	10306	0	0	26	60.83	48	38.89	0.59	37.34	30.86	7.49	64.90	7.47	2.11	50	0	53	100.00	0	0	99.98	0	0	569.51	99.63	0.00	0.00	0.00	0.00	0.00	0.00	0.00	0.00	0.00	79.89	64.80	0.00	0.00	0.00	0.00	4000
2026-08-17 22:20:57.952462 4	1	1353	25.94	5216	3686	0.77	18677	1	0	27	58.33	55	45.95	0.47	47.00	25.25	2.50	73.66	0.00	0.00	52	0
2026-08-17 22:20:57.952480 16	2	1276	24.84	5136	3686	0.77	10730	1	0	30	61.78	55	41.11	0.46	43.04	29.00	3.63	61.92	10.88	1.78	52	0
2026-08-17 22:20:57.952496 20	3	1275	24.79	5144	3686	0.75	10875	0	0	30	61.87	55	41.08	0.49	43.23	28.28	4.22	63.09	10.05	1.50	50	0
2026-08-17 22:20:57.952513 24	4	1565	30.21	5179	3686	1.02	9967	0	0	29	60.74	54	40.98	0.48	38.84	25.67	5.76	58.58	8.51	2.16	54	0
2026-08-17 22:20:57.952529 28	5	1270	24.75	5131	3686	0.87	10302	0	0	27	62.38	49	40.55	0.52	40.54	29.33	5.89	60.74	11.07	2.84	48	0
2026-08-17 22:20:57.952545 40	6	1176	22.99	5116	3686	0.75	10282	0	0	27	63.30	48	40.23	0.41	40.73	28.26	8.54	62.36	10.08	3.97	50	0
2026-08-17 22:20:57.952562 44	7	968	19.18	5047	3686	0.69	9789	0	0	23	65.34	41	39.48	0.42	40.26	31.82	9.27	62.29	13.12	4.79	48	0
2026-08-17 22:20:57.952578 8	8	1098	23.93	4588	3686	0.75	12943	0	0	18	58.03	46	53.53	0.56	40.56	25.87	10.05	73.48	2.26	0.00	50	0
2026-08-17 22:20:57.952595 9	9	1137	24.80	4585	3686	0.73	13737	0	0	19	56.77	51	56.72	0.72	41.46	27.86	6.33	73.38	1.50	0.00	50	0
2026-08-17 22:20:57.952615 10	10	1029	22.39	4597	3686	0.66	13368	0	0	17	58.95	43	53.37	0.71	44.20	27.67	6.18	75.47	1.81	0.00	50	0
2026-08-17 22:20:57.952632 11	11	1007	21.87	4605	3686	0.64	15142	0	0	17	59.65	40	52.13	0.73	41.28	27.82	9.47	77.32	0.49	0.00	50	0
2026-08-17 22:20:57.952648 12	12	1025	22.43	4572	3686	0.67	14403	1	0	17	58.43	43	53.55	0.70	43.37	28.65	6.02	75.08	2.16	0.00	48	0
2026-08-17 22:20:57.952665 13	13	1137	24.85	4577	3686	0.72	13279	0	0	19	57.60	51	55.84	0.66	41.15	27.08	7.34	73.29	1.54	0.00	48	0
2026-08-17 22:20:57.952682 14	14	1113	24.22	4595	3686	0.72	14617	0	0	18	58.09	49	57.14	0.86	42.30	26.48	7.45	74.71	0.76	0.00	48	0
2026-08-17 22:20:57.952698 15	15	828	18.06	4583	3686	0.66	12333	0	0	14	59.62	34	53.42	0.56	40.57	32.41	9.35	79.78	1.82	0.00	48	0
2026-08-17 22:20:57.952715 32	16	915	19.80	4621	3686	0.78	13422	0	0	15	58.35	41	57.63	0.68	42.35	33.38	4.88	77.34	2.52	0.00	50	0
2026-08-17 22:20:57.952732 33	17	1035	22.34	4632	3686	0.72	13419	0	0	17	57.37	45	56.13	0.65	42.47	29.41	6.20	76.38	0.96	0.00	50	0
2026-08-17 22:20:57.952748 34	18	1325	28.71	4613	3686	0.71	20081	0	0	19	56.91	54	58.15	0.67	37.83	26.25	7.66	69.61	1.38	0.00	50	0
2026-08-17 22:20:57.952764 35	19	899	19.39	4637	3686	0.65	13894	0	0	15	59.28	37	53.70	0.60	42.09	30.21	8.76	78.59	1.68	0.00	50	0
2026-08-17 22:20:57.952780 36	20	1089	23.65	4603	3686	0.71	14332	0	0	18	57.60	49	56.10	0.65	43.24	28.84	4.74	74.83	1.20	0.00	52	0
2026-08-17 22:20:57.952796 37	21	1234	26.72	4617	3686	0.80	13395	0	0	21	54.98	62	60.36	0.68	42.23	27.12	4.36	70.80	2.15	0.00	52	0
2026-08-17 22:20:57.952812 38	22	1062	23.00	4619	3686	0.69	13913	0	0	17	58.53	46	56.02	0.58	45.11	25.18	7.15	73.50	3.14	0.00	52	0
2026-08-17 22:20:57.952828 39	23	842	18.26	4614	3686	0.70	13307	0	0	13	58.77	35	55.53	0.64	42.64	30.90	8.62	79.13	2.27	0.00	52	0
2026-08-17 22:21:02.954645 Core	CPU	Avg_MHz	Busy%	Bzy_MHz	TSC_MHz	IPC	IRQ	NMI	SMI	LLCMRPS	LLC%hit	L2MRPS	L2%hit	POLL%	C1ACPI%	C2ACPI%	C3ACPI%	CPU%c1	CPU%c6	CPU%c7	CoreTmp	CoreThr	PkgTmp	GFX%rc6	GFXMHz	GFXAMHz	SAM%mc6	SAMMHz	SAMAMHz	Totl%C0	Any%C0	GFX%C0	CPUGFX%	Pkg%pc2	Pkg%pc3	Pkg%pc6	Pkg%pc8	Pk%pc10	CPU%LPI	SYS%LPI	PkgWatt	CorWatt	GFXWatt	RAMWatt	PKG_%	RAM_%	UncMHz	SysWatt
2026-08-17 22:21:02.954703 -	-	1094	22.95	4766	3686	0.74	317168	2	0	478	59.63	1104	50.81	0.57	40.90	29.67	6.95	71.10	4.48	1.06	54	0	55	99.99	0	0	99.99	0	0	561.41	99.63	0.00	0.00	0.00	0.00	0.00	0.00	0.00	0.00	0.00	78.00	62.95	0.00	0.00	0.00	0.00	4000	0.00
2026-08-17 22:21:02.954708 0	0	1030	21.22	4855	3686	0.72	10310	0	0	23	62.50	43	41.16	0.49	36.86	35.87	6.62	65.94	9.87	2.28	48	0	55	99.99	0	0	99.99	0	0	561.41	99.63	0.00	0.00	0.00	0.00	0.00	0.00	0.00	0.00	0.00	78.00	62.95	0.00	0.00	0.00	0.00	4000
2026-08-17 22:21:02.954713 4	1	1330	25.50	5217	3686	0.76	17662	0	0	27	58.04	55	45.19	0.41	47.94	25.37	1.83	74.10	0.00	0.00	54	0
2026-08-17 22:21:02.954725 16	2	1346	26.19	5138	3686	0.78	10908	0	0	31	61.54	57	40.34	0.44	39.14	28.62	6.55	60.64	9.43	3.16	48	0
2026-08-17 22:21:02.954729 20	3	1168	22.87	5106	3686	0.79	10844	1	0	26	62.45	48	40.49	0.47	42.34	30.63	4.67	62.68	11.78	2.09	50	0
2026-08-17 22:21:02.954732 24	4	1272	24.91	5107	3686	0.85	10274	0	0	28	62.38	52	40.76	0.41	37.84	31.37	6.37	59.38	11.87	3.24	54	0
2026-08-17 22:21:02.954735 28	5	1453	28.19	5155	3686	1.01	9790	1	0	26	60.66	47	39.70	0.42	37.30	28.97	6.02	55.73	12.42	3.07	50	0
2026-08-17 22:21:02.954739 40	6	1130	22.21	5088	3686	0.71	10316	0	0	27	63.45	48	39.65	0.45	37.06	31.59	9.65	60.89	11.34	4.96	48	0
2026-08-17 22:21:02.954742 44	7	832	16.69	4986	3686	0.66	9803	0	0	20	66.15	36	38.90	0.38	38.60	34.15	11.05	61.24	14.73	6.70	48	0
2026-08-17 22:21:02.954746 8	8	1036	22.62	4582	3686	0.74	12955	0	0	17	57.90	48	57.04	0.57	40.73	29.52	7.54	75.75	1.32	0.00	50	0
2026-08-17 22:21:02.954749 9	9	1104	24.09	4581	3686	0.72	15456	0	0	19	57.90	50	57.19	0.64	43.63	27.88	4.86	73.40	2.17	0.00	50	0
2026-08-17 22:21:02.954753 10	10	1008	21.95	4591	3686	0.70	13631	0	0	16	58.37	42	55.35	0.74	43.73	29.13	5.62	75.36	2.35	0.00	50	0
2026-08-17 22:21:02.954756 11	11	849	18.53	4582	3686	0.68	14426	0	0	13	59.68	35	55.57	0.69	42.34	32.62	6.92	77.78	3.34	0.00	50	0
2026-08-17 22:21:02.954759 12	12	1096	23.88	4591	3686	0.69	14333	0	0	18	58.60	46	54.33	0.71	40.64	29.85	6.08	75.20	0.60	0.00	52	0
2026-08-17 22:21:02.954763 13	13	1098	24.03	4570	3686	0.70	13300	0	0	18	57.37	47	55.03	0.66	41.42	29.38	5.59	73.27	2.37	0.00	52	0
2026-08-17 22:21:02.954766 14	14	1061	23.19	4578	3686	0.69	14820	0	0	18	58.51	46	54.86	0.68	42.92	28.93	5.41	74.69	1.79	0.00	52	0
2026-08-17 22:21:02.954769 15	15	881	19.22	4583	3686	0.68	12629	0	0	14	58.88	36	54.72	0.59	40.07	32.35	8.76	79.10	1.35	0.00	50	0
2026-08-17 22:21:02.954773 32	16	1106	23.89	4630	3686	0.73	14993	0	0	17	57.48	43	53.99	0.76	43.13	28.23	5.19	73.56	2.22	0.00	52	0
2026-08-17 22:21:02.954776 33	17	1062	22.88	4642	3686	0.72	13877	0	0	17	57.16	45	54.63	0.63	41.87	29.63	6.04	74.66	2.13	0.00	52	0
2026-08-17 22:21:02.954779 34	18	1351	29.25	4620	3686	0.72	19948	0	0	20	56.88	59	59.53	0.53	37.82	27.43	5.94	69.68	0.78	0.00	52	0
2026-08-17 22:21:02.954783 35	19	1010	21.73	4647	3686	0.75	13986	0	0	16	58.25	41	54.85	0.66	40.02	29.41	9.30	77.76	0.20	0.00	52	0
2026-08-17 22:21:02.954786 36	20	1092	23.83	4581	3686	0.69	14722	0	0	18	58.52	46	54.57	0.66	41.56	28.41	6.67	73.53	2.30	0.00	48	0
2026-08-17 22:21:02.954789 37	21	1152	25.07	4596	3686	0.83	12260	0	0	19	54.49	58	61.25	0.56	41.22	26.03	8.08	73.66	0.96	0.00	48	0
2026-08-17 22:21:02.954793 38	22	1016	22.12	4593	3686	0.66	13906	0	0	16	58.13	43	55.50	0.63	42.27	26.55	9.50	76.18	1.37	0.00	48	0
2026-08-17 22:21:02.954796 39	23	765	16.67	4588	3686	0.71	12019	0	0	12	57.56	32	56.89	0.52	41.06	30.21	12.46	82.14	0.86	0.00	50	0
2026-08-17 22:21:07.957603 Core	CPU	Avg_MHz	Busy%	Bzy_MHz	TSC_MHz	IPC	IRQ	NMI	SMI	LLCMRPS	LLC%hit	L2MRPS	L2%hit	POLL%	C1ACPI%	C2ACPI%	C3ACPI%	CPU%c1	CPU%c6	CPU%c7	CoreTmp	CoreThr	PkgTmp	GFX%rc6	GFXMHz	GFXAMHz	SAM%mc6	SAMMHz	SAMAMHz	Totl%C0	Any%C0	GFX%C0	CPUGFX%	Pkg%pc2	Pkg%pc3	Pkg%pc6	Pkg%pc8	Pk%pc10	CPU%LPI	SYS%LPI	PkgWatt	CorWatt	GFXWatt	RAMWatt	PKG_%	RAM_%	UncMHz	SysWatt
2026-08-17 22:21:07.957668 -	-	1245	25.79	4828	3686	0.83	520304	7	0	486	56.85	1158	51.95	0.66	39.30	28.39	6.97	69.59	3.59	0.65	68	0	70	99.98	0	0	100.00	0	0	622.15	99.62	0.00	0.00	0.00	0.00	0.00	0.00	0.00	0.00	0.00	86.13	70.95	0.00	0.00	0.00	0.00	4000	0.00
2026-08-17 22:21:07.957675 0	0	1366	27.29	5007	3686	0.84	15522	0	0	27	59.06	49	39.98	0.58	34.30	30.77	8.22	62.84	6.86	2.39	52	0	70	99.99	0	0	100.01	0	0	622.22	99.63	0.00	0.00	0.00	0.00	0.00	0.00	0.00	0.00	0.00	86.14	70.96	0.00	0.00	0.00	0.00	4000
2026-08-17 22:21:07.957680 4	1	1644	31.19	5272	3686	0.83	26042	0	0	31	56.33	62	44.76	0.57	39.94	25.49	3.99	68.44	0.00	0.00	52	0
2026-08-17 22:21:07.957684 16	2	1328	25.85	5138	3686	0.84	25004	0	0	28	59.57	52	42.14	0.53	40.25	29.06	5.35	63.37	8.59	1.66	54	0
2026-08-17 22:21:07.957688 20	3	1260	24.63	5116	3686	0.88	18171	0	0	25	60.18	50	44.79	0.49	39.73	30.61	5.54	64.74	8.36	1.74	56	0
2026-08-17 22:21:07.957700 24	4	3057	57.68	5300	3686	1.44	11603	0	0	26	46.61	55	41.83	0.54	24.04	15.20	3.42	35.32	5.68	0.99	68	0
2026-08-17 22:21:07.957703 28	5	1375	26.54	5182	3686	0.93	13436	0	0	26	59.48	50	42.92	0.46	45.09	25.61	3.25	61.81	9.39	1.72	52	0
2026-08-17 22:21:07.957707 40	6	1267	24.65	5141	3686	0.77	22921	0	0	28	60.68	51	41.63	0.52	41.99	28.09	5.78	62.25	10.04	2.49	56	0
2026-08-17 22:21:07.957711 44	7	1017	20.06	5071	3686	0.73	25202	0	0	22	62.40	42	42.51	0.48	39.92	31.18	9.35	64.28	10.55	4.52	52	0
2026-08-17 22:21:07.957715 8	8	1127	24.46	4608	3686	0.82	23942	0	0	17	55.60	48	58.08	0.61	40.39	28.97	6.59	73.96	1.27	0.00	50	0
2026-08-17 22:21:07.957718 9	9	1188	25.84	4596	3686	0.77	23473	0	0	19	54.54	54	59.22	0.73	40.81	27.94	5.84	71.90	1.95	0.00	52	0
2026-08-17 22:21:07.957721 10	10	1151	24.96	4611	3686	0.75	24476	0	0	18	56.23	51	59.09	0.72	39.04	27.82	8.59	73.74	0.99	0.00	52	0
2026-08-17 22:21:07.957725 11	11	941	20.43	4604	3686	0.65	27552	1	0	15	57.86	38	54.99	0.73	41.63	30.12	8.23	76.75	2.47	0.00	54	0
2026-08-17 22:21:07.957728 12	12	1031	22.50	4582	3686	0.68	22291	0	0	16	56.74	42	55.45	0.81	42.81	29.07	6.05	74.81	2.35	0.00	50	0
2026-08-17 22:21:07.957732 13	13	1185	25.83	4589	3686	0.69	25231	1	0	19	55.89	49	55.84	0.79	41.41	27.20	6.00	72.15	1.70	0.00	50	0
2026-08-17 22:21:07.957735 14	14	1023	22.26	4595	3686	0.70	23332	0	0	16	55.76	43	56.66	0.84	40.31	30.57	7.27	75.00	2.40	0.00	50	0
2026-08-17 22:21:07.957738 15	15	831	18.03	4608	3686	0.69	19065	0	0	13	56.49	34	56.43	0.66	40.09	32.43	9.83	79.13	2.50	0.00	50	0
2026-08-17 22:21:07.957742 32	16	1189	25.57	4649	3686	0.71	20861	1	0	19	56.53	49	55.15	0.81	40.05	29.91	4.89	72.63	1.49	0.00	52	0
2026-08-17 22:21:07.957745 33	17	1160	24.97	4645	3686	0.74	18679	1	0	19	54.30	51	56.56	0.75	40.43	27.76	7.25	73.33	1.38	0.00	52	0
2026-08-17 22:21:07.957748 34	18	1311	28.40	4617	3686	0.70	26897	1	0	19	55.58	54	60.00	0.63	37.45	27.32	7.25	70.52	0.78	0.00	52	0
2026-08-17 22:21:07.957752 35	19	996	21.46	4640	3686	0.69	24420	0	0	16	56.83	42	55.74	0.63	37.49	30.59	10.88	76.67	1.54	0.00	52	0
2026-08-17 22:21:07.957755 36	20	1028	22.41	4588	3686	0.73	17457	1	0	16	56.61	45	57.51	0.71	39.78	31.35	6.88	74.78	2.48	0.00	50	0
2026-08-17 22:21:07.957758 37	21	1254	27.20	4610	3686	0.76	23192	0	0	20	55.26	56	58.63	0.75	39.15	26.54	7.55	71.84	0.66	0.00	50	0
2026-08-17 22:21:07.957761 38	22	1190	25.81	4609	3686	0.71	23244	1	0	18	55.88	50	56.60	0.76	37.92	27.56	9.14	71.81	2.07	0.00	50	0
2026-08-17 22:21:07.957765 39	23	966	20.93	4614	3686	0.68	18291	0	0	15	56.80	40	55.26	0.71	39.18	30.19	10.11	78.03	0.72	0.00	50	0
2026-08-17 22:21:12.961110 Core	CPU	Avg_MHz	Busy%	Bzy_MHz	TSC_MHz	IPC	IRQ	NMI	SMI	LLCMRPS	LLC%hit	L2MRPS	L2%hit	POLL%	C1ACPI%	C2ACPI%	C3ACPI%	CPU%c1	CPU%c6	CPU%c7	CoreTmp	CoreThr	PkgTmp	GFX%rc6	GFXMHz	GFXAMHz	SAM%mc6	SAMMHz	SAMAMHz	Totl%C0	Any%C0	GFX%C0	CPUGFX%	Pkg%pc2	Pkg%pc3	Pkg%pc6	Pkg%pc8	Pk%pc10	CPU%LPI	SYS%LPI	PkgWatt	CorWatt	GFXWatt	RAMWatt	PKG_%	RAM_%	UncMHz	SysWatt
2026-08-17 22:21:12.961176 -	-	1051	22.14	4746	3686	0.74	346838	2	0	442	58.08	1032	50.88	0.58	38.31	31.46	8.53	72.00	4.59	0.86	54	0	52	99.99	0	0	99.99	0	0	537.63	99.63	0.00	0.00	0.00	0.00	0.00	0.00	0.00	0.00	0.00	75.94	60.89	0.00	0.00	0.00	0.00	4000	0.00
2026-08-17 22:21:12.961181 0	0	1041	21.55	4833	3686	0.76	13456	0	0	22	60.34	41	40.10	0.55	36.52	36.76	5.77	67.21	8.97	1.60	48	0	52	100.00	0	0	100.00	0	0	537.65	99.63	0.00	0.00	0.00	0.00	0.00	0.00	0.00	0.00	0.00	75.94	60.89	0.00	0.00	0.00	0.00	4000
2026-08-17 22:21:12.961186 4	1	1234	23.94	5156	3686	0.75	21053	0	0	24	56.48	50	45.48	0.45	45.33	27.45	3.94	75.66	0.00	0.00	46	0
2026-08-17 22:21:12.961190 16	2	1250	24.50	5100	3686	0.77	14124	0	0	27	61.06	51	40.71	0.53	39.66	30.84	5.52	63.00	10.38	1.56	48	0
2026-08-17 22:21:12.961194 20	3	1052	20.95	5025	3686	0.75	13049	0	0	24	61.67	45	40.66	0.46	39.96	35.04	4.56	62.79	13.43	2.23	50	0
2026-08-17 22:21:12.961197 24	4	1565	30.35	5156	3686	1.07	10997	1	0	25	59.59	49	40.22	0.53	32.55	31.12	6.45	55.21	10.69	3.22	50	0
2026-08-17 22:21:12.961201 28	5	1011	20.05	5042	3686	0.80	12654	0	0	22	62.44	42	41.47	0.45	42.38	32.91	5.18	63.95	13.07	2.33	50	0
2026-08-17 22:21:12.961216 40	6	1035	20.60	5025	3686	0.79	11498	0	0	24	61.98	45	41.82	0.36	38.08	34.03	7.78	59.04	15.29	4.43	54	0
2026-08-17 22:21:12.961220 44	7	851	17.22	4941	3686	0.70	12201	0	0	20	64.09	36	40.29	0.47	36.69	37.59	9.00	60.64	16.22	5.28	54	0
2026-08-17 22:21:12.961224 8	8	1161	25.37	4575	3686	0.81	14409	0	0	19	54.54	49	55.88	0.58	32.96	32.61	9.45	73.44	0.90	0.00	50	0
2026-08-17 22:21:12.961228 9	9	1053	23.00	4577	3686	0.73	15165	0	0	17	55.45	46	56.44	0.68	37.67	29.15	10.60	74.85	1.84	0.00	50	0
2026-08-17 22:21:12.961231 10	10	962	21.03	4573	3686	0.70	12783	1	0	15	56.39	40	55.57	0.61	38.27	31.55	9.53	77.25	1.39	0.00	50	0
2026-08-17 22:21:12.961235 11	11	805	17.63	4563	3686	0.67	15809	0	0	13	57.52	32	54.80	0.59	39.46	31.89	11.41	79.78	2.24	0.00	50	0
2026-08-17 22:21:12.961238 12	12	1039	22.68	4582	3686	0.75	15759	0	0	16	55.86	46	57.75	0.64	39.42	30.43	7.88	75.11	1.89	0.00	52	0
2026-08-17 22:21:12.961242 13	13	1094	23.86	4585	3686	0.68	16485	0	0	18	56.44	46	55.31	0.66	39.36	29.49	7.71	74.07	1.74	0.00	52	0
2026-08-17 22:21:12.961246 14	14	1063	23.14	4594	3686	0.68	15110	0	0	17	56.74	44	54.66	0.66	38.84	30.15	8.30	74.93	1.61	0.00	50	0
2026-08-17 22:21:12.961249 15	15	868	18.98	4576	3686	0.66	12129	0	0	14	56.62	35	53.66	0.49	38.05	32.17	11.18	80.06	0.64	0.00	50	0
2026-08-17 22:21:12.961253 32	16	1046	22.57	4635	3686	0.66	14985	0	0	17	56.88	42	53.63	0.71	37.93	31.26	8.66	76.06	1.05	0.00	50	0
2026-08-17 22:21:12.961256 33	17	1120	24.16	4635	3686	0.70	16041	0	0	18	55.19	48	56.10	0.70	37.88	27.72	10.65	74.69	0.84	0.00	50	0
2026-08-17 22:21:12.961260 34	18	1328	28.88	4600	3686	0.62	18984	0	0	18	54.32	48	55.75	0.62	33.76	25.12	12.65	70.47	0.37	0.00	50	0
2026-08-17 22:21:12.961263 35	19	811	17.50	4635	3686	0.65	13375	0	0	12	57.36	32	55.44	0.66	38.95	32.51	11.46	80.50	1.66	0.00	50	0
2026-08-17 22:21:12.961267 36	20	953	20.77	4586	3686	0.74	12709	0	0	15	56.58	40	57.12	0.61	39.91	29.92	9.80	76.47	2.41	0.00	50	0
2026-08-17 22:21:12.961270 37	21	1190	25.86	4604	3686	0.77	15072	0	0	19	53.74	56	59.31	0.58	37.19	28.53	8.83	72.43	1.40	0.00	50	0
2026-08-17 22:21:12.961274 38	22	928	20.20	4592	3686	0.69	14047	0	0	14	57.46	38	55.65	0.66	39.45	32.31	8.45	78.74	0.73	0.00	50	0
2026-08-17 22:21:12.961278 39	23	759	16.59	4577	3686	0.67	14944	0	0	12	57.13	31	55.71	0.62	39.19	34.61	9.99	81.68	1.39	0.00	50	0
2026-08-17 22:21:17.964486 Core	CPU	Avg_MHz	Busy%	Bzy_MHz	TSC_MHz	IPC	IRQ	NMI	SMI	LLCMRPS	LLC%hit	L2MRPS	L2%hit	POLL%	C1ACPI%	C2ACPI%	C3ACPI%	CPU%c1	CPU%c6	CPU%c7	CoreTmp	CoreThr	PkgTmp	GFX%rc6	GFXMHz	GFXAMHz	SAM%mc6	SAMMHz	SAMAMHz	Totl%C0	Any%C0	GFX%C0	CPUGFX%	Pkg%pc2	Pkg%pc3	Pkg%pc6	Pkg%pc8	Pk%pc10	CPU%LPI	SYS%LPI	PkgWatt	CorWatt	GFXWatt	RAMWatt	PKG_%	RAM_%	UncMHz	SysWatt
2026-08-17 22:21:17.964550 -	-	1105	23.08	4785	3686	0.81	424711	3	0	443	58.59	1050	51.46	0.60	40.25	29.42	7.71	71.84	3.86	0.82	66	0	61	99.99	0	0	99.99	0	0	559.14	99.64	0.00	0.00	0.00	0.00	0.00	0.00	0.00	0.00	0.00	79.67	64.61	0.00	0.00	0.00	0.00	4000	0.00
2026-08-17 22:21:17.964556 0	0	1112	22.77	4883	3686	0.86	16849	0	0	22	61.41	42	40.67	0.49	37.35	33.07	7.41	66.20	7.88	2.50	52	0	61	99.99	0	0	99.99	0	0	559.12	99.63	0.00	0.00	0.00	0.00	0.00	0.00	0.00	0.00	0.00	79.66	64.61	0.00	0.00	0.00	0.00	4000
2026-08-17 22:21:17.964560 4	1	1268	24.57	5162	3686	0.83	24145	0	0	24	57.21	52	47.22	0.46	45.20	27.35	3.55	75.03	0.00	0.00	48	0
2026-08-17 22:21:17.964564 16	2	1036	20.58	5036	3686	0.72	18084	0	0	24	62.49	45	41.52	0.42	44.42	32.11	3.40	66.36	10.84	1.64	54	0
2026-08-17 22:21:17.964568 20	3	1120	22.11	5066	3686	0.73	17147	0	0	26	62.22	48	40.24	0.44	40.97	32.87	4.58	64.69	11.07	1.55	50	0
2026-08-17 22:21:17.964571 24	4	2211	42.26	5233	3686	1.40	12975	0	0	27	55.50	55	43.06	0.50	30.36	23.06	4.73	45.82	9.28	2.16	66	0
2026-08-17 22:21:17.964574 28	5	1455	28.16	5167	3686	1.12	13262	0	0	22	60.11	44	42.62	0.41	42.22	24.30	5.82	59.42	8.80	3.11	52	0
2026-08-17 22:21:17.964578 40	6	1129	22.14	5100	3686	0.76	13484	0	0	26	62.15	49	42.05	0.49	40.89	28.09	9.41	64.55	8.05	4.71	50	0
2026-08-17 22:21:17.964590 44	7	1063	20.98	5069	3686	0.78	16644	1	0	23	63.08	42	40.21	0.51	38.08	31.82	9.64	63.39	11.00	4.05	54	0
2026-08-17 22:21:17.964593 8	8	1047	22.91	4571	3686	0.72	20169	0	0	17	56.80	45	56.57	0.59	39.62	29.10	8.78	76.33	0.44	0.00	50	0
2026-08-17 22:21:17.964597 9	9	1038	22.64	4587	3686	0.74	16694	0	0	17	56.36	46	57.78	0.67	42.35	30.05	5.41	75.99	1.05	0.00	50	0
2026-08-17 22:21:17.964600 10	10	1050	22.91	4583	3686	0.75	16854	0	0	16	56.97	42	55.61	0.69	41.24	27.52	8.75	74.72	2.03	0.00	50	0
2026-08-17 22:21:17.964604 11	11	925	20.12	4596	3686	0.73	18482	0	0	14	57.68	35	54.14	0.64	40.55	28.79	10.96	78.60	0.96	0.00	50	0
2026-08-17 22:21:17.964607 12	12	973	21.31	4565	3686	0.66	19247	0	0	15	58.48	39	53.50	0.74	40.90	31.13	7.12	76.93	1.42	0.00	50	0
2026-08-17 22:21:17.964610 13	13	1002	21.92	4573	3686	0.74	17510	0	0	16	56.57	45	58.15	0.63	41.69	29.70	7.11	75.09	2.65	0.00	50	0
2026-08-17 22:21:17.964614 14	14	1022	22.36	4572	3686	0.65	16835	0	0	16	57.83	41	54.49	0.86	42.57	27.97	7.56	76.52	0.80	0.00	52	0
2026-08-17 22:21:17.964617 15	15	795	17.35	4582	3686	0.66	16768	1	0	12	59.12	32	55.99	0.63	39.21	29.34	14.49	80.65	1.66	0.00	52	0
2026-08-17 22:21:17.964620 32	16	951	20.50	4637	3686	0.72	16917	0	0	16	55.38	41	53.29	0.66	39.64	31.96	8.31	76.15	3.00	0.00	52	0
2026-08-17 22:21:17.964624 33	17	1140	24.54	4643	3686	0.72	20448	0	0	18	56.67	49	57.30	0.72	38.87	30.75	6.26	73.41	1.72	0.00	52	0
2026-08-17 22:21:17.964627 34	18	1358	29.42	4617	3686	0.63	22080	0	0	18	56.49	50	58.06	0.57	37.36	25.80	7.86	69.15	1.14	0.00	52	0
2026-08-17 22:21:17.964630 35	19	818	17.64	4639	3686	0.71	16353	1	0	12	58.05	34	57.11	0.60	41.85	32.23	8.70	80.73	1.29	0.00	52	0
2026-08-17 22:21:17.964633 36	20	1045	22.74	4597	3686	0.70	20382	0	0	17	58.39	44	55.98	0.66	38.95	28.56	10.19	76.01	0.93	0.00	52	0
2026-08-17 22:21:17.964637 37	21	1110	24.10	4605	3686	0.84	19304	0	0	17	54.81	56	63.03	0.65	40.02	28.92	7.37	73.86	1.72	0.00	52	0
2026-08-17 22:21:17.964640 38	22	1017	22.12	4598	3686	0.71	18923	0	0	16	57.25	42	56.00	0.65	42.32	29.77	6.22	74.54	2.99	0.00	52	0
2026-08-17 22:21:17.964643 39	23	821	17.83	4605	3686	0.65	15155	0	0	13	58.69	32	53.89	0.64	39.31	31.91	11.37	80.01	1.82	0.00	52	0
2026-08-17 22:21:22.966783 Core	CPU	Avg_MHz	Busy%	Bzy_MHz	TSC_MHz	IPC	IRQ	NMI	SMI	LLCMRPS	LLC%hit	L2MRPS	L2%hit	POLL%	C1ACPI%	C2ACPI%	C3ACPI%	CPU%c1	CPU%c6	CPU%c7	CoreTmp	CoreThr	PkgTmp	GFX%rc6	GFXMHz	GFXAMHz	SAM%mc6	SAMMHz	SAMAMHz	Totl%C0	Any%C0	GFX%C0	CPUGFX%	Pkg%pc2	Pkg%pc3	Pkg%pc6	Pkg%pc8	Pk%pc10	CPU%LPI	SYS%LPI	PkgWatt	CorWatt	GFXWatt	RAMWatt	PKG_%	RAM_%	UncMHz	SysWatt
2026-08-17 22:21:22.966842 -	-	994	20.96	4745	3686	0.81	386310	5	0	418	60.52	999	51.52	0.50	39.82	31.51	8.17	73.34	4.29	1.00	58	0	59	100.03	0	0	100.01	0	0	516.36	99.64	0.00	0.00	0.00	0.00	0.00	0.00	0.00	0.00	0.00	75.70	60.83	0.00	0.00	0.00	0.00	4000	0.00
2026-08-17 22:21:22.966846 0	0	906	19.15	4734	3686	0.79	14774	1	0	20	62.98	36	39.37	0.50	35.81	38.26	7.37	67.75	10.25	2.17	48	0	59	100.02	0	0	100.00	0	0	516.31	99.63	0.00	0.00	0.00	0.00	0.00	0.00	0.00	0.00	0.00	75.69	60.83	0.00	0.00	0.00	0.00	4000
2026-08-17 22:21:22.966850 4	1	1080	21.17	5101	3686	0.76	21758	0	0	22	59.33	44	44.68	0.44	48.26	29.35	1.91	78.41	0.00	0.00	50	0
2026-08-17 22:21:22.966854 16	2	1073	21.28	5043	3686	0.76	15335	0	0	26	63.52	48	39.78	0.45	41.73	33.21	4.29	65.80	10.41	1.94	50	0
2026-08-17 22:21:22.966857 20	3	1043	20.70	5041	3686	0.78	15744	0	0	25	63.60	48	40.43	0.50	41.16	33.28	5.35	65.54	10.95	2.23	50	0
2026-08-17 22:21:22.966860 24	4	2153	41.20	5227	3686	1.47	9248	0	0	24	56.48	52	43.73	0.46	29.86	25.51	3.82	44.81	11.18	2.32	58	0
2026-08-17 22:21:22.966864 28	5	1120	21.96	5103	3686	0.90	12892	0	0	25	63.76	51	43.26	0.34	43.87	29.39	5.30	64.43	10.53	2.48	50	0
2026-08-17 22:21:22.966867 40	6	981	19.47	5039	3686	0.76	14476	0	0	24	64.58	44	40.91	0.37	39.96	32.38	8.70	63.85	11.99	4.07	48	0
2026-08-17 22:21:22.966870 44	7	940	18.68	5033	3686	0.80	11000	0	0	22	64.78	42	40.70	0.40	34.44	31.92	15.43	59.63	12.18	8.87	48	0
2026-08-17 22:21:22.966874 8	8	878	19.45	4515	3686	0.73	13914	1	0	14	58.78	38	57.06	0.55	42.25	33.56	5.14	78.46	1.75	0.00	50	0
2026-08-17 22:21:22.966888 9	9	977	21.49	4549	3686	0.80	16066	1	0	15	57.80	44	58.84	0.55	42.10	28.79	8.06	75.51	2.66	0.00	48	0
2026-08-17 22:21:22.966892 10	10	992	21.76	4557	3686	0.67	15014	0	0	16	60.40	41	54.46	0.56	40.53	29.25	8.90	77.03	0.89	0.00	48	0
2026-08-17 22:21:22.966896 11	11	791	17.43	4536	3686	0.65	17295	0	0	12	61.02	31	54.13	0.54	41.18	31.69	10.12	80.63	1.59	0.00	48	0
2026-08-17 22:21:22.966899 12	12	977	21.49	4546	3686	0.72	15435	0	0	16	59.38	44	57.54	0.53	40.55	29.81	8.59	75.61	2.56	0.00	48	0
2026-08-17 22:21:22.966902 13	13	982	21.54	4557	3686	0.78	17122	0	0	16	57.56	46	58.47	0.46	38.97	30.84	9.06	75.55	2.57	0.00	48	0
2026-08-17 22:21:22.966906 14	14	976	21.42	4555	3686	0.68	20803	1	0	16	58.98	42	55.09	0.60	40.96	29.83	8.23	76.72	1.52	0.00	48	0
2026-08-17 22:21:22.966909 15	15	686	15.10	4544	3686	0.66	12043	0	0	11	60.57	29	54.55	0.37	36.77	33.58	14.91	83.59	0.97	0.00	48	0
2026-08-17 22:21:22.966912 32	16	880	19.09	4610	3686	0.69	16987	0	0	14	59.35	37	55.35	0.53	38.49	32.87	9.95	77.86	2.70	0.00	52	0
2026-08-17 22:21:22.966916 33	17	991	21.47	4619	3686	0.73	16107	0	0	16	58.77	43	56.85	0.62	40.94	30.93	7.08	77.63	0.59	0.00	50	0
2026-08-17 22:21:22.966919 34	18	1121	24.60	4557	3686	0.66	22034	0	0	15	58.03	44	58.87	0.53	40.35	29.00	6.49	74.04	1.05	0.00	50	0
2026-08-17 22:21:22.966922 35	19	808	17.49	4620	3686	0.65	17308	0	0	12	59.71	33	55.61	0.49	40.81	34.80	7.34	81.44	0.74	0.00	50	0
2026-08-17 22:21:22.966926 36	20	911	20.06	4540	3686	0.75	19363	0	0	14	58.80	41	58.65	0.60	40.64	33.02	6.72	78.07	1.53	0.00	48	0
2026-08-17 22:21:22.966929 37	21	1022	22.42	4559	3686	0.82	16839	1	0	17	56.26	52	62.63	0.60	39.20	30.60	8.18	76.38	0.89	0.00	50	0
2026-08-17 22:21:22.966932 38	22	839	18.40	4559	3686	0.71	19020	0	0	13	58.90	36	57.15	0.50	40.76	30.87	10.38	79.50	1.76	0.00	50	0
2026-08-17 22:21:22.966935 39	23	733	16.11	4550	3686	0.69	15733	0	0	12	61.12	32	56.15	0.45	36.01	33.42	14.85	81.94	1.60	0.00	50	0
2026-08-17 22:21:27.969518 Core	CPU	Avg_MHz	Busy%	Bzy_MHz	TSC_MHz	IPC	IRQ	NMI	SMI	LLCMRPS	LLC%hit	L2MRPS	L2%hit	POLL%	C1ACPI%	C2ACPI%	C3ACPI%	CPU%c1	CPU%c6	CPU%c7	CoreTmp	CoreThr	PkgTmp	GFX%rc6	GFXMHz	GFXAMHz	SAM%mc6	SAMMHz	SAMAMHz	Totl%C0	Any%C0	GFX%C0	CPUGFX%	Pkg%pc2	Pkg%pc3	Pkg%pc6	Pkg%pc8	Pk%pc10	CPU%LPI	SYS%LPI	PkgWatt	CorWatt	GFXWatt	RAMWatt	PKG_%	RAM_%	UncMHz	SysWatt
2026-08-17 22:21:27.969584 -	-	1024	21.51	4761	3686	0.87	352883	3	0	408	59.80	994	52.26	0.54	37.10	32.79	9.04	74.07	3.27	0.75	68	0	66	99.99	0	0	99.99	0	0	526.06	99.63	0.00	0.00	0.00	0.00	0.00	0.00	0.00	0.00	0.00	76.93	62.04	0.00	0.00	0.00	0.00	4000	0.00
2026-08-17 22:21:27.969597 0	0	994	20.85	4767	3686	0.95	12014	0	0	21	62.27	42	42.74	0.40	33.92	39.87	5.91	66.52	9.65	2.28	52	0	66	100.00	0	0	100.00	0	0	526.08	99.63	0.00	0.00	0.00	0.00	0.00	0.00	0.00	0.00	0.00	76.94	62.05	0.00	0.00	0.00	0.00	4000
2026-08-17 22:21:27.969601 4	1	1101	21.57	5103	3686	0.83	19357	1	0	21	58.95	44	46.26	0.46	48.24	28.49	2.35	78.01	0.00	0.00	50	0
2026-08-17 22:21:27.969605 16	2	989	19.82	4988	3686	0.91	12242	0	0	22	62.68	43	43.35	0.40	37.84	37.89	4.95	66.36	11.39	1.84	52	0
2026-08-17 22:21:27.969608 20	3	998	19.86	5025	3686	0.76	11043	0	0	23	63.17	41	39.49	0.46	40.69	33.70	6.26	68.18	9.49	1.91	50	0
2026-08-17 22:21:27.969612 24	4	2814	53.37	5273	3686	1.63	8913	1	0	25	53.35	55	42.69	0.46	22.76	20.15	4.08	36.93	7.77	1.55	68	0
2026-08-17 22:21:27.969616 28	5	1302	25.18	5171	3686	1.07	13925	0	0	24	60.88	47	42.14	0.42	45.78	23.95	5.60	65.70	6.78	1.84	52	0
2026-08-17 22:21:27.969619 40	6	1053	20.78	5065	3686	0.85	12403	1	0	24	62.71	49	44.04	0.41	40.42	29.58	9.72	66.37	7.96	4.31	50	0
2026-08-17 22:21:27.969622 44	7	873	17.48	4996	3686	0.74	11639	0	0	21	64.61	40	41.30	0.41	38.28	34.33	10.42	66.21	11.39	4.32	48	0
2026-08-17 22:21:27.969626 8	8	1025	22.60	4537	3686	0.68	17143	0	0	17	59.46	44	55.11	0.59	37.67	31.69	8.45	76.90	0.19	0.00	50	0
2026-08-17 22:21:27.969629 9	9	1080	23.67	4563	3686	0.80	14064	0	0	18	57.24	53	60.19	0.61	37.97	30.70	8.08	74.20	1.81	0.00	50	0
2026-08-17 22:21:27.969632 10	10	1020	22.30	4577	3686	0.72	14593	0	0	17	58.80	46	56.94	0.56	36.44	28.79	12.87	74.96	2.41	0.00	50	0
2026-08-17 22:21:27.969650 11	11	737	16.20	4551	3686	0.64	16193	0	0	12	59.82	30	54.70	0.53	36.63	37.01	10.54	82.31	1.14	0.00	50	0
2026-08-17 22:21:27.969653 12	12	875	19.39	4515	3686	0.74	15350	0	0	14	59.11	39	57.98	0.58	38.20	35.62	7.19	80.05	0.24	0.00	50	0
2026-08-17 22:21:27.969656 13	13	966	21.33	4528	3686	0.77	13507	0	0	15	58.77	46	60.90	0.54	38.89	33.09	7.09	77.65	0.70	0.00	50	0
2026-08-17 22:21:27.969660 14	14	915	20.14	4544	3686	0.74	15806	0	0	14	58.53	40	57.59	0.66	38.47	32.53	9.28	79.03	0.51	0.00	50	0
2026-08-17 22:21:27.969663 15	15	725	15.97	4537	3686	0.65	14301	0	0	11	60.51	30	54.69	0.54	32.68	35.95	15.76	82.73	0.97	0.00	50	0
2026-08-17 22:21:27.969666 32	16	888	19.24	4614	3686	0.70	14557	0	0	14	57.61	37	54.75	0.67	36.41	33.95	10.80	80.04	0.40	0.00	50	0
2026-08-17 22:21:27.969670 33	17	939	20.37	4607	3686	0.73	15275	0	0	15	58.29	41	57.25	0.64	35.30	33.54	11.17	78.18	1.13	0.00	50	0
2026-08-17 22:21:27.969673 34	18	1202	26.43	4546	3686	0.68	21730	0	0	17	58.66	49	58.34	0.65	33.69	28.21	12.10	72.68	0.59	0.00	50	0
2026-08-17 22:21:27.969676 35	19	799	17.37	4600	3686	0.63	16205	0	0	12	60.52	32	55.27	0.60	37.61	36.06	9.40	82.00	0.31	0.00	50	0
2026-08-17 22:21:27.969680 36	20	830	18.35	4524	3686	0.71	17421	0	0	13	59.44	36	57.66	0.68	38.01	35.57	8.49	81.02	0.30	0.00	52	0
2026-08-17 22:21:27.969683 37	21	992	21.82	4549	3686	0.81	14893	0	0	16	57.12	48	60.90	0.57	33.37	33.04	12.16	77.24	0.63	0.00	52	0
2026-08-17 22:21:27.969686 38	22	820	18.07	4536	3686	0.71	17367	0	0	13	59.61	37	58.96	0.58	38.53	35.16	8.63	80.31	1.28	0.00	52	0
2026-08-17 22:21:27.969690 39	23	640	14.07	4549	3686	0.67	12942	0	0	10	60.70	26	57.04	0.54	32.53	38.15	15.61	84.12	1.46	0.00	50	0
2026-08-17 22:21:32.973566 Core	CPU	Avg_MHz	Busy%	Bzy_MHz	TSC_MHz	IPC	IRQ	NMI	SMI	LLCMRPS	LLC%hit	L2MRPS	L2%hit	POLL%	C1ACPI%	C2ACPI%	C3ACPI%	CPU%c1	CPU%c6	CPU%c7	CoreTmp	CoreThr	PkgTmp	GFX%rc6	GFXMHz	GFXAMHz	SAM%mc6	SAMMHz	SAMAMHz	Totl%C0	Any%C0	GFX%C0	CPUGFX%	Pkg%pc2	Pkg%pc3	Pkg%pc6	Pkg%pc8	Pk%pc10	CPU%LPI	SYS%LPI	PkgWatt	CorWatt	GFXWatt	RAMWatt	PKG_%	RAM_%	UncMHz	SysWatt
2026-08-17 22:21:32.973639 -	-	1120	23.32	4805	3686	0.89	417649	5	0	434	60.72	1056	52.59	0.55	40.38	29.89	6.88	73.08	2.74	0.48	64	0	65	99.98	0	0	99.98	0	0	561.83	99.62	0.00	0.00	0.00	0.00	0.00	0.00	0.00	0.00	0.00	82.69	67.76	0.00	0.00	0.00	0.00	4000	0.00
2026-08-17 22:21:32.973645 0	0	1296	25.98	4988	3686	0.91	15536	0	0	25	62.49	45	39.59	0.49	37.32	30.97	6.31	66.67	5.46	1.32	64	0	65	100.00	0	0	100.00	0	0	561.87	99.63	0.00	0.00	0.00	0.00	0.00	0.00	0.00	0.00	0.00	82.70	67.77	0.00	0.00	0.00	0.00	4000
2026-08-17 22:21:32.973649 4	1	1306	25.09	5206	3686	0.84	24551	0	0	26	60.01	53	45.80	0.49	46.83	26.78	1.95	74.50	0.00	0.00	50	0
2026-08-17 22:21:32.973653 16	2	1174	23.04	5095	3686	0.84	14960	1	0	26	62.93	50	42.79	0.49	42.77	31.90	2.83	68.78	6.75	0.91	50	0
2026-08-17 22:21:32.973657 20	3	1112	21.91	5077	3686	0.79	14983	0	0	25	64.05	46	40.39	0.45	44.47	29.65	4.50	69.83	6.55	1.19	52	0
2026-08-17 22:21:32.973660 24	4	3394	63.89	5312	3686	1.57	9871	0	0	25	49.93	57	44.18	0.53	19.89	12.45	4.09	30.13	3.75	1.95	54	0
2026-08-17 22:21:32.973664 28	5	1343	25.88	5189	3686	1.14	16263	1	0	22	62.40	44	44.22	0.41	50.02	21.00	3.62	66.47	5.76	1.38	52	0
2026-08-17 22:21:32.973668 40	6	929	18.33	5069	3686	0.86	13764	0	0	21	64.66	42	45.39	0.35	46.49	30.19	5.52	68.54	10.56	1.98	48	0
2026-08-17 22:21:32.973672 44	7	855	17.10	5001	3686	0.83	14862	0	0	19	64.97	37	44.07	0.39	41.92	33.34	8.16	69.67	9.80	2.85	48	0
2026-08-17 22:21:32.973675 8	8	1010	22.18	4555	3686	0.78	18750	0	0	17	59.51	48	59.72	0.65	43.62	29.95	4.70	76.85	0.66	0.00	50	0
2026-08-17 22:21:32.973679 9	9	1099	24.08	4563	3686	0.90	22025	0	0	18	57.83	56	63.10	0.66	41.87	29.29	5.19	73.22	2.36	0.00	50	0
2026-08-17 22:21:32.973683 10	10	918	20.09	4568	3686	0.80	14595	0	0	15	60.55	41	59.12	0.56	42.69	29.28	8.36	78.52	1.05	0.00	50	0
2026-08-17 22:21:32.973687 11	11	696	15.29	4551	3686	0.68	17512	0	0	11	61.94	30	57.31	0.53	42.24	34.21	8.67	83.96	0.41	0.00	50	0
2026-08-17 22:21:32.973690 12	12	969	21.29	4552	3686	0.76	17824	1	0	16	61.29	44	57.90	0.60	38.49	30.68	9.99	77.12	1.27	0.00	48	0
2026-08-17 22:21:32.973702 13	13	1038	22.79	4554	3686	0.76	15461	0	0	17	59.68	47	58.62	0.65	39.33	29.72	8.59	74.91	1.98	0.00	48	0
2026-08-17 22:21:32.973706 14	14	896	19.75	4536	3686	0.70	18547	0	0	14	61.58	38	56.61	0.71	44.12	31.09	5.50	78.55	1.36	0.00	48	0
2026-08-17 22:21:32.973710 15	15	695	15.33	4536	3686	0.70	16710	0	0	11	61.42	30	56.58	0.45	38.43	36.84	9.78	83.76	0.58	0.00	50	0
2026-08-17 22:21:32.973713 32	16	937	20.27	4623	3686	0.71	17654	0	0	15	60.80	39	54.46	0.62	40.05	33.17	6.94	77.35	2.05	0.00	52	0
2026-08-17 22:21:32.973717 33	17	1045	22.59	4628	3686	0.70	18348	0	0	17	60.94	44	55.33	0.71	38.74	30.28	8.84	75.57	1.52	0.00	52	0
2026-08-17 22:21:32.973721 34	18	1405	30.50	4608	3686	0.70	25936	1	0	20	57.57	56	56.76	0.60	36.82	24.55	8.62	68.71	0.50	0.00	52	0
2026-08-17 22:21:32.973724 35	19	816	17.62	4630	3686	0.69	17501	0	0	13	61.90	34	56.01	0.57	40.05	33.84	8.94	81.72	0.33	0.00	52	0
2026-08-17 22:21:32.973727 36	20	976	21.40	4560	3686	0.70	19639	0	0	15	62.10	40	54.30	0.54	37.92	32.51	8.64	77.94	0.34	0.00	52	0
2026-08-17 22:21:32.973730 37	21	1166	25.46	4581	3686	0.83	18049	0	0	19	58.27	55	60.13	0.66	37.54	29.37	8.07	73.43	0.80	0.00	52	0
2026-08-17 22:21:32.973734 38	22	968	21.18	4572	3686	0.73	17459	0	0	15	60.53	43	57.47	0.57	39.93	31.84	7.50	77.43	1.07	0.00	52	0
2026-08-17 22:21:32.973737 39	23	846	18.55	4565	3686	0.70	16849	1	0	13	62.34	35	55.15	0.54	37.67	34.44	9.79	80.24	0.88	0.00	52	0
2026-08-17 22:21:37.976315 Core	CPU	Avg_MHz	Busy%	Bzy_MHz	TSC_MHz	IPC	IRQ	NMI	SMI	LLCMRPS	LLC%hit	L2MRPS	L2%hit	POLL%	C1ACPI%	C2ACPI%	C3ACPI%	CPU%c1	CPU%c6	CPU%c7	CoreTmp	CoreThr	PkgTmp	GFX%rc6	GFXMHz	GFXAMHz	SAM%mc6	SAMMHz	SAMAMHz	Totl%C0	Any%C0	GFX%C0	CPUGFX%	Pkg%pc2	Pkg%pc3	Pkg%pc6	Pkg%pc8	Pk%pc10	CPU%LPI	SYS%LPI	PkgWatt	CorWatt	GFXWatt	RAMWatt	PKG_%	RAM_%	UncMHz	SysWatt
2026-08-17 22:21:37.976386 -	-	1160	24.03	4825	3687	0.87	468234	1	0	469	62.42	1128	52.37	0.59	42.63	27.58	6.27	72.17	2.91	0.50	54	0	55	100.00	0	0	100.02	0	0	573.92	99.64	0.00	0.00	0.00	0.00	0.00	0.00	0.00	0.00	0.00	84.93	69.98	0.00	0.00	0.00	0.00	4000	0.00
2026-08-17 22:21:37.976391 0	0	1292	25.81	5005	3686	0.84	16113	0	0	28	64.31	51	40.71	0.63	36.15	32.11	6.55	67.43	5.06	1.15	50	0	55	99.99	0	0	100.01	0	0	573.88	99.63	0.00	0.00	0.00	0.00	0.00	0.00	0.00	0.00	0.00	84.92	69.96	0.00	0.00	0.00	0.00	4000
2026-08-17 22:21:37.976395 4	1	1371	26.15	5243	3686	0.80	21242	0	0	29	62.60	57	45.48	0.58	47.16	25.55	1.79	73.45	0.00	0.00	52	0
2026-08-17 22:21:37.976399 16	2	1280	24.90	5141	3686	0.91	14472	0	0	29	64.41	57	44.50	0.39	43.01	28.78	3.84	65.98	7.42	1.17	54	0
2026-08-17 22:21:37.976403 20	3	1276	24.83	5140	3686	0.87	14514	1	0	29	62.63	54	41.26	0.43	39.74	31.13	4.83	65.50	7.92	1.21	52	0
2026-08-17 22:21:37.976407 24	4	3136	59.06	5311	3686	1.53	10494	0	0	26	52.98	60	45.27	0.53	25.69	12.82	2.78	35.79	3.54	1.31	54	0
2026-08-17 22:21:37.976410 28	5	1332	25.53	5220	3686	1.04	13629	0	0	25	63.71	51	46.74	0.44	52.60	19.98	2.43	67.02	5.76	1.18	54	0
2026-08-17 22:21:37.976413 40	6	1131	21.94	5153	3686	0.77	15991	0	0	26	64.76	49	42.69	0.50	48.23	25.30	5.09	67.59	7.61	2.30	48	0
2026-08-17 22:21:37.976417 44	7	956	18.82	5078	3686	0.75	14633	0	0	22	66.48	41	41.85	0.46	42.63	29.92	9.17	68.06	8.85	3.68	48	0
2026-08-17 22:21:37.976420 8	8	1120	24.43	4583	3686	0.78	20505	0	0	19	62.29	52	58.18	0.69	43.83	26.91	5.30	74.50	0.75	0.00	52	0
2026-08-17 22:21:37.976424 9	9	1062	23.14	4588	3686	0.83	25698	0	0	18	60.83	53	60.73	0.71	45.83	25.80	5.72	73.85	2.66	0.00	52	0
2026-08-17 22:21:37.976427 10	10	1170	25.42	4604	3686	0.82	23608	0	0	20	57.78	55	57.18	0.66	43.67	25.63	5.76	72.87	1.39	0.00	52	0
2026-08-17 22:21:37.976431 11	11	843	18.35	4594	3686	0.72	21769	0	0	13	62.78	37	57.22	0.58	42.61	29.88	9.62	79.86	1.45	0.00	52	0
2026-08-17 22:21:37.976434 12	12	1091	23.88	4568	3686	0.73	21366	0	0	17	63.34	47	56.68	0.73	41.53	28.51	6.59	74.68	1.13	0.00	50	0
2026-08-17 22:21:37.976437 13	13	1094	23.93	4573	3686	0.75	19575	0	0	18	62.06	49	56.83	0.59	42.87	26.01	7.67	73.58	2.16	0.00	50	0
2026-08-17 22:21:37.976441 14	14	972	21.29	4564	3686	0.69	21191	0	0	15	62.93	40	54.47	0.71	46.26	27.55	5.41	76.17	2.20	0.00	50	0
2026-08-17 22:21:37.976451 15	15	795	17.40	4566	3686	0.69	20841	0	0	13	63.67	33	55.62	0.54	41.06	31.34	10.63	81.09	1.18	0.00	50	0
2026-08-17 22:21:37.976455 32	16	1099	23.73	4630	3686	0.72	19961	0	0	18	62.70	47	55.71	0.72	40.77	28.19	7.80	73.97	1.98	0.00	52	0
2026-08-17 22:21:37.976458 33	17	1046	22.64	4622	3686	0.74	25318	0	0	17	63.24	46	56.76	0.70	44.46	28.37	5.02	75.72	1.31	0.00	52	0
2026-08-17 22:21:37.976462 34	18	1193	25.88	4611	3686	0.74	28585	0	0	17	61.67	50	60.45	0.49	41.17	26.39	7.05	73.25	0.57	0.00	52	0
2026-08-17 22:21:37.976465 35	19	818	17.67	4630	3686	0.70	23215	0	0	13	63.51	35	56.21	0.54	43.90	31.47	7.44	81.02	0.98	0.00	52	0
2026-08-17 22:21:37.976468 36	20	905	19.85	4563	3686	0.73	22249	0	0	15	63.71	38	55.55	0.63	44.66	30.75	5.24	78.22	1.59	0.00	50	0
2026-08-17 22:21:37.976472 37	21	1217	26.49	4595	3686	0.81	19924	0	0	20	61.90	58	59.66	0.71	42.07	25.73	6.20	71.23	1.95	0.00	50	0
2026-08-17 22:21:37.976475 38	22	905	19.75	4582	3686	0.76	18627	0	0	14	62.09	40	58.91	0.61	43.53	29.91	7.27	78.09	1.82	0.00	50	0
2026-08-17 22:21:37.976478 39	23	722	15.78	4574	3686	0.75	14714	0	0	11	62.79	31	57.59	0.58	39.70	33.80	11.15	83.26	0.63	0.00	50	0
2026-08-17 22:21:42.979658 Core	CPU	Avg_MHz	Busy%	Bzy_MHz	TSC_MHz	IPC	IRQ	NMI	SMI	LLCMRPS	LLC%hit	L2MRPS	L2%hit	POLL%	C1ACPI%	C2ACPI%	C3ACPI%	CPU%c1	CPU%c6	CPU%c7	CoreTmp	CoreThr	PkgTmp	GFX%rc6	GFXMHz	GFXAMHz	SAM%mc6	SAMMHz	SAMAMHz	Totl%C0	Any%C0	GFX%C0	CPUGFX%	Pkg%pc2	Pkg%pc3	Pkg%pc6	Pkg%pc8	Pk%pc10	CPU%LPI	SYS%LPI	PkgWatt	CorWatt	GFXWatt	RAMWatt	PKG_%	RAM_%	UncMHz	SysWatt
2026-08-17 22:21:42.979718 -	-	1309	27.00	4849	3686	0.81	356644	4	0	543	59.25	1303	52.71	0.60	43.84	24.81	4.84	67.55	4.46	0.59	72	0	72	99.97	0	0	99.97	0	0	646.46	99.63	0.00	0.00	0.00	0.00	0.00	0.00	0.00	0.00	0.00	89.40	74.17	0.00	0.00	0.00	0.00	4000	0.00
2026-08-17 22:21:42.979724 0	0	1674	32.76	5111	3686	1.03	10308	0	0	28	57.18	55	43.88	0.46	34.77	27.14	5.87	56.44	8.56	1.64	54	0	72	99.98	0	0	99.98	0	0	646.47	99.63	0.00	0.00	0.00	0.00	0.00	0.00	0.00	0.00	0.00	89.41	74.17	0.00	0.00	0.00	0.00	4000
2026-08-17 22:21:42.979730 4	1	1724	32.59	5289	3686	0.87	19425	0	0	34	58.69	71	47.05	0.56	46.46	19.82	1.75	67.04	0.00	0.00	50	0
2026-08-17 22:21:42.979734 16	2	1440	27.67	5206	3686	0.79	12264	0	0	32	61.99	59	41.65	0.45	45.23	24.24	3.39	63.93	6.68	1.21	54	0
2026-08-17 22:21:42.979738 20	3	1514	29.08	5207	3686	0.82	11207	0	0	34	61.29	65	43.53	0.38	42.78	24.41	4.25	61.17	7.62	1.60	50	0
2026-08-17 22:21:42.979742 24	4	2157	40.95	5269	3686	1.20	10106	1	0	32	59.81	64	43.98	0.48	36.53	19.74	3.24	49.74	7.29	1.56	72	0
2026-08-17 22:21:42.979746 28	5	1429	27.48	5201	3686	0.85	12663	0	0	30	61.88	58	43.19	0.47	44.76	23.06	5.23	62.36	7.59	2.03	52	0
2026-08-17 22:21:42.979750 40	6	1321	25.52	5175	3686	0.77	10718	0	0	30	61.81	57	43.62	0.46	43.56	25.67	5.78	63.75	8.18	2.01	52	0
2026-08-17 22:21:42.979753 44	7	1180	22.95	5140	3686	0.74	10213	0	0	26	62.85	50	43.45	0.41	40.72	28.68	8.18	62.18	10.15	4.13	54	0
2026-08-17 22:21:42.979757 8	8	1206	26.02	4633	3686	0.75	14684	0	0	19	57.76	54	58.91	0.53	45.50	25.28	3.66	70.47	3.17	0.00	52	0
2026-08-17 22:21:42.979762 9	9	1263	27.23	4637	3686	0.75	17292	0	0	20	59.11	57	58.37	0.69	46.44	24.41	2.45	69.06	3.37	0.00	52	0
2026-08-17 22:21:42.979766 10	10	1189	25.65	4635	3686	0.75	14567	0	0	19	58.88	51	56.61	0.65	46.93	24.97	2.92	71.07	2.94	0.00	52	0
2026-08-17 22:21:42.979770 11	11	957	20.64	4637	3686	0.77	16036	0	0	15	56.63	43	60.47	0.48	46.78	27.46	5.55	74.80	4.19	0.00	52	0
2026-08-17 22:21:42.979774 12	12	1214	26.20	4635	3686	0.71	15328	0	0	19	58.73	50	54.72	0.74	44.49	25.50	4.30	71.05	2.41	0.00	52	0
2026-08-17 22:21:42.979778 13	13	1231	26.62	4625	3686	0.73	15984	1	0	20	58.67	54	57.34	0.65	47.42	22.84	3.60	68.85	4.17	0.00	52	0
2026-08-17 22:21:42.979781 14	14	1203	25.98	4631	3686	0.78	16742	0	0	19	57.25	51	57.03	0.75	47.05	24.12	3.34	69.16	4.51	0.00	52	0
2026-08-17 22:21:42.979785 15	15	914	19.76	4626	3686	0.71	14349	0	0	14	57.22	38	57.31	0.54	42.91	31.15	6.59	77.05	2.83	0.00	52	0
2026-08-17 22:21:42.979789 32	16	1196	25.69	4655	3686	0.68	15689	0	0	19	59.05	49	54.52	0.89	43.64	26.00	5.16	71.00	2.97	0.00	56	0
2026-08-17 22:21:42.979803 33	17	1351	29.01	4656	3686	0.75	16275	1	0	21	57.86	58	56.87	0.77	43.56	23.00	4.92	67.33	3.33	0.00	56	0
2026-08-17 22:21:42.979806 34	18	1419	30.49	4655	3686	0.75	22269	0	0	20	58.24	59	60.00	0.59	41.56	22.27	6.17	67.36	1.84	0.00	56	0
2026-08-17 22:21:42.979809 35	19	1028	22.05	4661	3686	0.75	16556	0	0	16	57.86	45	58.20	0.58	43.49	27.56	7.38	75.10	2.50	0.00	56	0
2026-08-17 22:21:42.979813 36	20	1261	27.20	4635	3686	0.74	17215	0	0	20	59.20	55	56.43	0.75	45.82	23.22	4.28	69.80	2.67	0.00	54	0
2026-08-17 22:21:42.979816 37	21	1322	28.49	4641	3686	0.77	15644	0	0	22	57.49	62	58.97	0.70	44.07	22.99	4.95	68.04	3.14	0.00	54	0
2026-08-17 22:21:42.979819 38	22	1219	26.20	4651	3686	0.81	14867	1	0	18	56.32	55	61.27	0.73	42.80	25.23	6.22	69.60	3.85	0.00	54	0
2026-08-17 22:21:42.979823 39	23	1007	21.71	4641	3686	0.74	16243	0	0	15	58.35	43	57.82	0.66	45.06	26.65	7.07	74.84	3.10	0.00	54	0
2026-08-17 22:21:47.982627 Core	CPU	Avg_MHz	Busy%	Bzy_MHz	TSC_MHz	IPC	IRQ	NMI	SMI	LLCMRPS	LLC%hit	L2MRPS	L2%hit	POLL%	C1ACPI%	C2ACPI%	C3ACPI%	CPU%c1	CPU%c6	CPU%c7	CoreTmp	CoreThr	PkgTmp	GFX%rc6	GFXMHz	GFXAMHz	SAM%mc6	SAMMHz	SAMAMHz	Totl%C0	Any%C0	GFX%C0	CPUGFX%	Pkg%pc2	Pkg%pc3	Pkg%pc6	Pkg%pc8	Pk%pc10	CPU%LPI	SYS%LPI	PkgWatt	CorWatt	GFXWatt	RAMWatt	PKG_%	RAM_%	UncMHz	SysWatt
2026-08-17 22:21:47.982699 -	-	1548	31.51	4913	3687	0.99	695566	3	0	555	53.92	1336	51.90	0.62	39.01	25.28	4.63	65.32	2.57	0.26	68	0	66	100.02	0	0	100.02	0	0	754.17	99.63	0.00	0.00	0.00	0.00	0.00	0.00	0.00	0.00	0.00	102.86	87.31	0.00	0.00	0.00	0.00	4000	0.00
2026-08-17 22:21:47.982705 0	0	1478	29.23	5055	3686	0.87	30526	0	0	27	56.33	50	41.98	0.61	35.32	30.10	5.92	64.91	4.43	0.91	60	0	66	100.01	0	0	100.01	0	0	754.18	99.63	0.00	0.00	0.00	0.00	0.00	0.00	0.00	0.00	0.00	102.85	87.30	0.00	0.00	0.00	0.00	4000
2026-08-17 22:21:47.982710 4	1	1727	32.83	5259	3686	0.85	42748	0	0	32	53.12	64	45.35	0.60	42.60	22.63	2.56	66.80	0.00	0.00	60	0
2026-08-17 22:21:47.982715 16	2	2228	42.37	5259	3686	1.27	23400	0	0	32	44.81	60	39.67	0.52	30.58	22.25	5.24	53.10	3.24	0.93	54	0
2026-08-17 22:21:47.982719 20	3	1573	30.33	5186	3686	0.89	21079	0	0	31	53.33	59	41.54	0.54	39.74	27.05	3.38	63.19	5.15	0.87	56	0
2026-08-17 22:21:47.982722 24	4	4462	83.57	5340	3686	1.62	12143	0	0	42	58.62	89	42.39	0.37	10.96	5.02	0.66	14.71	1.42	0.16	54	0
2026-08-17 22:21:47.982726 28	5	3764	70.52	5337	3686	1.51	15921	0	0	52	60.45	101	40.42	0.29	19.78	8.55	1.39	26.96	1.83	0.49	68	0
2026-08-17 22:21:47.982730 40	6	1388	26.59	5220	3686	0.85	21258	0	0	27	57.08	51	43.37	0.48	51.82	19.19	2.92	68.01	3.98	0.96	52	0
2026-08-17 22:21:47.982734 44	7	1112	21.58	5153	3686	0.79	24683	0	0	21	58.57	43	46.68	0.44	47.46	26.62	4.87	69.83	6.20	1.88	58	0
2026-08-17 22:21:47.982738 8	8	1265	27.37	4622	3686	0.75	28351	0	0	20	52.48	55	58.13	0.66	44.15	24.83	4.07	70.63	1.68	0.00	52	0
2026-08-17 22:21:47.982741 9	9	1284	27.74	4630	3686	0.73	32545	0	0	20	52.73	57	58.87	0.75	45.08	24.26	3.38	69.35	2.59	0.00	50	0
2026-08-17 22:21:47.982745 10	10	1241	26.76	4637	3686	0.76	38902	1	0	19	51.85	55	59.19	0.65	41.06	26.50	6.08	70.54	2.38	0.00	50	0
2026-08-17 22:21:47.982749 11	11	1061	22.88	4636	3686	0.80	36415	0	0	16	53.07	44	57.64	0.72	42.50	28.67	6.36	73.21	3.55	0.00	50	0
2026-08-17 22:21:47.982753 12	12	1315	28.45	4622	3686	0.83	22395	0	0	20	52.27	53	56.59	0.75	39.44	26.75	5.78	70.12	1.13	0.00	52	0
2026-08-17 22:21:47.982756 13	13	1222	26.43	4623	3686	0.78	22939	0	0	19	52.14	54	58.40	0.60	41.43	28.12	4.41	70.94	2.30	0.00	52	0
2026-08-17 22:21:47.982760 14	14	1205	26.07	4623	3686	0.71	26068	0	0	18	52.40	50	57.40	0.79	42.08	27.91	4.36	71.70	1.91	0.00	52	0
2026-08-17 22:21:47.982764 15	15	1072	23.13	4633	3686	0.97	21054	0	0	16	49.09	47	58.76	0.56	37.13	31.93	8.16	75.22	1.33	0.00	52	0
2026-08-17 22:21:47.982768 32	16	1226	26.34	4656	3686	0.76	35118	1	0	18	53.01	48	56.39	0.79	40.37	29.30	4.41	69.70	3.63	0.00	52	0
2026-08-17 22:21:47.982771 33	17	1259	27.02	4659	3686	0.81	44600	0	0	18	51.35	54	59.78	0.75	41.73	27.68	3.97	70.49	2.18	0.00	52	0
2026-08-17 22:21:47.982775 34	18	1388	29.92	4640	3686	0.69	39377	0	0	19	51.63	54	59.37	0.58	40.29	26.13	4.06	68.11	1.67	0.00	52	0
2026-08-17 22:21:47.982787 35	19	1018	21.86	4659	3686	0.71	28308	0	0	15	53.48	41	56.51	0.60	42.29	31.16	5.12	75.52	2.28	0.00	52	0
2026-08-17 22:21:47.982790 36	20	1208	26.17	4617	3686	0.68	35714	1	0	19	53.07	49	54.80	0.74	40.82	26.94	6.52	70.75	2.75	0.00	54	0
2026-08-17 22:21:47.982794 37	21	1402	30.31	4627	3686	0.86	22859	0	0	22	52.52	63	59.60	0.70	38.33	25.80	5.97	67.27	2.11	0.00	54	0
2026-08-17 22:21:47.982797 38	22	1178	25.47	4626	3686	0.71	34375	0	0	18	53.37	49	57.70	0.75	40.96	27.98	6.01	72.09	2.11	0.00	54	0
2026-08-17 22:21:47.982800 39	23	1081	23.38	4626	3686	0.68	34788	0	0	16	53.51	43	56.60	0.75	40.18	31.42	5.43	74.54	1.75	0.00	54	0
2026-08-17 22:21:52.986267 Core	CPU	Avg_MHz	Busy%	Bzy_MHz	TSC_MHz	IPC	IRQ	NMI	SMI	LLCMRPS	LLC%hit	L2MRPS	L2%hit	POLL%	C1ACPI%	C2ACPI%	C3ACPI%	CPU%c1	CPU%c6	CPU%c7	CoreTmp	CoreThr	PkgTmp	GFX%rc6	GFXMHz	GFXAMHz	SAM%mc6	SAMMHz	SAMAMHz	Totl%C0	Any%C0	GFX%C0	CPUGFX%	Pkg%pc2	Pkg%pc3	Pkg%pc6	Pkg%pc8	Pk%pc10	CPU%LPI	SYS%LPI	PkgWatt	CorWatt	GFXWatt	RAMWatt	PKG_%	RAM_%	UncMHz	SysWatt
2026-08-17 22:21:52.986331 -	-	1444	29.47	4900	3686	0.96	390297	8	0	497	51.54	1230	53.45	0.61	39.88	25.71	5.35	67.58	2.32	0.27	68	0	69	99.99	0	0	99.97	0	0	702.25	99.63	0.00	0.00	0.00	0.00	0.00	0.00	0.00	0.00	0.00	98.46	83.04	0.00	0.00	0.00	0.00	4000	0.00
2026-08-17 22:21:52.986336 0	0	1793	35.01	5123	3686	1.17	13364	1	0	25	50.83	51	45.41	0.44	32.16	27.58	5.76	58.54	4.64	1.32	50	0	69	100.00	0	0	99.98	0	0	702.27	99.63	0.00	0.00	0.00	0.00	0.00	0.00	0.00	0.00	0.00	98.47	83.05	0.00	0.00	0.00	0.00	4000
2026-08-17 22:21:52.986340 4	1	1535	29.36	5228	3686	0.79	23480	1	0	28	55.69	56	46.51	0.62	42.51	26.05	2.73	70.25	0.00	0.00	50	0
2026-08-17 22:21:52.986345 16	2	1399	27.12	5158	3686	0.73	16912	0	0	28	56.76	52	42.32	0.61	42.88	26.81	3.71	68.00	4.06	0.36	54	0
2026-08-17 22:21:52.986349 20	3	1373	26.65	5152	3686	0.84	15094	0	0	26	56.76	51	45.48	0.51	42.08	27.28	4.49	67.49	4.31	1.08	56	0
2026-08-17 22:21:52.986353 24	4	4336	81.16	5342	3686	1.52	8510	1	0	32	40.13	71	41.70	0.39	12.71	5.15	1.21	16.81	1.30	0.58	68	0
2026-08-17 22:21:52.986357 28	5	2550	47.96	5317	3686	1.35	12483	1	0	29	45.57	63	46.44	0.42	36.09	13.60	2.73	48.08	2.80	0.83	52	0
2026-08-17 22:21:52.986361 40	6	1369	26.23	5217	3686	0.81	13142	0	0	27	52.87	54	44.79	0.52	51.43	19.42	3.44	68.42	3.87	1.02	52	0
2026-08-17 22:21:52.986365 44	7	1936	36.74	5270	3686	1.26	11523	1	0	27	44.42	53	41.80	0.44	37.64	20.89	5.17	57.48	4.02	1.35	50	0
2026-08-17 22:21:52.986369 8	8	1251	27.05	4625	3686	0.78	16937	0	0	20	52.95	56	59.20	0.64	45.65	24.47	3.25	71.57	1.06	0.00	50	0
2026-08-17 22:21:52.986373 9	9	1305	28.15	4635	3686	0.76	19133	1	0	20	52.60	59	59.55	0.69	45.80	23.20	3.30	68.22	3.30	0.00	50	0
2026-08-17 22:21:52.986377 10	10	1246	26.86	4639	3686	0.78	17344	0	0	19	52.16	58	61.30	0.57	43.55	24.41	5.58	70.48	2.34	0.00	50	0
2026-08-17 22:21:52.986380 11	11	1037	22.42	4626	3686	0.80	16878	1	0	15	53.95	42	56.84	0.64	41.68	29.56	6.75	74.51	2.74	0.00	50	0
2026-08-17 22:21:52.986384 12	12	1116	24.24	4604	3686	0.75	16869	0	0	18	53.80	48	57.39	0.65	40.56	29.39	6.22	73.67	1.77	0.00	52	0
2026-08-17 22:21:52.986388 13	13	1228	26.62	4611	3686	0.76	15479	0	0	19	51.38	54	59.03	0.65	41.11	27.85	4.81	69.68	3.36	0.00	54	0
2026-08-17 22:21:52.986392 14	14	1169	25.33	4618	3686	0.81	17617	0	0	18	52.15	51	59.36	0.76	40.88	28.52	5.68	73.06	1.30	0.00	52	0
2026-08-17 22:21:52.986395 15	15	976	21.14	4618	3686	0.77	15784	0	0	15	52.80	41	57.88	0.65	39.13	30.29	9.80	77.13	1.40	0.00	52	0
2026-08-17 22:21:52.986399 32	16	1181	25.37	4653	3686	0.75	17649	0	0	18	52.77	47	56.01	0.80	40.20	28.50	6.33	71.21	3.09	0.00	56	0
2026-08-17 22:21:52.986403 33	17	1192	25.60	4654	3686	0.75	17103	0	0	18	52.04	51	59.45	0.71	40.28	28.51	6.01	72.32	1.76	0.00	56	0
2026-08-17 22:21:52.986407 34	18	1347	29.12	4627	3686	0.75	19451	0	0	17	50.90	51	60.94	0.65	38.58	27.10	5.59	69.38	1.20	0.00	54	0
2026-08-17 22:21:52.986410 35	19	919	19.77	4647	3686	0.86	14781	0	0	13	52.19	39	59.90	0.59	40.52	32.87	7.23	79.27	0.63	0.00	54	0
2026-08-17 22:21:52.986422 36	20	1033	22.40	4611	3686	0.77	18823	0	0	15	52.87	43	59.16	0.66	42.17	30.11	5.74	75.95	1.33	0.00	50	0
2026-08-17 22:21:52.986426 37	21	1225	26.53	4619	3686	0.92	17293	1	0	19	54.70	54	58.73	0.64	39.99	27.55	6.33	70.52	2.63	0.00	50	0
2026-08-17 22:21:52.986429 38	22	1181	25.59	4616	3686	0.75	17831	0	0	18	52.10	49	57.68	0.69	40.54	29.05	5.24	72.25	1.84	0.00	50	0
2026-08-17 22:21:52.986432 39	23	969	20.98	4618	3686	0.71	16817	0	0	14	54.19	38	55.72	0.69	39.13	29.03	11.27	77.66	1.04	0.00	50	0
2026-08-17 22:21:57.989303 Core	CPU	Avg_MHz	Busy%	Bzy_MHz	TSC_MHz	IPC	IRQ	NMI	SMI	LLCMRPS	LLC%hit	L2MRPS	L2%hit	POLL%	C1ACPI%	C2ACPI%	C3ACPI%	CPU%c1	CPU%c6	CPU%c7	CoreTmp	CoreThr	PkgTmp	GFX%rc6	GFXMHz	GFXAMHz	SAM%mc6	SAMMHz	SAMAMHz	Totl%C0	Any%C0	GFX%C0	CPUGFX%	Pkg%pc2	Pkg%pc3	Pkg%pc6	Pkg%pc8	Pk%pc10	CPU%LPI	SYS%LPI	PkgWatt	CorWatt	GFXWatt	RAMWatt	PKG_%	RAM_%	UncMHz	SysWatt
2026-08-17 22:21:57.989372 -	-	1124	23.43	4798	3686	0.79	389816	4	0	476	62.48	1123	51.70	0.61	42.68	27.98	6.40	72.05	3.41	0.70	54	0	55	100.00	0	0	100.02	0	0	567.96	99.64	0.00	0.00	0.00	0.00	0.00	0.00	0.00	0.00	0.00	82.20	67.23	0.00	0.00	0.00	0.00	4000	0.00
2026-08-17 22:21:57.989376 0	0	1231	24.73	4980	3686	0.85	12836	0	0	25	64.04	47	40.64	0.59	39.99	30.55	5.35	65.78	7.08	1.80	54	0	55	99.99	0	0	100.01	0	0	567.89	99.63	0.00	0.00	0.00	0.00	0.00	0.00	0.00	0.00	0.00	82.19	67.22	0.00	0.00	0.00	0.00	4000
2026-08-17 22:21:57.989380 4	1	1422	27.29	5210	3686	0.84	22638	0	0	28	60.91	59	46.70	0.50	45.81	23.81	3.76	72.31	0.00	0.00	50	0
2026-08-17 22:21:57.989384 16	2	1280	24.93	5133	3686	0.82	13720	1	0	30	64.57	58	43.02	0.50	43.26	28.17	4.18	63.83	9.25	1.41	50	0
2026-08-17 22:21:57.989388 20	3	1207	23.53	5131	3686	0.78	11838	0	0	29	64.56	55	43.05	0.45	43.76	28.37	4.88	64.99	9.06	1.86	52	0
2026-08-17 22:21:57.989391 24	4	2211	42.08	5254	3686	1.35	10468	0	0	27	58.75	56	44.31	0.42	33.41	20.72	4.22	47.87	7.86	1.73	52	0
2026-08-17 22:21:57.989395 28	5	1284	24.83	5171	3686	0.88	14550	0	0	27	64.61	52	42.43	0.45	47.87	23.41	4.43	65.10	7.70	1.81	54	0
2026-08-17 22:21:57.989398 40	6	1165	22.66	5142	3686	0.72	12553	0	0	28	65.38	52	41.58	0.43	44.85	25.68	7.36	65.38	7.91	3.49	50	0
2026-08-17 22:21:57.989402 44	7	908	18.06	5027	3686	0.72	14722	0	0	22	66.41	41	41.69	0.43	41.44	32.27	8.78	65.30	11.21	4.81	50	0
2026-08-17 22:21:57.989406 8	8	941	20.62	4562	3686	0.78	15069	1	0	16	59.21	43	58.25	0.56	42.39	33.56	3.83	77.62	1.42	0.00	50	0
2026-08-17 22:21:57.989409 9	9	1088	23.77	4578	3686	0.76	18150	0	0	18	59.78	53	60.74	0.72	43.46	28.08	5.16	74.41	1.50	0.00	50	0
2026-08-17 22:21:57.989413 10	10	1122	24.42	4595	3686	0.72	19518	0	0	19	62.53	50	56.62	0.67	44.16	26.82	5.09	73.86	1.40	0.00	50	0
2026-08-17 22:21:57.989416 11	11	821	17.90	4589	3686	0.64	16380	0	0	13	62.88	34	55.59	0.61	43.02	29.82	9.71	80.84	0.92	0.00	50	0
2026-08-17 22:21:57.989420 12	12	1139	24.85	4586	3686	0.68	18003	0	0	18	62.26	48	54.98	0.80	43.45	25.86	6.36	73.38	1.46	0.00	50	0
2026-08-17 22:21:57.989423 13	13	1086	23.69	4585	3686	0.80	16929	0	0	17	59.48	46	56.84	0.68	41.43	29.41	5.89	73.09	2.88	0.00	50	0
2026-08-17 22:21:57.989427 14	14	993	21.66	4584	3686	0.68	17344	1	0	16	61.82	42	55.97	0.75	45.77	28.07	4.98	76.22	1.78	0.00	50	0
2026-08-17 22:21:57.989430 15	15	797	17.40	4581	3686	0.71	14430	0	0	13	61.65	34	56.35	0.54	41.03	33.81	8.16	81.16	1.10	0.00	50	0
2026-08-17 22:21:57.989433 32	16	1270	27.35	4643	3686	0.68	21171	0	0	21	62.59	52	53.65	0.81	39.07	23.82	10.27	70.99	1.36	0.00	54	0
2026-08-17 22:21:57.989436 33	17	1017	21.95	4631	3686	0.68	16697	0	0	16	62.31	43	55.51	0.72	46.38	26.17	5.97	76.24	1.48	0.00	52	0
2026-08-17 22:21:57.989440 34	18	1225	26.60	4607	3686	0.67	23449	0	0	18	61.73	49	58.31	0.68	41.78	26.30	5.80	71.85	1.24	0.00	52	0
2026-08-17 22:21:57.989443 35	19	708	15.27	4639	3686	0.70	13848	1	0	11	62.02	31	57.87	0.57	46.91	33.05	5.21	83.77	0.62	0.00	52	0
2026-08-17 22:21:57.989446 36	20	1006	22.02	4571	3686	0.72	18045	0	0	16	61.99	43	56.27	0.67	43.94	28.38	6.16	76.67	0.99	0.00	50	0
2026-08-17 22:21:57.989449 37	21	1130	24.64	4586	3686	0.73	17445	0	0	18	60.93	52	58.65	0.73	41.80	27.10	6.93	73.99	1.06	0.00	52	0
2026-08-17 22:21:57.989461 38	22	1073	23.42	4585	3686	0.70	14833	0	0	17	62.14	46	56.44	0.73	41.88	28.56	6.63	74.96	1.31	0.00	52	0
2026-08-17 22:21:57.989465 39	23	857	18.70	4583	3686	0.71	15180	0	0	13	61.48	35	56.90	0.66	37.42	29.81	14.50	79.70	1.27	0.00	52	0
2026-08-17 22:22:02.992206 Core	CPU	Avg_MHz	Busy%	Bzy_MHz	TSC_MHz	IPC	IRQ	NMI	SMI	LLCMRPS	LLC%hit	L2MRPS	L2%hit	POLL%	C1ACPI%	C2ACPI%	C3ACPI%	CPU%c1	CPU%c6	CPU%c7	CoreTmp	CoreThr	PkgTmp	GFX%rc6	GFXMHz	GFXAMHz	SAM%mc6	SAMMHz	SAMAMHz	Totl%C0	Any%C0	GFX%C0	CPUGFX%	Pkg%pc2	Pkg%pc3	Pkg%pc6	Pkg%pc8	Pk%pc10	CPU%LPI	SYS%LPI	PkgWatt	CorWatt	GFXWatt	RAMWatt	PKG_%	RAM_%	UncMHz	SysWatt
2026-08-17 22:22:02.992269 -	-	1073	22.42	4785	3687	0.77	374168	4	0	469	62.65	1097	51.39	0.63	41.11	29.76	7.21	72.83	3.57	0.77	68	0	68	100.00	0	0	100.00	0	0	546.85	99.63	0.00	0.00	0.00	0.00	0.00	0.00	0.00	0.00	0.00	79.86	64.92	0.00	0.00	0.00	0.00	4000	0.00
2026-08-17 22:22:02.992275 0	0	1401	27.90	5022	3686	0.82	11660	0	0	29	64.44	54	40.17	0.61	34.22	28.52	9.99	63.08	5.74	2.69	48	0	68	99.99	0	0	99.99	0	0	546.88	99.63	0.00	0.00	0.00	0.00	0.00	0.00	0.00	0.00	0.00	79.86	64.91	0.00	0.00	0.00	0.00	4000
2026-08-17 22:22:02.992279 4	1	1375	26.48	5192	3686	0.79	20454	0	0	28	60.95	58	46.07	0.50	42.08	28.49	3.66	73.12	0.00	0.00	50	0
2026-08-17 22:22:02.992284 16	2	1186	23.21	5111	3686	0.74	12079	0	0	28	66.22	52	40.64	0.55	43.54	30.34	3.48	63.72	10.87	1.61	52	0
2026-08-17 22:22:02.992287 20	3	1292	25.08	5153	3686	0.78	12166	1	0	30	64.65	56	41.34	0.56	44.36	26.87	4.24	64.97	8.11	1.29	50	0
2026-08-17 22:22:02.992291 24	4	1396	27.12	5147	3686	0.84	14232	0	0	31	64.91	56	39.30	0.46	39.58	26.46	7.39	62.09	7.68	2.55	68	0
2026-08-17 22:22:02.992295 28	5	1288	25.07	5137	3686	0.83	13668	0	0	28	65.25	53	41.13	0.55	41.99	28.17	5.31	63.41	8.63	2.33	52	0
2026-08-17 22:22:02.992299 40	6	1222	23.88	5116	3686	0.78	15125	1	0	28	65.65	52	40.90	0.54	40.52	28.38	7.77	63.09	9.32	3.13	50	0
2026-08-17 22:22:02.992304 44	7	960	19.10	5026	3686	0.72	12548	0	0	24	67.14	44	40.73	0.39	38.24	33.10	10.10	61.95	13.37	4.95	50	0
2026-08-17 22:22:02.992307 8	8	1132	24.65	4591	3686	0.80	17000	0	0	18	60.32	51	57.86	0.58	42.82	26.48	6.50	73.66	1.37	0.00	52	0
2026-08-17 22:22:02.992311 9	9	1078	23.53	4580	3686	0.76	18297	0	0	18	60.50	50	58.46	0.58	43.19	27.26	6.50	75.22	0.93	0.00	52	0
2026-08-17 22:22:02.992314 10	10	997	21.70	4597	3686	0.77	15675	0	0	15	59.06	42	57.19	0.62	41.93	30.85	5.95	75.84	2.12	0.00	52	0
2026-08-17 22:22:02.992318 11	11	755	16.48	4579	3686	0.73	15911	0	0	12	59.34	33	58.28	0.59	43.36	33.37	7.20	81.78	1.39	0.00	52	0
2026-08-17 22:22:02.992321 12	12	980	21.49	4560	3686	0.70	18730	0	0	15	62.77	41	55.41	0.72	40.76	31.12	7.12	76.14	2.03	0.00	50	0
2026-08-17 22:22:02.992325 13	13	959	21.06	4553	3686	0.76	16316	0	0	15	60.36	42	58.48	0.69	42.42	31.83	5.13	77.56	1.05	0.00	50	0
2026-08-17 22:22:02.992329 14	14	1016	22.25	4568	3686	0.72	20372	0	0	16	61.24	42	56.49	0.81	41.22	29.53	7.47	76.94	0.49	0.00	50	0
2026-08-17 22:22:02.992332 15	15	708	15.54	4556	3686	0.75	11824	1	0	11	61.03	31	58.06	0.59	39.53	37.25	8.07	83.16	0.96	0.00	50	0
2026-08-17 22:22:02.992336 32	16	1078	23.28	4632	3686	0.75	18770	0	0	17	61.29	44	55.35	0.92	39.10	30.16	7.91	75.60	0.81	0.00	50	0
2026-08-17 22:22:02.992339 33	17	1081	23.36	4627	3686	0.78	14594	0	0	17	61.02	49	58.25	0.67	41.45	27.22	8.44	73.32	2.98	0.00	50	0
2026-08-17 22:22:02.992343 34	18	1198	26.03	4602	3686	0.73	21293	1	0	16	61.00	47	59.52	0.65	36.94	26.78	10.72	73.26	0.41	0.00	50	0
2026-08-17 22:22:02.992346 35	19	820	17.72	4631	3686	0.69	14473	0	0	13	61.88	34	55.72	0.70	40.23	30.97	11.54	81.50	0.46	0.00	50	0
2026-08-17 22:22:02.992350 36	20	924	20.11	4594	3686	0.79	14313	0	0	14	61.28	40	58.47	0.77	44.70	31.36	4.28	76.17	3.36	0.00	50	0
2026-08-17 22:22:02.992353 37	21	1048	22.78	4599	3686	0.82	14583	0	0	17	58.31	50	60.95	0.80	41.81	28.73	7.12	75.69	1.21	0.00	50	0
2026-08-17 22:22:02.992357 38	22	1077	23.37	4608	3686	0.78	16418	0	0	17	59.23	45	56.95	0.75	42.38	27.15	7.55	75.40	0.91	0.00	50	0
2026-08-17 22:22:02.992361 39	23	772	16.80	4597	3686	0.72	13667	0	0	12	61.24	32	57.01	0.63	40.23	33.88	9.51	81.32	1.54	0.00	50	0
2026-08-17 22:22:07.996959 Core	CPU	Avg_MHz	Busy%	Bzy_MHz	TSC_MHz	IPC	IRQ	NMI	SMI	LLCMRPS	LLC%hit	L2MRPS	L2%hit	POLL%	C1ACPI%	C2ACPI%	C3ACPI%	CPU%c1	CPU%c6	CPU%c7	CoreTmp	CoreThr	PkgTmp	GFX%rc6	GFXMHz	GFXAMHz	SAM%mc6	SAMMHz	SAMAMHz	Totl%C0	Any%C0	GFX%C0	CPUGFX%	Pkg%pc2	Pkg%pc3	Pkg%pc6	Pkg%pc8	Pk%pc10	CPU%LPI	SYS%LPI	PkgWatt	CorWatt	GFXWatt	RAMWatt	PKG_%	RAM_%	UncMHz	SysWatt
2026-08-17 22:22:07.997018 -	-	1067	22.36	4772	3685	0.82	471203	2	0	442	60.56	1061	52.40	0.59	39.58	30.85	7.63	72.50	3.87	0.87	66	0	66	99.96	0	0	99.96	0	0	546.63	99.63	0.00	0.00	0.00	0.00	0.00	0.00	0.00	0.00	0.00	79.28	64.31	0.00	0.00	0.00	0.00	4000	0.00
2026-08-17 22:22:07.997023 0	0	1234	24.92	4952	3686	0.92	12506	0	0	24	62.73	46	41.77	0.51	38.07	30.06	7.51	63.01	8.68	2.74	50	0	66	100.01	0	0	100.01	0	0	546.64	99.63	0.00	0.00	0.00	0.00	0.00	0.00	0.00	0.00	0.00	79.31	64.33	0.00	0.00	0.00	0.00	4000
2026-08-17 22:22:07.997027 4	1	1384	26.44	5234	3686	0.92	27189	0	0	25	58.30	51	46.28	0.44	48.79	21.88	3.53	73.17	0.00	0.00	60	0
2026-08-17 22:22:07.997031 16	2	1349	26.14	5160	3686	0.99	14241	0	0	28	62.40	57	46.19	0.48	41.11	28.02	5.24	63.80	7.79	1.73	54	0
2026-08-17 22:22:07.997035 20	3	1201	23.53	5107	3686	0.92	16081	0	0	26	63.47	52	44.13	0.47	41.61	31.52	3.84	62.48	11.81	1.60	54	0
2026-08-17 22:22:07.997038 24	4	1471	28.55	5154	3686	1.09	11930	1	0	25	61.69	50	42.80	0.46	38.15	27.79	5.99	58.93	9.13	2.84	52	0
2026-08-17 22:22:07.997041 28	5	1347	26.21	5139	3686	0.94	12106	0	0	26	62.75	50	42.00	0.46	39.72	27.44	7.13	61.47	8.77	3.00	66	0
2026-08-17 22:22:07.997045 40	6	996	19.81	5026	3686	0.82	14632	0	0	23	65.80	43	41.27	0.35	40.03	31.61	9.04	62.58	12.87	4.09	48	0
2026-08-17 22:22:07.997048 44	7	854	17.23	4959	3686	0.74	13557	0	0	20	66.38	37	41.67	0.44	39.41	34.80	9.06	63.80	13.56	4.77	48	0
2026-08-17 22:22:07.997052 8	8	895	19.68	4548	3686	0.78	20195	0	0	14	59.74	39	58.08	0.64	40.83	31.41	8.48	77.15	2.83	0.00	50	0
2026-08-17 22:22:07.997055 9	9	1078	23.62	4565	3686	0.79	24199	0	0	17	58.17	46	57.67	0.77	40.76	31.81	4.25	75.11	0.96	0.00	50	0
2026-08-17 22:22:07.997058 10	10	940	20.64	4554	3686	0.77	16890	0	0	14	58.81	41	59.14	0.66	39.97	34.00	5.79	78.80	0.24	0.00	50	0
2026-08-17 22:22:07.997062 11	11	819	17.96	4563	3686	0.70	21813	0	0	13	60.56	35	56.80	0.57	36.29	32.85	13.31	79.88	1.83	0.00	50	0
2026-08-17 22:22:07.997065 12	12	1102	24.08	4576	3686	0.73	22833	1	0	17	58.59	46	55.25	0.70	37.22	27.93	11.21	73.66	1.94	0.00	52	0
2026-08-17 22:22:07.997068 13	13	1169	25.54	4578	3686	0.70	21059	0	0	19	58.48	49	55.28	0.66	37.64	29.58	7.68	73.59	0.57	0.00	52	0
2026-08-17 22:22:07.997072 14	14	976	21.39	4564	3686	0.74	24227	0	0	15	58.69	43	57.68	0.76	41.51	30.59	6.94	77.37	0.92	0.00	52	0
2026-08-17 22:22:07.997075 15	15	727	15.98	4551	3686	0.79	16284	0	0	11	59.08	32	58.42	0.46	35.55	36.63	12.18	83.02	0.67	0.00	52	0
2026-08-17 22:22:07.997078 32	16	985	21.27	4632	3686	0.69	26559	0	0	15	59.10	41	55.97	0.69	41.70	31.55	5.90	75.74	2.64	0.00	52	0
2026-08-17 22:22:07.997082 33	17	1087	23.44	4636	3686	0.73	22906	0	0	17	57.85	47	56.84	0.65	39.74	30.52	6.71	73.75	2.48	0.00	52	0
2026-08-17 22:22:07.997085 34	18	1168	25.42	4595	3686	0.74	26831	0	0	16	58.31	47	59.37	0.66	38.36	30.87	5.78	74.19	0.09	0.00	52	0
2026-08-17 22:22:07.997088 35	19	864	18.63	4640	3686	0.69	22632	0	0	13	59.09	35	56.30	0.77	39.50	34.72	7.57	80.01	1.03	0.00	52	0
2026-08-17 22:22:07.997092 36	20	947	20.65	4584	3686	0.74	19422	0	0	15	60.04	41	57.16	0.71	39.62	30.25	9.91	78.27	0.76	0.00	52	0
2026-08-17 22:22:07.997095 37	21	1208	26.24	4606	3686	0.86	21780	0	0	19	56.52	59	61.07	0.65	37.09	28.82	8.26	72.19	1.27	0.00	52	0
2026-08-17 22:22:07.997098 38	22	975	21.20	4599	3686	0.76	21640	0	0	15	58.43	41	57.05	0.61	40.16	30.48	8.57	76.61	1.86	0.00	52	0
2026-08-17 22:22:07.997102 39	23	830	18.06	4594	3686	0.71	19691	0	0	13	59.86	35	56.83	0.54	37.38	35.56	9.40	81.32	0.30	0.00	52	0
2026-08-17 22:22:13.000142 Core	CPU	Avg_MHz	Busy%	Bzy_MHz	TSC_MHz	IPC	IRQ	NMI	SMI	LLCMRPS	LLC%hit	L2MRPS	L2%hit	POLL%	C1ACPI%	C2ACPI%	C3ACPI%	CPU%c1	CPU%c6	CPU%c7	CoreTmp	CoreThr	PkgTmp	GFX%rc6	GFXMHz	GFXAMHz	SAM%mc6	SAMMHz	SAMAMHz	Totl%C0	Any%C0	GFX%C0	CPUGFX%	Pkg%pc2	Pkg%pc3	Pkg%pc6	Pkg%pc8	Pk%pc10	CPU%LPI	SYS%LPI	PkgWatt	CorWatt	GFXWatt	RAMWatt	PKG_%	RAM_%	UncMHz	SysWatt
2026-08-17 22:22:13.000220 -	-	1272	26.24	4847	3688	0.84	486093	2	0	494	56.35	1182	52.35	0.65	39.77	28.04	6.42	69.94	2.91	0.53	66	0	72	100.04	0	0	100.02	0	0	634.31	99.63	0.00	0.00	0.00	0.00	0.00	0.00	0.00	0.00	0.00	89.24	73.95	0.00	0.00	0.00	0.00	4000	0.00
2026-08-17 22:22:13.000227 0	0	1388	27.63	5024	3686	0.80	16145	0	0	27	58.76	50	40.59	0.63	35.19	30.27	7.48	63.58	6.53	1.66	50	0	72	100.00	0	0	99.98	0	0	634.32	99.63	0.00	0.00	0.00	0.00	0.00	0.00	0.00	0.00	0.00	89.20	73.92	0.00	0.00	0.00	0.00	4000
2026-08-17 22:22:13.000231 4	1	1628	30.90	5269	3686	0.84	25493	0	0	29	56.57	58	44.62	0.64	45.23	21.45	3.05	68.72	0.00	0.00	54	0
2026-08-17 22:22:13.000235 16	2	1402	27.15	5165	3686	0.78	24190	0	0	29	58.87	56	42.64	0.60	40.20	27.95	5.21	65.44	5.87	1.04	54	0
2026-08-17 22:22:13.000238 20	3	1480	28.56	5180	3686	0.80	16257	0	0	31	58.79	58	41.90	0.57	40.72	26.39	4.84	63.09	6.13	1.73	54	0
2026-08-17 22:22:13.000242 24	4	3265	61.53	5306	3686	1.47	10726	0	0	26	47.83	59	45.05	0.50	22.45	14.10	2.25	32.42	4.90	0.84	66	0
2026-08-17 22:22:13.000245 28	5	1492	28.57	5220	3686	0.95	19391	0	0	26	58.94	50	42.66	0.52	48.92	20.62	2.40	63.59	6.56	0.79	56	0
2026-08-17 22:22:13.000250 40	6	1326	25.67	5166	3686	0.77	17959	0	0	29	59.16	54	42.80	0.56	44.08	25.50	5.27	62.49	8.61	2.68	56	0
2026-08-17 22:22:13.000253 44	7	1072	21.07	5088	3686	0.70	14368	0	0	23	61.48	43	41.67	0.49	40.78	28.63	10.04	66.49	7.93	3.96	54	0
2026-08-17 22:22:13.000256 8	8	1227	26.58	4615	3686	0.76	21075	0	0	20	55.81	55	57.89	0.71	40.43	28.13	5.27	70.26	2.83	0.00	54	0
2026-08-17 22:22:13.000260 9	9	1281	27.72	4622	3686	0.77	22147	0	0	20	53.72	58	59.20	0.74	42.66	26.46	3.59	70.12	1.84	0.00	54	0
2026-08-17 22:22:13.000263 10	10	1067	23.08	4620	3686	0.72	17108	0	0	17	55.57	47	57.66	0.60	44.87	28.24	4.21	74.25	2.33	0.00	54	0
2026-08-17 22:22:13.000266 11	11	997	21.63	4611	3686	0.66	18464	0	0	15	56.54	40	55.22	0.74	43.05	30.49	5.26	76.54	1.50	0.00	54	0
2026-08-17 22:22:13.000270 12	12	1077	23.46	4593	3686	0.71	23608	0	0	17	56.10	44	55.99	0.76	43.16	29.39	4.42	74.09	2.12	0.00	52	0
2026-08-17 22:22:13.000273 13	13	1177	25.52	4611	3686	0.77	19646	1	0	18	54.91	51	58.11	0.69	40.76	28.67	5.46	72.03	2.13	0.00	52	0
2026-08-17 22:22:13.000276 14	14	1174	25.51	4602	3686	0.75	23340	0	0	18	55.25	51	57.79	0.81	38.80	29.79	6.30	73.47	0.71	0.00	52	0
2026-08-17 22:22:13.000280 15	15	785	17.10	4588	3686	0.71	19322	0	0	12	56.80	34	57.29	0.54	39.83	36.52	6.90	81.41	1.16	0.00	52	0
2026-08-17 22:22:13.000283 32	16	1066	23.01	4635	3686	0.74	18763	0	0	17	55.55	45	56.75	0.75	37.82	30.79	8.78	75.81	0.87	0.00	56	0
2026-08-17 22:22:13.000286 33	17	1082	23.33	4637	3686	0.75	23254	1	0	17	55.20	48	58.45	0.67	39.26	28.77	9.02	74.39	1.96	0.00	56	0
2026-08-17 22:22:13.000289 34	18	1302	28.19	4619	3686	0.73	26513	0	0	18	54.93	53	59.71	0.65	36.85	27.84	7.54	70.83	0.69	0.00	56	0
2026-08-17 22:22:13.000293 35	19	872	18.78	4640	3686	0.69	20684	0	0	14	56.30	37	56.00	0.59	38.74	32.72	10.16	80.17	0.72	0.00	56	0
2026-08-17 22:22:13.000296 36	20	1027	22.38	4591	3686	0.72	23313	0	0	16	55.91	44	57.21	0.66	39.84	29.98	8.22	76.63	0.68	0.00	54	0
2026-08-17 22:22:13.000300 37	21	1319	28.57	4616	3686	0.81	25608	0	0	21	53.25	62	60.57	0.77	36.48	26.49	8.86	69.86	1.28	0.00	54	0
2026-08-17 22:22:13.000303 38	22	1113	24.14	4611	3686	0.72	19805	0	0	17	55.38	47	56.69	0.77	38.31	31.73	6.23	73.95	1.59	0.00	54	0
2026-08-17 22:22:13.000306 39	23	911	19.76	4609	3686	0.71	18914	0	0	14	56.40	38	56.62	0.73	35.70	31.70	13.22	78.91	1.00	0.00	54	0
2026-08-17 22:22:18.003543 Core	CPU	Avg_MHz	Busy%	Bzy_MHz	TSC_MHz	IPC	IRQ	NMI	SMI	LLCMRPS	LLC%hit	L2MRPS	L2%hit	POLL%	C1ACPI%	C2ACPI%	C3ACPI%	CPU%c1	CPU%c6	CPU%c7	CoreTmp	CoreThr	PkgTmp	GFX%rc6	GFXMHz	GFXAMHz	SAM%mc6	SAMMHz	SAMAMHz	Totl%C0	Any%C0	GFX%C0	CPUGFX%	Pkg%pc2	Pkg%pc3	Pkg%pc6	Pkg%pc8	Pk%pc10	CPU%LPI	SYS%LPI	PkgWatt	CorWatt	GFXWatt	RAMWatt	PKG_%	RAM_%	UncMHz	SysWatt
2026-08-17 22:22:18.003604 -	-	1312	27.06	4849	3686	0.84	433111	6	0	497	55.41	1192	52.28	0.69	39.62	27.01	6.76	69.47	2.65	0.46	56	0	57	99.99	0	0	99.99	0	0	647.72	99.63	0.00	0.00	0.00	0.00	0.00	0.00	0.00	0.00	0.00	90.65	75.32	0.00	0.00	0.00	0.00	4000	0.00
2026-08-17 22:22:18.003616 0	0	1299	26.10	4976	3686	0.76	14654	0	0	26	58.86	47	40.73	0.68	34.76	31.60	8.11	63.10	7.26	2.92	54	0	57	100.00	0	0	100.00	0	0	647.76	99.63	0.00	0.00	0.00	0.00	0.00	0.00	0.00	0.00	0.00	90.66	75.33	0.00	0.00	0.00	0.00	4000
2026-08-17 22:22:18.003620 4	1	1420	27.12	5237	3686	0.85	23259	0	0	25	54.84	52	46.98	0.62	45.72	24.95	2.82	72.49	0.00	0.00	54	0
2026-08-17 22:22:18.003624 16	2	1465	28.31	5175	3686	0.75	15422	0	0	32	57.90	59	41.25	0.63	39.99	27.11	5.11	62.37	7.23	1.60	54	0
2026-08-17 22:22:18.003627 20	3	1495	28.93	5168	3686	0.82	14693	0	0	32	57.86	60	42.60	0.61	39.23	27.39	4.96	62.05	6.79	1.73	52	0
2026-08-17 22:22:18.003631 24	4	3982	74.69	5331	3686	1.54	16057	1	0	27	44.20	62	44.99	0.53	17.10	7.10	1.39	22.28	2.36	0.47	56	0
2026-08-17 22:22:18.003634 28	5	1199	23.05	5201	3686	0.75	14529	1	0	25	59.70	48	43.71	0.60	55.98	20.21	1.31	69.08	6.87	0.49	52	0
2026-08-17 22:22:18.003638 40	6	1315	25.34	5189	3686	0.81	15090	0	0	27	58.11	53	44.62	0.58	47.69	23.03	4.47	67.67	5.07	1.43	52	0
2026-08-17 22:22:18.003641 44	7	1116	21.72	5138	3686	0.73	12732	0	0	24	59.54	45	42.81	0.50	43.96	26.35	8.50	67.67	7.55	2.52	50	0
2026-08-17 22:22:18.003645 8	8	1185	25.77	4598	3686	0.77	15680	0	0	18	54.01	54	60.99	0.74	40.94	27.22	6.47	73.43	0.50	0.00	52	0
2026-08-17 22:22:18.003648 9	9	1303	28.18	4624	3686	0.77	20864	0	0	20	54.13	58	58.86	0.83	42.15	25.21	4.91	68.90	2.59	0.00	52	0
2026-08-17 22:22:18.003651 10	10	1108	24.01	4613	3686	0.77	15147	1	0	17	54.26	51	59.96	0.59	39.69	29.00	7.70	74.43	1.24	0.00	52	0
2026-08-17 22:22:18.003655 11	11	1010	21.82	4627	3686	0.73	17948	0	0	16	54.78	44	57.64	0.60	39.44	30.89	8.25	76.49	1.36	0.00	52	0
2026-08-17 22:22:18.003658 12	12	1132	24.62	4598	3686	0.70	18226	0	0	18	55.61	47	55.40	0.81	39.06	29.62	7.12	73.87	1.19	0.00	52	0
2026-08-17 22:22:18.003661 13	13	1197	26.03	4600	3686	0.72	19782	0	0	19	54.76	51	56.84	0.73	40.02	28.91	5.45	72.18	1.48	0.00	52	0
2026-08-17 22:22:18.003665 14	14	1088	23.65	4601	3686	0.69	16094	0	0	17	53.42	45	55.98	0.84	38.69	31.24	6.82	75.48	0.56	0.00	52	0
2026-08-17 22:22:18.003668 15	15	962	20.86	4614	3686	0.72	17155	0	0	15	55.60	40	56.38	0.65	36.11	30.14	13.26	77.08	1.74	0.00	54	0
2026-08-17 22:22:18.003671 32	16	1281	27.55	4649	3686	0.65	19913	1	0	20	55.02	51	53.40	0.95	37.57	27.24	8.07	70.87	1.28	0.00	52	0
2026-08-17 22:22:18.003674 33	17	1273	27.38	4649	3686	0.67	23360	0	0	20	54.96	52	54.60	0.81	39.94	27.82	5.29	71.06	1.25	0.00	52	0
2026-08-17 22:22:18.003678 34	18	1393	30.08	4630	3686	0.65	25394	0	0	19	53.70	53	58.14	0.69	36.72	24.46	9.15	68.93	0.70	0.00	52	0
2026-08-17 22:22:18.003681 35	19	926	19.89	4654	3686	0.67	19433	0	0	14	55.20	39	57.53	0.75	40.61	32.69	7.23	78.85	0.94	0.00	52	0
2026-08-17 22:22:18.003684 36	20	1061	23.11	4592	3686	0.75	20215	0	0	16	55.00	45	56.98	0.69	39.50	30.36	7.45	76.04	0.54	0.00	52	0
2026-08-17 22:22:18.003687 37	21	1221	26.52	4604	3686	0.73	19730	0	0	19	54.58	53	57.72	0.85	38.92	27.07	7.91	71.14	2.03	0.00	52	0
2026-08-17 22:22:18.003691 38	22	1109	24.08	4606	3686	0.71	18178	1	0	17	54.74	46	56.75	0.71	40.79	27.29	8.27	74.86	0.75	0.00	54	0
2026-08-17 22:22:18.003694 39	23	948	20.59	4605	3686	0.70	19556	1	0	15	55.28	39	56.12	0.65	36.41	31.26	12.13	76.85	2.23	0.00	54	0
2026-08-17 22:22:23.005942 Core	CPU	Avg_MHz	Busy%	Bzy_MHz	TSC_MHz	IPC	IRQ	NMI	SMI	LLCMRPS	LLC%hit	L2MRPS	L2%hit	POLL%	C1ACPI%	C2ACPI%	C3ACPI%	CPU%c1	CPU%c6	CPU%c7	CoreTmp	CoreThr	PkgTmp	GFX%rc6	GFXMHz	GFXAMHz	SAM%mc6	SAMMHz	SAMAMHz	Totl%C0	Any%C0	GFX%C0	CPUGFX%	Pkg%pc2	Pkg%pc3	Pkg%pc6	Pkg%pc8	Pk%pc10	CPU%LPI	SYS%LPI	PkgWatt	CorWatt	GFXWatt	RAMWatt	PKG_%	RAM_%	UncMHz	SysWatt
2026-08-17 22:22:23.006005 -	-	1280	26.55	4821	3687	0.79	585807	5	0	505	58.34	1220	52.86	0.91	42.42	25.66	5.87	68.76	3.67	0.63	68	0	66	100.01	0	0	100.01	0	0	637.82	99.65	0.00	0.00	0.00	0.00	0.00	0.00	0.00	0.00	0.00	87.32	72.09	0.00	0.00	0.00	0.00	4000	0.00
2026-08-17 22:22:23.006010 0	0	1383	27.61	5009	3686	0.85	23095	1	0	27	60.88	51	42.22	0.81	36.82	28.80	7.38	61.10	8.18	2.49	58	0	66	99.99	0	0	99.99	0	0	637.74	99.63	0.00	0.00	0.00	0.00	0.00	0.00	0.00	0.00	0.00	87.30	72.07	0.00	0.00	0.00	0.00	4000
2026-08-17 22:22:23.006026 4	1	1455	27.65	5262	3686	0.78	26530	1	0	28	57.77	56	45.80	0.75	44.76	24.92	3.30	71.96	0.00	0.00	56	0
2026-08-17 22:22:23.006030 16	2	1394	26.92	5178	3686	0.80	24714	0	0	29	60.41	56	43.20	0.84	44.77	25.04	3.82	64.41	6.76	1.40	58	0
2026-08-17 22:22:23.006034 20	3	1225	23.91	5123	3686	0.85	24823	0	0	26	61.46	52	46.04	0.89	45.19	27.99	3.45	63.98	10.16	1.39	56	0
2026-08-17 22:22:23.006037 24	4	2605	49.35	5279	3686	1.35	12450	0	0	27	53.52	55	43.05	0.54	28.77	18.28	3.98	40.35	7.61	2.26	68	0
2026-08-17 22:22:23.006040 28	5	1309	25.31	5172	3686	0.78	22588	0	0	27	61.37	53	45.18	1.22	47.68	25.48	2.13	64.31	8.90	0.94	58	0
2026-08-17 22:22:23.006044 40	6	1237	24.02	5149	3686	0.72	18198	0	0	26	61.59	50	43.36	1.05	44.05	25.69	6.81	63.92	8.15	3.35	56	0
2026-08-17 22:22:23.006047 44	7	1048	20.62	5083	3686	0.72	14651	0	0	23	63.54	43	44.10	0.97	41.24	31.30	7.41	64.10	11.29	3.38	58	0
2026-08-17 22:22:23.006050 8	8	1140	24.72	4611	3686	0.71	24627	0	0	17	57.37	48	57.61	0.92	46.23	25.15	4.36	71.78	3.15	0.00	56	0
2026-08-17 22:22:23.006054 9	9	1362	29.42	4631	3686	0.70	34833	1	0	21	56.76	57	56.67	1.14	43.54	23.55	3.99	67.69	2.57	0.00	56	0
2026-08-17 22:22:23.006057 10	10	1274	27.51	4631	3686	0.72	27556	0	0	19	57.11	56	59.24	1.09	43.92	24.03	5.02	69.65	2.52	0.00	56	0
2026-08-17 22:22:23.006060 11	11	1047	22.67	4619	3686	0.68	25398	0	0	16	58.18	42	56.93	0.99	44.81	27.31	5.71	75.89	1.11	0.00	56	0
2026-08-17 22:22:23.006063 12	12	1177	25.60	4597	3686	0.76	27845	0	0	18	57.84	50	58.58	0.98	41.98	25.04	7.87	72.94	1.15	0.00	52	0
2026-08-17 22:22:23.006067 13	13	1188	25.76	4612	3686	0.74	26535	0	0	18	55.99	53	58.72	0.85	43.25	26.18	5.26	72.26	1.66	0.00	52	0
2026-08-17 22:22:23.006070 14	14	1166	25.28	4611	3686	0.73	27029	0	0	18	57.59	50	58.92	1.14	42.36	27.38	5.48	71.69	2.69	0.00	52	0
2026-08-17 22:22:23.006073 15	15	1000	21.70	4608	3686	0.70	21199	0	0	16	57.62	42	56.60	0.80	40.09	30.64	7.98	76.93	1.04	0.00	52	0
2026-08-17 22:22:23.006077 32	16	1281	27.54	4654	3686	0.64	20691	0	0	20	58.55	50	53.96	0.97	42.09	23.84	7.02	70.33	1.82	0.00	56	0
2026-08-17 22:22:23.006080 33	17	1344	28.84	4662	3686	0.72	27225	0	0	21	56.74	57	55.84	0.93	41.57	24.07	5.99	69.11	1.75	0.00	56	0
2026-08-17 22:22:23.006083 34	18	1373	29.56	4644	3686	0.68	26318	0	0	19	56.01	54	58.81	0.85	38.06	24.75	8.10	68.27	1.86	0.00	56	0
2026-08-17 22:22:23.006087 35	19	1089	23.39	4658	3686	0.70	26992	0	0	17	57.03	45	55.89	0.72	41.49	25.94	9.64	75.51	0.78	0.00	56	0
2026-08-17 22:22:23.006090 36	20	1225	26.51	4621	3686	0.71	23329	1	0	19	57.84	52	56.81	0.91	43.54	24.51	5.93	72.01	1.17	0.00	54	0
2026-08-17 22:22:23.006093 37	21	1345	28.99	4641	3686	0.78	33854	1	0	21	54.76	62	59.42	0.85	41.25	23.82	6.41	69.70	1.02	0.00	54	0
2026-08-17 22:22:23.006096 38	22	1098	23.76	4624	3686	0.68	22099	0	0	17	57.45	45	56.84	0.94	45.88	24.20	6.63	74.86	1.06	0.00	54	0
2026-08-17 22:22:23.006100 39	23	948	20.48	4629	3686	0.70	23228	0	0	14	58.50	39	56.06	0.76	44.81	27.93	7.22	77.54	1.64	0.00	54	0
2026-08-17 22:22:28.010093 Core	CPU	Avg_MHz	Busy%	Bzy_MHz	TSC_MHz	IPC	IRQ	NMI	SMI	LLCMRPS	LLC%hit	L2MRPS	L2%hit	POLL%	C1ACPI%	C2ACPI%	C3ACPI%	CPU%c1	CPU%c6	CPU%c7	CoreTmp	CoreThr	PkgTmp	GFX%rc6	GFXMHz	GFXAMHz	SAM%mc6	SAMMHz	SAMAMHz	Totl%C0	Any%C0	GFX%C0	CPUGFX%	Pkg%pc2	Pkg%pc3	Pkg%pc6	Pkg%pc8	Pk%pc10	CPU%LPI	SYS%LPI	PkgWatt	CorWatt	GFXWatt	RAMWatt	PKG_%	RAM_%	UncMHz	SysWatt
2026-08-17 22:22:28.010159 -	-	1236	25.67	4816	3686	0.78	474380	2	0	481	57.33	1162	52.90	1.01	40.60	27.90	6.31	69.50	3.59	0.85	56	0	54	99.96	0	0	99.98	0	0	619.60	99.61	0.00	0.00	0.00	0.00	0.00	0.00	0.00	0.00	0.00	85.75	70.50	0.00	0.00	0.00	0.00	4000	0.00
2026-08-17 22:22:28.010165 0	0	1263	25.41	4970	3686	0.76	19977	0	0	25	59.98	45	40.85	1.02	39.88	29.87	5.47	63.30	8.57	2.08	56	0	54	99.99	0	0	100.01	0	0	619.75	99.63	0.00	0.00	0.00	0.00	0.00	0.00	0.00	0.00	0.00	85.77	70.53	0.00	0.00	0.00	0.00	4000
2026-08-17 22:22:28.010170 4	1	1559	29.71	5247	3686	0.78	25784	0	0	29	56.65	60	46.17	1.05	45.16	22.63	3.18	69.89	0.00	0.00	56	0
2026-08-17 22:22:28.010182 16	2	1295	25.18	5141	3686	0.75	18636	1	0	28	60.00	53	43.03	0.83	41.96	28.88	4.51	63.96	8.50	1.79	56	0
2026-08-17 22:22:28.010185 20	3	1408	27.29	5160	3686	0.78	17051	0	0	30	59.58	57	43.66	1.13	40.32	27.73	5.20	62.45	7.46	2.26	56	0
2026-08-17 22:22:28.010189 24	4	2337	44.47	5255	3686	1.28	9423	0	0	27	53.59	54	41.72	0.66	29.72	21.17	5.05	44.02	8.55	2.50	54	0
2026-08-17 22:22:28.010192 28	5	1638	31.51	5196	3686	0.97	14747	0	0	28	59.18	54	42.52	0.86	38.57	25.70	4.74	57.57	8.41	2.00	52	0
2026-08-17 22:22:28.010196 40	6	1164	22.82	5103	3686	0.77	15770	0	0	24	61.63	47	43.18	0.90	40.11	28.75	8.86	63.45	8.71	4.46	52	0
2026-08-17 22:22:28.010199 44	7	1050	20.76	5056	3686	0.69	15752	1	0	23	62.52	42	41.22	0.80	37.08	31.60	11.12	62.71	10.62	5.31	56	0
2026-08-17 22:22:28.010203 8	8	1014	22.02	4605	3686	0.72	20090	0	0	15	56.44	44	60.45	0.99	45.88	29.23	3.30	75.48	2.16	0.00	50	0
2026-08-17 22:22:28.010206 9	9	1168	25.32	4612	3686	0.76	20894	0	0	18	55.43	51	59.20	1.01	42.40	27.97	4.77	72.23	2.12	0.00	50	0
2026-08-17 22:22:28.010209 10	10	1207	26.14	4618	3686	0.69	19653	0	0	19	55.51	50	56.44	0.91	42.26	25.91	6.13	70.20	3.32	0.00	50	0
2026-08-17 22:22:28.010213 11	11	953	20.71	4602	3686	0.71	20847	0	0	14	56.32	39	58.46	0.97	40.32	30.99	8.42	77.27	1.68	0.00	50	0
2026-08-17 22:22:28.010216 12	12	1220	26.46	4612	3686	0.68	20196	0	0	19	56.25	50	55.68	1.06	38.73	27.07	8.22	71.65	1.58	0.00	52	0
2026-08-17 22:22:28.010219 13	13	1167	25.29	4613	3686	0.69	24506	0	0	17	55.25	49	58.02	1.19	41.84	28.20	5.12	71.99	2.39	0.00	52	0
2026-08-17 22:22:28.010223 14	14	1147	24.88	4611	3686	0.71	21411	0	0	17	54.89	49	58.18	1.19	42.33	26.15	7.10	73.85	0.95	0.00	52	0
2026-08-17 22:22:28.010226 15	15	1010	21.90	4609	3686	0.70	19598	0	0	15	57.46	41	57.64	1.03	39.95	29.53	9.03	75.80	1.96	0.00	52	0
2026-08-17 22:22:28.010229 32	16	1250	26.90	4647	3686	0.70	22375	0	0	18	56.95	51	57.80	1.40	41.32	25.23	7.04	71.21	1.57	0.00	50	0
2026-08-17 22:22:28.010233 33	17	1178	25.38	4642	3686	0.74	22144	0	0	18	54.78	50	58.56	0.95	42.10	27.85	5.13	72.17	2.12	0.00	50	0
2026-08-17 22:22:28.010236 34	18	1368	29.56	4629	3686	0.63	22924	0	0	17	55.47	50	59.39	0.95	38.79	27.07	5.06	69.42	0.73	0.00	52	0
2026-08-17 22:22:28.010239 35	19	937	20.20	4639	3686	0.66	18548	0	0	14	56.68	38	58.13	1.03	41.89	31.35	7.03	77.95	1.51	0.00	52	0
2026-08-17 22:22:28.010242 36	20	1040	22.67	4585	3686	0.73	19092	0	0	16	56.73	46	60.09	1.15	42.59	30.02	5.18	76.27	0.74	0.00	54	0
2026-08-17 22:22:28.010246 37	21	1246	27.02	4610	3686	0.73	22321	0	0	19	55.85	55	58.49	1.07	42.01	25.82	5.63	71.38	1.29	0.00	54	0
2026-08-17 22:22:28.010249 38	22	1127	24.42	4616	3686	0.76	21999	0	0	17	55.74	49	59.72	1.07	39.65	28.59	7.79	74.72	0.56	0.00	54	0
2026-08-17 22:22:28.010252 39	23	923	19.99	4619	3686	0.73	20642	0	0	14	56.80	38	57.95	0.92	39.73	32.37	8.34	78.98	0.71	0.00	52	0
2026-08-17 22:22:33.016459 Core	CPU	Avg_MHz	Busy%	Bzy_MHz	TSC_MHz	IPC	IRQ	NMI	SMI	LLCMRPS	LLC%hit	L2MRPS	L2%hit	POLL%	C1ACPI%	C2ACPI%	C3ACPI%	CPU%c1	CPU%c6	CPU%c7	CoreTmp	CoreThr	PkgTmp	GFX%rc6	GFXMHz	GFXAMHz	SAM%mc6	SAMMHz	SAMAMHz	Totl%C0	Any%C0	GFX%C0	CPUGFX%	Pkg%pc2	Pkg%pc3	Pkg%pc6	Pkg%pc8	Pk%pc10	CPU%LPI	SYS%LPI	PkgWatt	CorWatt	GFXWatt	RAMWatt	PKG_%	RAM_%	UncMHz	SysWatt
2026-08-17 22:22:33.016522 -	-	1167	24.32	4799	3686	0.77	314573	7	0	473	57.73	1090	50.65	0.70	40.03	29.51	6.58	70.90	3.70	0.69	66	0	69	99.95	0	0	99.95	0	0	584.98	99.60	0.00	0.00	0.00	0.00	0.00	0.00	0.00	0.00	0.00	83.35	68.15	0.00	0.00	0.00	0.00	4000	0.00
2026-08-17 22:22:33.016528 0	0	1177	24.11	4883	3686	0.71	10782	0	0	25	60.97	46	40.22	0.68	35.14	32.35	8.99	64.74	7.68	2.82	50	0	69	100.00	0	0	100.00	0	0	585.16	99.63	0.00	0.00	0.00	0.00	0.00	0.00	0.00	0.00	0.00	83.39	68.18	0.00	0.00	0.00	0.00	4000
2026-08-17 22:22:33.016531 4	1	1392	26.64	5227	3686	0.72	18955	0	0	28	56.83	56	44.97	0.63	50.05	22.73	1.23	72.97	0.00	0.00	50	0
2026-08-17 22:22:33.016535 16	2	1302	25.30	5148	3686	0.75	11046	0	0	29	60.99	54	41.84	0.62	40.98	29.48	4.76	62.54	9.50	2.10	54	0
2026-08-17 22:22:33.016539 20	3	1329	25.91	5131	3686	0.77	11071	1	0	29	59.95	54	41.53	0.63	41.40	30.26	2.94	61.32	10.86	1.34	52	0
2026-08-17 22:22:33.016552 24	4	2405	45.66	5268	3686	1.32	9904	1	0	27	52.96	54	42.47	0.63	31.15	19.99	3.62	46.06	6.13	1.75	66	0
2026-08-17 22:22:33.016555 28	5	1315	25.48	5161	3686	0.87	11340	0	0	26	60.22	49	42.70	0.67	44.91	26.29	3.84	63.49	8.93	1.57	56	0
2026-08-17 22:22:33.016559 40	6	1145	22.49	5092	3686	0.76	10630	1	0	25	61.59	47	41.77	0.57	42.53	31.00	4.49	62.94	12.00	1.96	52	0
2026-08-17 22:22:33.016563 44	7	965	19.25	5012	3686	0.69	10393	0	0	22	63.75	40	40.74	0.56	38.05	32.35	10.86	62.07	12.94	5.11	56	0
2026-08-17 22:22:33.016566 8	8	1106	24.11	4587	3686	0.73	13040	1	0	18	56.52	49	56.37	0.59	38.15	30.15	7.99	74.16	1.41	0.00	56	0
2026-08-17 22:22:33.016570 9	9	1113	24.21	4596	3686	0.73	13713	0	0	18	55.05	49	57.74	0.71	41.15	29.45	5.62	74.49	0.99	0.00	56	0
2026-08-17 22:22:33.016573 10	10	1153	25.03	4606	3686	0.72	13671	0	0	18	56.53	46	54.71	0.70	40.82	28.29	6.27	73.28	1.37	0.00	56	0
2026-08-17 22:22:33.016577 11	11	924	20.07	4603	3686	0.61	14552	1	0	14	58.34	36	53.36	0.73	38.23	31.30	10.81	78.75	0.86	0.00	56	0
2026-08-17 22:22:33.016580 12	12	978	21.36	4579	3686	0.71	13073	0	0	16	55.81	42	56.07	0.72	38.03	33.36	7.66	77.52	0.79	0.00	52	0
2026-08-17 22:22:33.016584 13	13	1084	23.66	4582	3686	0.69	12841	0	0	17	55.21	45	55.46	0.69	39.36	30.74	6.64	72.85	3.16	0.00	52	0
2026-08-17 22:22:33.016588 14	14	1088	23.69	4595	3686	0.67	14639	1	0	17	57.16	43	54.14	0.81	41.63	28.22	6.91	74.52	1.47	0.00	52	0
2026-08-17 22:22:33.016591 15	15	950	20.68	4593	3686	0.66	12232	0	0	15	57.49	37	53.56	0.75	38.69	31.17	9.85	77.93	1.06	0.00	52	0
2026-08-17 22:22:33.016595 32	16	1210	26.07	4639	3686	0.69	14564	0	0	19	57.18	46	52.60	0.93	39.39	28.28	6.68	72.54	1.09	0.00	54	0
2026-08-17 22:22:33.016599 33	17	1134	24.45	4638	3686	0.68	13490	0	0	18	55.57	46	54.94	0.85	40.87	28.74	6.36	74.19	1.04	0.00	54	0
2026-08-17 22:22:33.016602 34	18	1402	30.31	4626	3686	0.65	19179	1	0	20	56.13	53	57.37	0.71	37.40	25.30	7.42	68.53	0.87	0.00	54	0
2026-08-17 22:22:33.016606 35	19	853	18.41	4631	3686	0.70	12404	0	0	13	56.45	36	56.83	0.80	39.55	32.54	9.89	80.10	1.16	0.00	54	0
2026-08-17 22:22:33.016609 36	20	988	21.57	4582	3686	0.69	13878	0	0	15	56.79	40	55.85	0.78	43.23	31.05	4.58	76.89	1.22	0.00	52	0
2026-08-17 22:22:33.016613 37	21	1072	23.34	4595	3686	0.76	12930	0	0	17	54.26	47	58.22	0.76	41.23	31.54	4.30	75.04	1.30	0.00	52	0
2026-08-17 22:22:33.016616 38	22	1038	22.56	4600	3686	0.72	13206	0	0	16	55.61	42	55.96	0.69	40.41	30.05	7.39	74.57	2.54	0.00	52	0
2026-08-17 22:22:33.016620 39	23	887	19.28	4598	3686	0.66	13040	0	0	13	57.28	35	54.39	0.71	38.58	33.78	8.77	80.00	0.40	0.00	52	0
2026-08-17 22:22:38.019434 Core	CPU	Avg_MHz	Busy%	Bzy_MHz	TSC_MHz	IPC	IRQ	NMI	SMI	LLCMRPS	LLC%hit	L2MRPS	L2%hit	POLL%	C1ACPI%	C2ACPI%	C3ACPI%	CPU%c1	CPU%c6	CPU%c7	CoreTmp	CoreThr	PkgTmp	GFX%rc6	GFXMHz	GFXAMHz	SAM%mc6	SAMMHz	SAMAMHz	Totl%C0	Any%C0	GFX%C0	CPUGFX%	Pkg%pc2	Pkg%pc3	Pkg%pc6	Pkg%pc8	Pk%pc10	CPU%LPI	SYS%LPI	PkgWatt	CorWatt	GFXWatt	RAMWatt	PKG_%	RAM_%	UncMHz	SysWatt
2026-08-17 22:22:38.019504 -	-	1220	25.30	4819	3687	0.83	468658	1	0	466	56.61	1107	51.65	0.67	36.55	30.49	8.11	70.41	3.27	0.64	62	0	61	100.08	0	0	100.06	0	0	606.76	99.67	0.00	0.00	0.00	0.00	0.00	0.00	0.00	0.00	0.00	86.42	71.18	0.00	0.00	0.00	0.00	4000	0.00
2026-08-17 22:22:38.019509 0	0	1252	25.26	4957	3686	0.86	15421	0	0	25	58.37	47	43.07	0.64	35.24	34.27	5.80	64.24	8.31	1.56	60	0	61	100.01	0	0	99.99	0	0	606.51	99.63	0.00	0.00	0.00	0.00	0.00	0.00	0.00	0.00	0.00	86.37	71.13	0.00	0.00	0.00	0.00	4000
2026-08-17 22:22:38.019512 4	1	1419	27.25	5207	3686	0.81	21973	0	0	27	55.48	54	45.44	0.55	42.63	27.12	3.60	72.36	0.00	0.00	58	0
2026-08-17 22:22:38.019516 16	2	1264	24.76	5105	3686	0.85	22875	0	0	27	59.55	51	42.60	0.58	39.38	32.47	3.89	63.49	10.01	1.19	54	0
2026-08-17 22:22:38.019520 20	3	1287	25.29	5089	3686	0.78	19853	0	0	28	59.28	52	41.26	0.59	35.75	33.51	5.96	62.93	9.04	2.20	54	0
2026-08-17 22:22:38.019523 24	4	3589	67.53	5315	3686	1.50	8534	0	0	26	46.79	58	42.99	0.60	17.70	10.50	4.56	26.27	3.76	2.15	62	0
2026-08-17 22:22:38.019526 28	5	1262	24.39	5175	3686	0.82	14229	0	0	26	60.77	51	44.75	0.62	49.80	23.51	2.83	67.31	6.90	0.88	54	0
2026-08-17 22:22:38.019538 40	6	1113	21.85	5095	3686	0.86	19190	0	0	24	59.91	48	45.96	0.43	41.89	29.77	6.98	65.66	8.84	3.08	52	0
2026-08-17 22:22:38.019542 44	7	1029	20.44	5033	3686	0.72	17482	0	0	23	61.65	41	40.80	0.48	36.66	33.46	9.92	62.45	12.15	4.35	50	0
2026-08-17 22:22:38.019545 8	8	1151	25.05	4593	3686	0.77	22638	0	0	18	55.49	49	57.85	0.74	35.61	31.12	8.60	73.87	0.78	0.00	52	0
2026-08-17 22:22:38.019549 9	9	1140	24.83	4592	3686	0.76	23865	0	0	18	55.23	51	58.98	0.71	41.08	29.56	4.95	72.58	2.26	0.00	52	0
2026-08-17 22:22:38.019552 10	10	1111	24.14	4601	3686	0.73	21738	0	0	17	55.11	48	57.45	0.71	37.91	31.42	6.92	74.13	1.41	0.00	52	0
2026-08-17 22:22:38.019555 11	11	820	17.85	4597	3686	0.69	18157	0	0	13	56.79	34	56.58	0.61	38.26	33.96	10.31	80.32	1.49	0.00	52	0
2026-08-17 22:22:38.019559 12	12	990	21.68	4567	3686	0.69	21208	1	0	16	57.12	42	56.10	0.72	35.67	34.34	8.71	75.87	2.12	0.00	54	0
2026-08-17 22:22:38.019562 13	13	1162	25.36	4584	3686	0.66	21917	0	0	18	56.16	47	54.71	0.76	34.93	31.17	8.97	73.69	0.64	0.00	54	0
2026-08-17 22:22:38.019565 14	14	1161	25.33	4585	3686	0.72	19324	0	0	18	54.76	49	57.09	0.82	35.56	29.56	9.96	73.61	0.76	0.00	54	0
2026-08-17 22:22:38.019569 15	15	863	18.86	4578	3686	0.63	18238	0	0	13	57.16	35	54.77	0.71	33.02	33.51	14.97	77.86	2.94	0.00	54	0
2026-08-17 22:22:38.019572 32	16	1079	23.28	4636	3686	0.63	23883	0	0	16	57.16	41	53.53	0.84	36.72	29.94	10.48	74.45	1.95	0.00	52	0
2026-08-17 22:22:38.019575 33	17	1158	24.91	4647	3686	0.66	17741	0	0	18	55.86	46	54.53	0.86	37.23	29.75	8.52	74.04	0.74	0.00	52	0
2026-08-17 22:22:38.019579 34	18	1445	31.30	4616	3686	0.63	29154	0	0	20	54.97	53	57.23	0.78	34.89	26.57	7.69	67.93	0.49	0.00	52	0
2026-08-17 22:22:38.019582 35	19	871	18.79	4637	3686	0.66	18030	0	0	13	55.67	37	56.47	0.67	36.12	33.90	11.57	80.02	0.85	0.00	52	0
2026-08-17 22:22:38.019585 36	20	1043	22.71	4592	3686	0.66	22676	0	0	16	56.06	42	54.54	0.67	36.18	31.87	9.65	76.34	0.64	0.00	52	0
2026-08-17 22:22:38.019589 37	21	1194	25.93	4604	3686	0.71	16854	0	0	19	54.64	51	56.83	0.77	36.64	29.87	7.98	72.83	0.93	0.00	52	0
2026-08-17 22:22:38.019592 38	22	1100	23.89	4604	3686	0.70	19409	0	0	17	55.21	47	56.45	0.66	32.88	32.57	11.06	74.98	0.82	0.00	52	0
2026-08-17 22:22:38.019595 39	23	761	16.56	4593	3686	0.73	14269	0	0	11	56.60	32	57.44	0.57	35.13	37.88	10.80	82.54	0.57	0.00	52	0
2026-08-17 22:22:43.024110 Core	CPU	Avg_MHz	Busy%	Bzy_MHz	TSC_MHz	IPC	IRQ	NMI	SMI	LLCMRPS	LLC%hit	L2MRPS	L2%hit	POLL%	C1ACPI%	C2ACPI%	C3ACPI%	CPU%c1	CPU%c6	CPU%c7	CoreTmp	CoreThr	PkgTmp	GFX%rc6	GFXMHz	GFXAMHz	SAM%mc6	SAMMHz	SAMAMHz	Totl%C0	Any%C0	GFX%C0	CPUGFX%	Pkg%pc2	Pkg%pc3	Pkg%pc6	Pkg%pc8	Pk%pc10	CPU%LPI	SYS%LPI	PkgWatt	CorWatt	GFXWatt	RAMWatt	PKG_%	RAM_%	UncMHz	SysWatt
2026-08-17 22:22:43.024188 -	-	1223	25.34	4826	3686	0.84	351863	4	0	510	59.35	1193	51.02	0.60	41.87	27.22	6.03	69.34	4.19	0.73	64	0	68	99.97	0	0	99.97	0	0	611.01	99.62	0.00	0.00	0.00	0.00	0.00	0.00	0.00	0.00	0.00	87.03	71.84	0.00	0.00	0.00	0.00	4000	0.00
2026-08-17 22:22:43.024194 0	0	1666	32.67	5101	3686	0.94	10085	0	0	32	59.09	60	40.85	0.49	35.75	25.91	6.22	55.36	8.71	2.62	64	0	68	100.00	0	0	100.00	0	0	611.10	99.63	0.00	0.00	0.00	0.00	0.00	0.00	0.00	0.00	0.00	87.06	71.87	0.00	0.00	0.00	0.00	4000
2026-08-17 22:22:43.024199 4	1	1929	36.45	5292	3686	1.15	18406	0	0	29	52.95	64	49.19	0.51	40.29	22.05	1.79	63.20	0.00	0.00	54	0
2026-08-17 22:22:43.024203 16	2	1432	27.69	5173	3686	0.87	11372	0	0	30	60.44	58	42.08	0.47	42.47	26.88	3.46	59.61	10.35	1.79	62	0
2026-08-17 22:22:43.024207 20	3	1210	23.64	5120	3686	0.81	11274	0	0	28	63.00	52	42.01	0.46	43.11	29.97	3.80	63.97	10.20	1.61	54	0
2026-08-17 22:22:43.024212 24	4	1956	37.29	5246	3686	1.60	9252	0	0	32	54.60	62	41.66	0.43	34.99	22.79	5.37	51.04	8.50	2.68	58	0
2026-08-17 22:22:43.024216 28	5	1349	26.09	5171	3686	0.79	13463	1	0	30	61.86	57	40.50	0.45	43.75	26.25	4.44	62.14	9.47	1.74	56	0
2026-08-17 22:22:43.024219 40	6	1152	22.51	5118	3686	0.67	13002	0	0	27	64.11	48	39.59	0.47	44.36	29.62	4.06	63.25	11.57	2.08	52	0
2026-08-17 22:22:43.024232 44	7	1079	21.18	5094	3686	0.76	11397	0	0	24	64.73	45	41.86	0.51	38.46	31.10	9.76	61.15	12.05	5.00	54	0
2026-08-17 22:22:43.024236 8	8	1181	25.59	4614	3686	0.71	16243	0	0	19	59.13	51	55.32	0.65	44.14	25.72	5.01	72.47	1.62	0.00	54	0
2026-08-17 22:22:43.024239 9	9	1278	27.68	4616	3686	0.68	16906	0	0	21	59.30	56	55.64	0.73	45.52	22.17	5.15	69.61	2.39	0.00	54	0
2026-08-17 22:22:43.024243 10	10	1193	25.86	4613	3686	0.75	15432	0	0	19	59.90	49	54.43	0.69	42.77	25.81	6.03	72.79	1.03	0.00	54	0
2026-08-17 22:22:43.024246 11	11	978	21.18	4616	3686	0.76	15998	0	0	15	59.40	40	54.16	0.61	42.00	28.23	9.04	77.32	1.17	0.00	54	0
2026-08-17 22:22:43.024250 12	12	1158	25.20	4595	3686	0.78	15884	0	0	19	58.75	50	55.84	0.70	40.73	27.84	6.70	72.58	1.90	0.00	54	0
2026-08-17 22:22:43.024253 13	13	1093	23.80	4595	3686	0.73	13856	0	0	18	58.34	48	56.42	0.56	43.98	27.75	4.92	73.27	2.59	0.00	56	0
2026-08-17 22:22:43.024256 14	14	1245	27.01	4612	3686	0.74	17343	0	0	20	58.45	53	55.89	0.78	42.76	25.06	5.66	71.56	1.12	0.00	56	0
2026-08-17 22:22:43.024260 15	15	771	16.81	4585	3686	0.68	12121	1	0	12	59.14	33	55.57	0.51	40.95	33.59	9.04	81.63	1.22	0.00	56	0
2026-08-17 22:22:43.024263 32	16	1055	22.75	4634	3686	0.69	17205	0	0	17	60.02	44	54.66	0.77	46.06	25.92	5.74	73.79	3.12	0.00	54	0
2026-08-17 22:22:43.024266 33	17	1341	28.82	4653	3686	0.78	17307	1	0	20	57.82	55	55.93	0.71	42.49	23.50	5.67	67.54	3.31	0.00	54	0
2026-08-17 22:22:43.024270 34	18	1235	26.68	4630	3686	0.72	20180	0	0	17	57.94	50	59.96	0.68	39.05	26.62	8.10	72.21	0.80	0.00	54	0
2026-08-17 22:22:43.024273 35	19	905	19.49	4643	3686	0.67	15988	1	0	14	58.98	38	54.92	0.64	42.75	31.03	7.19	78.74	1.43	0.00	54	0
2026-08-17 22:22:43.024276 36	20	1063	23.08	4607	3686	0.79	15549	0	0	16	58.42	46	58.03	0.63	42.71	28.54	6.13	73.97	2.61	0.00	60	0
2026-08-17 22:22:43.024280 37	21	1184	25.65	4617	3686	0.77	15019	0	0	19	58.02	55	58.64	0.72	43.10	26.33	5.37	71.25	2.77	0.00	60	0
2026-08-17 22:22:43.024283 38	22	1010	21.86	4619	3686	0.79	14342	0	0	16	59.26	44	56.95	0.61	42.78	29.23	6.58	76.77	1.05	0.00	60	0
2026-08-17 22:22:43.024286 39	23	889	19.26	4618	3686	0.67	14239	0	0	14	59.87	37	55.25	0.55	40.17	31.44	9.57	78.86	1.54	0.00	60	0
2026-08-17 22:22:48.027464 Core	CPU	Avg_MHz	Busy%	Bzy_MHz	TSC_MHz	IPC	IRQ	NMI	SMI	LLCMRPS	LLC%hit	L2MRPS	L2%hit	POLL%	C1ACPI%	C2ACPI%	C3ACPI%	CPU%c1	CPU%c6	CPU%c7	CoreTmp	CoreThr	PkgTmp	GFX%rc6	GFXMHz	GFXAMHz	SAM%mc6	SAMMHz	SAMAMHz	Totl%C0	Any%C0	GFX%C0	CPUGFX%	Pkg%pc2	Pkg%pc3	Pkg%pc6	Pkg%pc8	Pk%pc10	CPU%LPI	SYS%LPI	PkgWatt	CorWatt	GFXWatt	RAMWatt	PKG_%	RAM_%	UncMHz	SysWatt
2026-08-17 22:22:48.027541 -	-	1299	26.75	4854	3687	0.92	338655	5	0	515	57.02	1192	50.51	0.56	40.02	27.72	5.94	67.33	4.80	0.71	76	0	77	100.01	0	0	100.03	0	0	642.01	99.65	0.00	0.00	0.00	0.00	0.00	0.00	0.00	0.00	0.00	91.52	76.16	0.00	0.00	0.00	0.00	4000	0.00
2026-08-17 22:22:48.027547 0	0	1403	28.13	4988	3686	1.05	9982	1	0	26	54.63	51	41.87	0.48	35.43	32.30	4.68	58.56	10.91	1.74	50	0	77	99.99	0	0	100.01	0	0	641.94	99.63	0.00	0.00	0.00	0.00	0.00	0.00	0.00	0.00	0.00	91.49	76.14	0.00	0.00	0.00	0.00	4000
2026-08-17 22:22:48.027551 4	1	1840	34.97	5261	3686	1.18	19771	1	0	26	45.53	52	41.85	0.53	40.32	22.92	2.37	64.68	0.00	0.00	56	0
2026-08-17 22:22:48.027556 16	2	1349	26.25	5138	3686	0.72	13233	0	0	29	58.48	54	41.37	0.56	41.11	27.97	5.19	64.45	7.16	1.60	58	0
2026-08-17 22:22:48.027560 20	3	1326	25.79	5142	3686	0.76	12885	0	0	28	58.43	53	42.92	0.55	41.20	27.17	6.35	64.90	6.91	1.88	56	0
2026-08-17 22:22:48.027564 24	4	4271	79.99	5339	3686	1.67	7078	1	0	71	70.33	136	40.37	0.22	10.65	7.98	1.53	17.15	2.14	0.58	76	0
2026-08-17 22:22:48.027568 28	5	1607	31.03	5177	3686	1.01	10726	0	0	26	53.51	48	40.44	0.39	36.56	27.68	5.19	57.25	9.19	2.02	54	0
2026-08-17 22:22:48.027572 40	6	1176	23.05	5101	3686	0.77	11669	0	0	24	59.99	44	40.78	0.46	40.23	28.77	8.47	62.60	9.64	4.15	52	0
2026-08-17 22:22:48.027576 44	7	996	19.81	5026	3686	0.69	12202	0	0	21	62.00	38	39.35	0.44	36.76	33.30	10.63	62.68	11.76	5.14	54	0
2026-08-17 22:22:48.027579 8	8	1092	23.79	4591	3686	0.73	13581	0	0	17	54.48	43	54.61	0.54	41.27	29.06	6.28	72.42	3.43	0.00	54	0
2026-08-17 22:22:48.027591 9	9	1181	25.71	4594	3686	0.69	15211	0	0	19	53.48	50	54.70	0.58	42.44	25.48	6.80	69.95	3.99	0.00	54	0
2026-08-17 22:22:48.027595 10	10	1054	22.96	4592	3686	0.72	13573	0	0	17	53.74	45	55.49	0.61	43.25	27.05	7.15	75.16	1.56	0.00	54	0
2026-08-17 22:22:48.027598 11	11	890	19.38	4593	3686	0.74	13621	0	0	14	54.53	38	57.95	0.53	41.81	30.19	9.00	75.96	4.30	0.00	52	0
2026-08-17 22:22:48.027602 12	12	1097	23.90	4590	3686	0.69	14265	0	0	17	54.10	45	55.77	0.65	41.89	29.04	5.59	71.27	4.48	0.00	52	0
2026-08-17 22:22:48.027605 13	13	1161	25.28	4595	3686	0.68	13816	1	0	18	53.38	48	55.60	0.65	43.26	27.11	4.76	71.07	3.31	0.00	52	0
2026-08-17 22:22:48.027608 14	14	1058	23.00	4598	3686	0.66	15296	0	0	17	54.48	44	55.73	0.77	43.81	28.99	4.63	71.64	4.99	0.00	52	0
2026-08-17 22:22:48.027612 15	15	891	19.38	4597	3686	0.63	14188	0	0	14	55.30	36	54.17	0.56	40.93	32.96	7.11	77.31	2.96	0.00	52	0
2026-08-17 22:22:48.027615 32	16	1154	24.84	4645	3686	0.66	18559	1	0	17	55.54	46	54.98	0.73	44.08	27.83	3.68	71.50	3.32	0.00	58	0
2026-08-17 22:22:48.027618 33	17	1140	24.53	4646	3686	0.76	16994	0	0	17	53.68	48	57.61	0.58	45.55	27.04	3.29	70.84	4.27	0.00	58	0
2026-08-17 22:22:48.027621 34	18	1319	28.57	4618	3686	0.66	21008	0	0	18	53.56	52	59.30	0.50	40.54	24.91	6.40	67.61	3.47	0.00	58	0
2026-08-17 22:22:48.027625 35	19	909	19.52	4654	3686	0.73	13447	0	0	14	54.41	39	57.04	0.52	40.44	30.05	10.39	77.75	2.37	0.00	58	0
2026-08-17 22:22:48.027628 36	20	1027	22.32	4600	3686	0.93	13356	0	0	15	54.76	43	58.01	0.59	43.07	29.44	5.59	73.70	3.62	0.00	54	0
2026-08-17 22:22:48.027631 37	21	1346	29.13	4622	3686	0.91	15544	0	0	20	52.56	60	59.70	0.60	41.05	25.26	4.98	67.05	3.49	0.00	54	0
2026-08-17 22:22:48.027634 38	22	1072	23.23	4618	3686	0.79	14567	0	0	16	53.70	48	60.67	0.58	42.45	28.60	6.13	72.94	3.49	0.00	54	0
2026-08-17 22:22:48.027638 39	23	807	17.48	4620	3686	0.70	14083	0	0	12	56.52	32	55.19	0.69	42.32	34.19	6.41	77.60	4.55	0.00	54	0
2026-08-17 22:22:53.029744 Core	CPU	Avg_MHz	Busy%	Bzy_MHz	TSC_MHz	IPC	IRQ	NMI	SMI	LLCMRPS	LLC%hit	L2MRPS	L2%hit	POLL%	C1ACPI%	C2ACPI%	C3ACPI%	CPU%c1	CPU%c6	CPU%c7	CoreTmp	CoreThr	PkgTmp	GFX%rc6	GFXMHz	GFXAMHz	SAM%mc6	SAMMHz	SAMAMHz	Totl%C0	Any%C0	GFX%C0	CPUGFX%	Pkg%pc2	Pkg%pc3	Pkg%pc6	Pkg%pc8	Pk%pc10	CPU%LPI	SYS%LPI	PkgWatt	CorWatt	GFXWatt	RAMWatt	PKG_%	RAM_%	UncMHz	SysWatt
2026-08-17 22:22:53.029814 -	-	1124	23.53	4779	3687	0.79	350909	3	0	458	57.13	1073	50.84	0.65	38.16	30.78	7.98	70.64	4.33	1.10	56	0	58	100.04	0	0	100.02	0	0	573.99	99.65	0.00	0.00	0.00	0.00	0.00	0.00	0.00	0.00	0.00	81.02	65.86	0.00	0.00	0.00	0.00	4000	0.00
2026-08-17 22:22:53.029819 0	0	989	20.78	4759	3686	0.73	11068	0	0	22	62.62	40	39.35	0.47	31.88	36.19	11.72	62.57	11.45	4.45	48	0	58	100.01	0	0	99.99	0	0	573.88	99.63	0.00	0.00	0.00	0.00	0.00	0.00	0.00	0.00	0.00	81.00	65.84	0.00	0.00	0.00	0.00	4000
2026-08-17 22:22:53.029822 4	1	1417	27.32	5189	3686	0.81	19569	0	0	27	56.71	55	44.60	0.59	42.39	27.48	3.47	72.29	0.00	0.00	56	0
2026-08-17 22:22:53.029827 16	2	1197	23.43	5108	3686	0.73	14565	1	0	27	61.39	51	40.70	0.56	41.32	30.58	5.19	63.21	10.53	2.27	50	0
2026-08-17 22:22:53.029831 20	3	1229	24.18	5085	3686	0.81	11323	0	0	28	61.69	52	40.80	0.52	39.40	31.87	5.05	59.62	12.91	2.68	52	0
2026-08-17 22:22:53.029834 24	4	1985	37.99	5225	3686	1.25	11541	0	0	28	47.03	53	37.60	0.34	30.69	26.13	5.58	47.75	10.93	2.82	50	0
2026-08-17 22:22:53.029837 28	5	1467	28.45	5157	3686	0.95	12098	0	0	27	55.77	51	38.56	0.48	37.93	28.46	5.63	56.48	11.57	2.93	52	0
2026-08-17 22:22:53.029840 40	6	1058	20.91	5058	3686	0.77	12783	0	0	23	63.52	45	41.71	0.54	40.16	30.38	9.05	61.65	11.76	5.06	48	0
2026-08-17 22:22:53.029844 44	7	940	18.77	5010	3686	0.68	10776	0	0	22	63.90	40	40.01	0.54	37.32	32.98	11.42	61.14	13.27	6.18	52	0
2026-08-17 22:22:53.029848 8	8	1088	23.67	4597	3686	0.70	13997	0	0	18	56.38	46	54.96	0.68	41.37	29.84	5.54	75.58	0.44	0.00	50	0
2026-08-17 22:22:53.029851 9	9	1185	25.75	4602	3686	0.74	15553	0	0	19	54.86	53	58.02	0.79	39.56	28.22	6.92	73.51	0.44	0.00	50	0
2026-08-17 22:22:53.029855 10	10	1104	23.91	4617	3686	0.67	14660	1	0	17	56.71	44	54.02	0.71	40.66	28.13	7.73	74.53	1.25	0.00	50	0
2026-08-17 22:22:53.029867 11	11	1020	22.12	4611	3686	0.78	15132	0	0	16	56.64	41	54.21	0.60	37.17	29.70	11.40	75.70	1.86	0.00	50	0
2026-08-17 22:22:53.029870 12	12	1129	24.65	4578	3686	0.71	16704	0	0	17	55.81	45	54.67	0.78	37.44	29.39	8.95	74.55	0.50	0.00	52	0
2026-08-17 22:22:53.029873 13	13	1173	25.53	4595	3686	0.88	14626	0	0	17	55.73	49	59.11	0.74	37.11	26.85	10.91	72.57	1.59	0.00	52	0
2026-08-17 22:22:53.029877 14	14	1000	21.83	4583	3686	0.71	14678	0	0	15	55.97	41	55.84	0.74	37.98	32.07	8.53	76.12	1.73	0.00	52	0
2026-08-17 22:22:53.029884 15	15	840	18.35	4578	3686	0.73	12009	0	0	13	56.23	35	57.14	0.68	35.77	33.10	13.14	79.17	2.14	0.00	52	0
2026-08-17 22:22:53.029887 32	16	935	20.21	4626	3686	0.74	15561	0	0	14	55.56	38	57.14	0.64	38.76	34.73	6.69	77.77	1.69	0.00	50	0
2026-08-17 22:22:53.029890 33	17	1169	25.20	4638	3686	0.77	16280	0	0	18	55.19	48	56.15	0.73	38.01	29.37	7.83	73.26	1.23	0.00	52	0
2026-08-17 22:22:53.029894 34	18	1272	27.60	4609	3686	0.66	20837	0	0	17	55.80	49	59.78	0.68	36.62	29.01	7.19	71.54	0.56	0.00	52	0
2026-08-17 22:22:53.029897 35	19	790	17.07	4626	3686	0.75	13994	0	0	12	55.37	34	58.79	0.65	38.36	36.05	8.91	81.90	0.70	0.00	52	0
2026-08-17 22:22:53.029900 36	20	1047	22.83	4584	3686	0.73	13859	0	0	16	55.88	41	55.27	0.78	37.86	30.12	9.62	74.73	2.11	0.00	52	0
2026-08-17 22:22:53.029903 37	21	1078	23.42	4602	3686	0.80	17661	0	0	17	53.80	48	59.15	0.73	41.53	31.58	3.88	74.37	1.89	0.00	50	0
2026-08-17 22:22:53.029907 38	22	997	21.71	4593	3686	0.69	16221	1	0	15	56.95	41	56.27	0.86	40.46	30.63	7.63	76.69	1.28	0.00	50	0
2026-08-17 22:22:53.029910 39	23	875	19.00	4605	3686	0.76	15414	0	0	13	56.88	33	54.86	0.69	36.13	35.70	9.55	78.58	2.08	0.00	50	0
2026-08-17 22:22:58.032397 Core	CPU	Avg_MHz	Busy%	Bzy_MHz	TSC_MHz	IPC	IRQ	NMI	SMI	LLCMRPS	LLC%hit	L2MRPS	L2%hit	POLL%	C1ACPI%	C2ACPI%	C3ACPI%	CPU%c1	CPU%c6	CPU%c7	CoreTmp	CoreThr	PkgTmp	GFX%rc6	GFXMHz	GFXAMHz	SAM%mc6	SAMMHz	SAMAMHz	Totl%C0	Any%C0	GFX%C0	CPUGFX%	Pkg%pc2	Pkg%pc3	Pkg%pc6	Pkg%pc8	Pk%pc10	CPU%LPI	SYS%LPI	PkgWatt	CorWatt	GFXWatt	RAMWatt	PKG_%	RAM_%	UncMHz	SysWatt
2026-08-17 22:22:58.032464 -	-	909	19.41	4683	3686	0.70	279053	5	0	405	60.31	940	50.06	0.58	33.37	35.56	12.07	72.76	5.13	2.26	56	0	55	99.99	0	0	99.99	0	0	493.85	99.63	0.00	0.00	0.00	0.00	0.00	0.00	0.00	0.00	0.00	69.49	54.59	0.00	0.00	0.00	0.00	4000	0.00
2026-08-17 22:22:58.032470 0	0	876	18.85	4647	3686	0.68	10224	0	0	21	64.74	39	38.40	0.45	33.44	41.37	6.93	62.58	15.16	2.62	50	0	55	100.00	0	0	100.00	0	0	493.87	99.63	0.00	0.00	0.00	0.00	0.00	0.00	0.00	0.00	0.00	69.50	54.60	0.00	0.00	0.00	0.00	4000
2026-08-17 22:22:58.032474 4	1	1154	22.71	5083	3686	0.72	17314	0	0	24	59.52	49	43.02	0.53	39.10	33.87	4.99	76.87	0.00	0.00	50	0
2026-08-17 22:22:58.032477 16	2	989	19.93	4962	3686	0.69	9325	0	0	25	64.07	45	38.21	0.48	31.32	34.95	14.29	59.92	13.03	6.46	50	0
2026-08-17 22:22:58.032481 20	3	979	19.70	4968	3686	0.70	9411	0	0	24	64.52	44	37.89	0.54	30.44	35.07	15.27	59.29	12.99	7.38	52	0
2026-08-17 22:22:58.032485 24	4	985	19.82	4968	3686	0.74	9072	0	0	25	65.18	45	38.02	0.49	29.53	35.74	15.37	55.35	16.16	8.00	50	0
2026-08-17 22:22:58.032489 28	5	919	18.65	4926	3686	0.70	9102	0	0	23	65.94	42	38.05	0.47	31.31	39.40	11.12	57.08	17.43	6.14	56	0
2026-08-17 22:22:58.032492 40	6	991	19.87	4987	3686	0.73	9268	0	0	23	64.91	44	39.83	0.52	31.66	31.69	17.26	57.49	13.20	8.81	50	0
2026-08-17 22:22:58.032496 44	7	691	14.36	4809	3686	0.64	7933	0	0	18	68.32	32	36.71	0.34	25.65	38.21	22.20	51.11	19.10	14.72	48	0
2026-08-17 22:22:58.032500 8	8	920	20.25	4541	3686	0.68	12578	0	0	15	58.81	37	54.21	0.55	36.25	34.16	9.73	78.86	0.56	0.00	50	0
2026-08-17 22:22:58.032503 9	9	977	21.48	4548	3686	0.79	11680	1	0	16	55.04	47	60.44	0.51	34.30	33.58	11.02	76.34	1.85	0.00	50	0
2026-08-17 22:22:58.032507 10	10	829	18.26	4540	3686	0.69	12067	0	0	13	57.78	35	56.11	0.56	38.20	35.18	8.75	79.04	2.36	0.00	50	0
2026-08-17 22:22:58.032510 11	11	651	14.37	4535	3686	0.66	11376	0	0	10	57.68	27	56.28	0.56	30.74	36.27	18.97	82.67	2.61	0.00	50	0
2026-08-17 22:22:58.032514 12	12	896	19.78	4530	3686	0.68	12447	0	0	14	57.57	37	55.06	0.61	33.42	34.77	12.43	79.37	0.53	0.00	50	0
2026-08-17 22:22:58.032526 13	13	903	19.97	4523	3686	0.69	11513	0	0	14	56.82	38	55.78	0.64	34.91	34.02	11.49	78.53	1.18	0.00	50	0
2026-08-17 22:22:58.032530 14	14	946	20.87	4535	3686	0.71	11756	0	0	15	54.66	41	56.78	0.71	33.52	32.03	13.96	78.55	0.27	0.00	50	0
2026-08-17 22:22:58.032534 15	15	771	16.98	4541	3686	0.65	11256	0	0	12	59.22	30	53.47	0.58	31.73	35.01	16.65	80.71	1.98	0.00	50	0
2026-08-17 22:22:58.032537 32	16	876	18.99	4612	3686	0.64	13242	0	0	14	58.25	34	53.44	0.78	38.15	34.69	8.56	79.85	0.83	0.00	50	0
2026-08-17 22:22:58.032541 33	17	1055	22.78	4631	3686	0.70	12936	0	0	17	56.55	44	55.48	0.74	37.17	32.75	7.69	75.70	1.21	0.00	50	0
2026-08-17 22:22:58.032544 34	18	1258	27.42	4589	3686	0.70	17028	1	0	18	55.84	52	58.63	0.58	31.61	29.63	11.74	72.21	0.09	0.00	50	0
2026-08-17 22:22:58.032548 35	19	755	16.31	4629	3686	0.72	12024	0	0	12	57.51	32	55.22	0.61	35.94	39.70	8.43	83.06	0.30	0.00	50	0
2026-08-17 22:22:58.032551 36	20	825	18.22	4529	3686	0.65	12121	1	0	13	56.67	33	55.00	0.60	33.35	39.46	9.36	80.53	0.93	0.00	50	0
2026-08-17 22:22:58.032555 37	21	1093	23.89	4575	3686	0.74	12472	1	0	18	55.22	51	59.03	0.70	33.28	32.43	10.80	75.38	0.42	0.00	50	0
2026-08-17 22:22:58.032558 38	22	901	19.73	4565	3686	0.69	12248	0	0	14	56.83	38	56.28	0.71	34.18	36.25	10.23	79.19	0.75	0.00	50	0
2026-08-17 22:22:58.032562 39	23	576	12.69	4536	3686	0.72	10660	1	0	9	56.76	24	57.19	0.57	31.83	43.29	12.52	86.68	0.29	0.00	50	0
2026-08-17 22:23:03.034701 Core	CPU	Avg_MHz	Busy%	Bzy_MHz	TSC_MHz	IPC	IRQ	NMI	SMI	LLCMRPS	LLC%hit	L2MRPS	L2%hit	POLL%	C1ACPI%	C2ACPI%	C3ACPI%	CPU%c1	CPU%c6	CPU%c7	CoreTmp	CoreThr	PkgTmp	GFX%rc6	GFXMHz	GFXAMHz	SAM%mc6	SAMMHz	SAMAMHz	Totl%C0	Any%C0	GFX%C0	CPUGFX%	Pkg%pc2	Pkg%pc3	Pkg%pc6	Pkg%pc8	Pk%pc10	CPU%LPI	SYS%LPI	PkgWatt	CorWatt	GFXWatt	RAMWatt	PKG_%	RAM_%	UncMHz	SysWatt
2026-08-17 22:23:03.034802 -	-	812	17.86	4545	3687	1.30	262230	1	0	306	57.32	835	57.28	0.34	25.77	36.33	20.39	65.46	12.39	3.78	56	0	54	99.99	0	0	100.01	0	0	452.96	99.63	0.00	0.00	0.00	0.00	0.00	0.00	0.00	0.00	0.00	66.04	51.57	0.00	0.00	0.00	0.00	4000	0.00
2026-08-17 22:23:03.034823 0	0	1098	23.33	4705	3686	1.48	10114	0	0	19	62.33	48	53.22	0.27	23.18	38.18	15.80	50.34	17.01	8.37	50	0	54	99.98	0	0	100.00	0	0	452.97	99.63	0.00	0.00	0.00	0.00	0.00	0.00	0.00	0.00	0.00	66.04	51.57	0.00	0.00	0.00	0.00	4000
2026-08-17 22:23:03.034838 4	1	1136	23.27	4884	3686	2.14	17773	0	0	14	52.64	34	50.52	0.34	34.37	38.04	4.92	76.33	0.00	0.00	52	0
2026-08-17 22:23:03.034853 16	2	846	17.65	4793	3686	1.17	10134	0	0	17	64.85	34	45.38	0.37	29.19	40.21	13.38	54.49	18.26	8.89	50	0
2026-08-17 22:23:03.034867 20	3	1083	22.12	4894	3686	1.54	9885	1	0	19	60.77	40	44.71	0.35	25.59	33.89	18.81	48.74	14.96	13.50	56	0
2026-08-17 22:23:03.034887 24	4	1190	24.35	4886	3686	1.34	10044	0	0	24	64.41	63	55.16	0.46	26.13	33.02	16.90	47.11	15.29	12.55	52	0
2026-08-17 22:23:03.034903 28	5	1189	24.20	4916	3686	1.36	11380	0	0	23	65.03	55	52.48	0.29	25.34	34.75	16.13	47.67	17.02	10.41	52	0
2026-08-17 22:23:03.034916 40	6	1209	24.61	4914	3686	1.93	8955	0	0	18	63.57	40	47.77	0.36	22.44	30.71	22.63	44.13	14.72	15.84	52	0
2026-08-17 22:23:03.034930 44	7	667	14.40	4629	3686	1.76	8737	0	0	13	71.13	25	42.06	0.28	24.16	34.20	27.62	46.10	17.68	21.07	50	0
2026-08-17 22:23:03.034944 8	8	650	15.04	4320	3686	1.07	10006	0	0	10	55.41	30	62.08	0.41	28.12	38.11	19.03	79.05	5.53	0.00	50	0
2026-08-17 22:23:03.034957 9	9	826	19.06	4334	3686	1.04	11954	0	0	12	54.83	39	64.16	0.40	27.56	34.65	19.08	72.21	8.36	0.00	50	0
2026-08-17 22:23:03.034971 10	10	811	18.59	4364	3686	1.15	10753	0	0	12	53.65	38	61.52	0.37	27.16	37.60	16.97	72.53	8.50	0.00	50	0
2026-08-17 22:23:03.034984 11	11	649	14.96	4338	3686	1.00	13437	0	0	11	55.16	37	65.45	0.37	27.97	34.86	22.54	73.35	11.28	0.00	50	0
2026-08-17 22:23:03.034997 12	12	592	13.94	4247	3686	0.93	10981	0	0	8	51.69	25	59.59	0.44	27.05	43.43	15.88	75.26	10.38	0.00	52	0
2026-08-17 22:23:03.035010 13	13	734	17.07	4298	3686	1.21	11139	0	0	10	50.02	29	57.95	0.35	26.98	37.63	18.62	66.22	16.25	0.00	52	0
2026-08-17 22:23:03.035024 14	14	628	14.78	4245	3686	1.03	10304	0	0	9	50.28	28	60.81	0.49	27.74	36.82	20.96	73.74	11.05	0.00	52	0
2026-08-17 22:23:03.035051 15	15	554	12.83	4321	3686	0.90	9518	0	0	8	51.63	24	60.35	0.27	23.26	37.57	26.61	74.30	12.45	0.00	52	0
2026-08-17 22:23:03.035065 32	16	687	15.75	4360	3686	0.95	10321	0	0	10	50.77	28	55.53	0.41	23.02	32.91	28.61	67.27	16.50	0.00	52	0
2026-08-17 22:23:03.035078 33	17	759	17.16	4422	3686	1.11	12264	0	0	11	52.43	36	62.20	0.34	23.96	34.05	25.12	68.26	14.14	0.00	52	0
2026-08-17 22:23:03.035092 34	18	813	18.97	4284	3686	0.88	12793	0	0	10	47.70	33	62.62	0.25	24.46	37.98	18.86	78.65	2.04	0.00	52	0
2026-08-17 22:23:03.035105 35	19	558	12.58	4439	3686	1.02	10912	0	0	8	52.64	24	60.62	0.25	25.33	38.80	23.58	76.64	10.34	0.00	52	0
2026-08-17 22:23:03.035118 36	20	781	17.77	4396	3686	1.33	9708	0	0	11	50.95	38	65.97	0.23	21.81	40.65	20.04	75.95	5.92	0.00	54	0
2026-08-17 22:23:03.035132 37	21	718	16.53	4345	3686	1.07	10757	0	0	10	48.10	33	62.14	0.24	26.56	34.57	22.63	69.78	13.26	0.00	54	0
2026-08-17 22:23:03.035145 38	22	785	17.73	4427	3686	1.31	10850	0	0	9	51.71	32	66.40	0.27	23.06	31.86	27.60	61.45	20.36	0.00	54	0
2026-08-17 22:23:03.035159 39	23	521	12.00	4341	3686	1.04	9511	0	0	7	52.33	25	65.36	0.31	24.08	37.25	26.93	71.52	16.01	0.00	54	0
2026-08-17 22:23:08.039008 Core	CPU	Avg_MHz	Busy%	Bzy_MHz	TSC_MHz	IPC	IRQ	NMI	SMI	LLCMRPS	LLC%hit	L2MRPS	L2%hit	POLL%	C1ACPI%	C2ACPI%	C3ACPI%	CPU%c1	CPU%c6	CPU%c7	CoreTmp	CoreThr	PkgTmp	GFX%rc6	GFXMHz	GFXAMHz	SAM%mc6	SAMMHz	SAMAMHz	Totl%C0	Any%C0	GFX%C0	CPUGFX%	Pkg%pc2	Pkg%pc3	Pkg%pc6	Pkg%pc8	Pk%pc10	CPU%LPI	SYS%LPI	PkgWatt	CorWatt	GFXWatt	RAMWatt	PKG_%	RAM_%	UncMHz	SysWatt
2026-08-17 22:23:08.039111 -	-	249	7.84	3179	3686	1.29	155334	1	0	124	72.19	332	58.11	0.14	15.92	39.19	37.31	55.99	27.42	8.01	46	0	46	99.98	0	0	99.98	0	0	252.88	99.62	0.00	0.00	0.00	0.00	0.00	0.00	0.00	0.00	0.00	33.17	19.89	0.00	0.00	0.00	0.00	2300	0.00
2026-08-17 22:23:08.039128 0	0	202	8.74	2313	3686	1.03	6170	0	0	8	80.13	14	39.00	0.05	14.63	51.98	25.15	40.84	30.32	18.71	44	0	46	100.01	0	0	100.01	0	0	252.92	99.63	0.00	0.00	0.00	0.00	0.00	0.00	0.00	0.00	0.00	33.18	19.89	0.00	0.00	0.00	0.00	2300
2026-08-17 22:23:08.039139 4	1	289	9.48	3045	3686	1.02	16041	0	0	5	58.72	14	52.43	0.16	33.34	50.28	7.58	90.04	0.00	0.00	46	0
2026-08-17 22:23:08.039149 16	2	230	7.58	3034	3686	1.05	6082	0	0	9	84.72	16	35.78	0.08	16.54	46.45	29.80	31.80	33.56	26.02	42	0
2026-08-17 22:23:08.039158 20	3	220	7.69	2864	3686	1.09	6677	0	0	10	86.07	16	35.84	0.10	21.05	44.15	27.49	35.97	32.17	23.14	44	0
2026-08-17 22:23:08.039168 24	4	657	15.70	4184	3686	2.67	6165	1	0	11	77.41	23	44.42	0.08	17.65	35.98	31.00	30.72	26.39	26.24	44	0
2026-08-17 22:23:08.039177 28	5	259	8.64	3004	3686	0.96	6435	0	0	11	84.85	21	41.25	0.07	19.26	44.20	28.27	32.01	33.68	24.62	44	0
2026-08-17 22:23:08.039187 40	6	333	9.47	3519	3686	1.21	5226	0	0	12	80.71	24	43.58	0.08	15.27	37.14	38.45	30.33	27.17	32.05	44	0
2026-08-17 22:23:08.039196 44	7	267	8.18	3265	3686	1.22	4469	0	0	10	84.43	19	39.91	0.06	11.88	31.34	48.89	26.02	23.41	41.45	44	0
2026-08-17 22:23:08.039206 8	8	280	9.43	2972	3686	1.42	6379	0	0	4	56.61	16	71.35	0.22	16.69	36.69	37.41	66.45	23.56	0.00	42	0
2026-08-17 22:23:08.039216 9	9	235	7.83	2998	3686	1.15	7758	0	0	3	65.89	15	74.74	0.19	23.83	43.62	25.01	77.48	14.16	0.00	42	0
2026-08-17 22:23:08.039226 10	10	216	7.02	3070	3686	1.08	6436	0	0	3	56.53	11	72.27	0.19	19.23	39.26	34.73	67.15	25.20	0.00	42	0
2026-08-17 22:23:08.039235 11	11	215	7.01	3071	3686	1.19	5778	0	0	3	59.65	12	75.64	0.20	12.61	31.78	48.80	53.59	38.71	0.00	42	0
2026-08-17 22:23:08.039245 12	12	178	6.12	2907	3686	0.92	5484	0	0	3	54.70	10	70.93	0.10	13.48	40.59	40.03	67.38	25.91	0.00	44	0
2026-08-17 22:23:08.039254 13	13	210	7.20	2920	3686	1.21	6143	0	0	3	56.31	11	69.49	0.14	16.06	41.87	35.10	70.95	21.25	0.00	44	0
2026-08-17 22:23:08.039264 14	14	213	7.02	3027	3686	1.22	5898	0	0	3	55.01	11	69.79	0.14	14.98	39.40	38.81	72.68	19.74	0.00	44	0
2026-08-17 22:23:08.039275 15	15	202	6.60	3057	3686	1.20	5555	0	0	3	55.58	10	69.90	0.11	13.23	35.29	45.06	61.59	31.13	0.00	44	0
2026-08-17 22:23:08.039285 32	16	180	5.54	3255	3686	1.24	4236	0	0	3	53.84	10	63.39	0.10	8.87	32.19	53.56	56.61	37.20	0.00	44	0
2026-08-17 22:23:08.039310 33	17	278	7.72	3606	3686	1.36	4510	0	0	4	59.49	13	68.33	0.13	9.30	30.22	52.94	47.07	44.52	0.00	44	0
2026-08-17 22:23:08.039321 34	18	291	9.07	3206	3686	1.07	8089	0	0	3	57.82	13	71.08	0.21	16.67	43.31	31.20	79.13	11.29	0.00	44	0
2026-08-17 22:23:08.039339 35	19	174	5.76	3013	3686	0.85	6732	0	0	2	57.22	9	69.31	0.17	16.44	45.73	32.32	78.99	14.72	0.00	44	0
2026-08-17 22:23:08.039348 36	20	238	7.63	3123	3686	1.01	6160	0	0	3	59.57	14	75.56	0.21	14.16	40.24	38.20	62.02	29.73	0.00	44	0
2026-08-17 22:23:08.039358 37	21	245	7.38	3322	3686	1.04	6061	0	0	3	61.02	13	71.36	0.24	13.99	35.72	43.12	60.45	31.56	0.00	44	0
2026-08-17 22:23:08.039367 38	22	193	5.91	3271	3686	0.89	5796	0	0	3	59.18	10	70.56	0.19	12.57	32.89	48.83	58.25	35.20	0.00	44	0
2026-08-17 22:23:08.039377 39	23	175	5.44	3224	3686	1.01	7054	0	0	2	56.87	9	69.74	0.18	10.50	30.40	53.84	46.29	47.58	0.00	44	0
2026-08-17 22:23:13.041388 Core	CPU	Avg_MHz	Busy%	Bzy_MHz	TSC_MHz	IPC	IRQ	NMI	SMI	LLCMRPS	LLC%hit	L2MRPS	L2%hit	POLL%	C1ACPI%	C2ACPI%	C3ACPI%	CPU%c1	CPU%c6	CPU%c7	CoreTmp	CoreThr	PkgTmp	GFX%rc6	GFXMHz	GFXAMHz	SAM%mc6	SAMMHz	SAMAMHz	Totl%C0	Any%C0	GFX%C0	CPUGFX%	Pkg%pc2	Pkg%pc3	Pkg%pc6	Pkg%pc8	Pk%pc10	CPU%LPI	SYS%LPI	PkgWatt	CorWatt	GFXWatt	RAMWatt	PKG_%	RAM_%	UncMHz	SysWatt
2026-08-17 22:23:13.041451 -	-	829	18.09	4582	3687	1.35	256722	5	0	313	58.24	836	56.20	0.39	24.56	36.61	21.08	65.21	12.28	3.91	52	0	51	100.03	0	0	100.03	0	0	461.36	99.65	0.00	0.00	0.00	0.00	0.00	0.00	0.00	0.00	0.00	68.65	54.14	0.00	0.00	0.00	0.00	3700	0.00
2026-08-17 22:23:13.041457 0	0	912	19.81	4604	3686	1.33	10839	0	0	18	65.58	37	43.66	0.38	23.84	42.65	14.20	51.76	18.85	8.65	48	0	51	100.00	0	0	100.00	0	0	461.27	99.63	0.00	0.00	0.00	0.00	0.00	0.00	0.00	0.00	0.00	68.62	54.12	0.00	0.00	0.00	0.00	3700
2026-08-17 22:23:13.041462 4	1	1061	21.43	4952	3686	1.40	18282	0	0	17	56.97	39	49.53	0.39	34.33	38.10	6.78	78.16	0.00	0.00	50	0
2026-08-17 22:23:13.041466 16	2	1135	23.03	4929	3686	1.46	8353	0	0	23	63.77	53	49.68	0.28	22.10	34.24	20.99	46.65	15.99	13.64	50	0
2026-08-17 22:23:13.041470 20	3	1026	20.86	4917	3686	1.38	9585	0	0	21	63.51	46	45.57	0.31	26.02	37.06	16.46	46.96	19.65	11.82	52	0
2026-08-17 22:23:13.041474 24	4	1480	29.38	5038	3686	1.63	10980	0	0	26	65.18	64	53.46	0.40	22.48	28.57	19.93	44.42	12.94	12.66	52	0
2026-08-17 22:23:13.041478 28	5	1776	34.45	5156	3686	2.30	10587	1	0	23	65.31	63	56.90	0.28	19.98	28.47	17.41	37.20	15.48	12.28	50	0
2026-08-17 22:23:13.041484 40	6	1068	21.51	4966	3686	1.75	9485	1	0	20	66.65	41	44.03	0.30	23.51	33.09	22.27	45.13	16.80	15.88	48	0
2026-08-17 22:23:13.041488 44	7	1132	22.69	4987	3686	2.29	7085	1	0	15	64.82	31	44.16	0.24	15.30	36.50	25.83	37.36	20.36	18.87	48	0
2026-08-17 22:23:13.041492 8	8	746	17.46	4275	3686	1.07	10581	1	0	10	54.13	31	63.04	0.35	23.43	32.37	27.03	70.38	11.74	0.00	48	0
2026-08-17 22:23:13.041496 9	9	802	19.07	4206	3686	1.18	10631	0	0	12	52.09	36	60.41	0.36	26.35	32.15	22.72	66.92	13.57	0.00	48	0
2026-08-17 22:23:13.041501 10	10	724	16.52	4383	3686	0.99	11201	0	0	11	55.31	39	68.19	0.45	27.50	35.31	20.97	71.13	11.91	0.00	48	0
2026-08-17 22:23:13.041505 11	11	507	11.89	4268	3686	1.13	11441	0	0	7	54.77	23	62.29	0.41	26.15	36.11	26.13	75.01	12.64	0.00	48	0
2026-08-17 22:23:13.041510 12	12	637	14.82	4296	3686	1.02	10830	0	0	10	51.02	29	58.66	0.56	26.72	38.78	19.99	75.58	9.19	0.00	48	0
2026-08-17 22:23:13.041514 13	13	706	16.36	4319	3686	1.06	11590	0	0	10	50.75	33	62.39	0.43	26.34	39.40	18.20	77.56	5.70	0.00	48	0
2026-08-17 22:23:13.041519 14	14	652	15.50	4207	3686	0.98	10739	1	0	9	52.68	29	61.30	0.45	27.95	38.27	18.59	74.14	9.93	0.00	48	0
2026-08-17 22:23:13.041523 15	15	441	10.52	4187	3686	1.00	9201	0	0	6	53.31	20	64.62	0.42	23.35	39.17	27.20	74.07	14.93	0.00	48	0
2026-08-17 22:23:13.041528 32	16	618	14.35	4304	3686	0.90	10059	0	0	10	49.54	29	59.89	0.45	25.99	40.83	19.11	74.22	10.97	0.00	48	0
2026-08-17 22:23:13.041533 33	17	616	14.34	4299	3686	0.90	10928	0	0	9	51.49	27	61.28	0.50	28.56	42.13	15.28	76.77	8.46	0.00	48	0
2026-08-17 22:23:13.041546 34	18	807	18.94	4258	3686	0.72	14276	0	0	12	50.78	37	62.96	0.44	25.23	39.47	16.68	79.24	1.48	0.00	48	0
2026-08-17 22:23:13.041550 35	19	521	12.49	4169	3686	0.82	10821	0	0	8	51.86	22	59.85	0.43	25.27	40.22	22.32	80.33	6.78	0.00	48	0
2026-08-17 22:23:13.041555 36	20	642	14.92	4304	3686	0.83	9462	0	0	9	51.77	29	62.55	0.34	23.03	38.44	23.90	71.29	13.35	0.00	48	0
2026-08-17 22:23:13.041559 37	21	664	15.56	4268	3686	0.86	10566	0	0	10	50.75	29	58.71	0.41	26.09	37.22	21.42	76.74	7.31	0.00	48	0
2026-08-17 22:23:13.041564 38	22	664	15.31	4339	3686	1.10	10832	0	0	9	48.96	26	60.29	0.38	21.04	33.30	30.61	68.00	16.24	0.00	48	0
2026-08-17 22:23:13.041568 39	23	556	12.98	4283	3686	1.16	8368	0	0	9	51.18	24	58.55	0.28	18.77	36.71	31.77	66.05	20.50	0.00	48	0
2026-08-17 22:23:18.049391 Core	CPU	Avg_MHz	Busy%	Bzy_MHz	TSC_MHz	IPC	IRQ	NMI	SMI	LLCMRPS	LLC%hit	L2MRPS	L2%hit	POLL%	C1ACPI%	C2ACPI%	C3ACPI%	CPU%c1	CPU%c6	CPU%c7	CoreTmp	CoreThr	PkgTmp	GFX%rc6	GFXMHz	GFXAMHz	SAM%mc6	SAMMHz	SAMAMHz	Totl%C0	Any%C0	GFX%C0	CPUGFX%	Pkg%pc2	Pkg%pc3	Pkg%pc6	Pkg%pc8	Pk%pc10	CPU%LPI	SYS%LPI	PkgWatt	CorWatt	GFXWatt	RAMWatt	PKG_%	RAM_%	UncMHz	SysWatt
2026-08-17 22:23:18.049457 -	-	898	19.89	4516	3685	1.23	267252	0	0	320	52.20	852	53.01	0.31	24.64	34.82	20.97	63.18	12.20	4.22	80	0	68	99.90	0	0	99.88	0	0	494.23	99.55	0.00	0.00	0.00	0.00	0.00	0.00	0.00	0.00	0.00	66.44	51.81	0.00	0.00	0.00	0.00	4000	0.00
2026-08-17 22:23:18.049463 0	0	1294	26.98	4795	3686	2.29	9110	0	0	17	58.09	40	47.04	0.17	19.19	32.73	21.53	45.65	13.04	13.44	52	0	68	100.01	0	0	99.99	0	0	494.62	99.63	0.00	0.00	0.00	0.00	0.00	0.00	0.00	0.00	0.00	66.51	51.87	0.00	0.00	0.00	0.00	4000
2026-08-17 22:23:18.049466 4	1	1046	21.25	4920	3686	1.38	18559	0	0	15	52.06	34	47.53	0.28	36.43	38.11	4.86	78.33	0.00	0.00	80	0
2026-08-17 22:23:18.049470 16	2	1010	20.81	4852	3686	1.28	11312	0	0	17	61.18	37	45.07	0.30	25.11	35.48	18.99	48.38	16.07	14.02	54	0
2026-08-17 22:23:18.049473 20	3	953	19.91	4787	3686	1.20	10456	0	0	18	62.15	37	41.50	0.26	25.84	38.10	16.55	46.12	20.58	12.62	58	0
2026-08-17 22:23:18.049478 24	4	2039	40.04	5091	3686	1.37	9157	0	0	35	50.63	86	38.94	0.20	15.52	26.75	17.96	28.66	15.57	15.12	68	0
2026-08-17 22:23:18.049481 28	5	1137	23.24	4891	3686	1.38	11561	0	0	21	60.26	45	43.85	0.31	25.00	35.83	16.33	45.60	18.62	11.84	52	0
2026-08-17 22:23:18.049485 40	6	1082	22.50	4808	3686	1.38	9120	0	0	18	62.55	42	48.95	0.22	22.23	34.93	20.70	44.50	16.82	15.49	50	0
2026-08-17 22:23:18.049488 44	7	781	16.66	4690	3686	1.10	8531	0	0	16	65.10	33	44.60	0.23	20.54	36.29	26.89	46.09	17.68	18.81	50	0
2026-08-17 22:23:18.049491 8	8	747	17.39	4297	3686	1.11	11384	0	0	10	46.95	27	56.26	0.31	28.46	34.87	19.59	72.32	9.86	0.00	52	0
2026-08-17 22:23:18.049495 9	9	783	18.39	4260	3686	1.00	12299	0	0	10	47.60	31	60.99	0.37	29.85	34.69	17.41	73.32	7.89	0.00	52	0
2026-08-17 22:23:18.049498 10	10	803	18.61	4314	3686	1.00	11564	0	0	10	47.74	32	62.40	0.36	25.57	33.75	22.36	70.37	10.59	0.00	52	0
2026-08-17 22:23:18.049502 11	11	759	17.87	4246	3686	0.94	11956	0	0	10	47.95	32	61.21	0.33	25.64	35.66	21.13	68.40	13.29	0.00	52	0
2026-08-17 22:23:18.049505 12	12	846	19.39	4360	3686	1.27	10546	0	0	11	47.29	37	62.66	0.30	23.76	34.17	22.96	66.38	13.80	0.00	54	0
2026-08-17 22:23:18.049509 13	13	728	17.65	4125	3686	0.99	10982	0	0	11	46.03	30	55.82	0.36	25.47	36.04	21.15	70.63	11.30	0.00	54	0
2026-08-17 22:23:18.049513 14	14	752	18.02	4170	3686	1.09	11342	0	0	10	46.68	34	62.58	0.34	26.74	37.99	17.56	69.74	11.81	0.00	54	0
2026-08-17 22:23:18.049516 15	15	738	17.32	4264	3686	1.20	10875	0	0	10	47.38	30	57.35	0.35	23.85	38.05	21.08	73.71	8.55	0.00	54	0
2026-08-17 22:23:18.049519 32	16	737	17.42	4228	3686	0.91	10760	0	0	10	47.84	29	56.01	0.41	24.15	36.11	22.63	76.52	5.67	0.00	56	0
2026-08-17 22:23:18.049523 33	17	775	18.05	4292	3686	0.97	11597	0	0	11	45.36	32	58.06	0.35	26.28	36.28	19.72	72.97	8.58	0.00	56	0
2026-08-17 22:23:18.049526 34	18	854	20.09	4253	3686	0.85	13286	0	0	11	44.07	35	59.01	0.39	26.75	35.95	17.54	76.09	3.47	0.00	56	0
2026-08-17 22:23:18.049529 35	19	709	16.21	4377	3686	1.10	10823	0	0	9	45.59	26	56.26	0.30	23.29	33.66	27.13	75.53	7.87	0.00	56	0
2026-08-17 22:23:18.049540 36	20	778	17.72	4392	3686	0.96	10024	0	0	10	47.08	31	58.81	0.35	22.12	30.53	29.91	63.80	18.00	0.00	54	0
2026-08-17 22:23:18.049544 37	21	818	19.37	4221	3686	1.27	11829	0	0	10	44.92	33	60.52	0.28	23.67	33.41	23.83	65.52	14.64	0.00	54	0
2026-08-17 22:23:18.049547 38	22	699	16.57	4220	3686	1.05	10368	0	0	9	46.87	31	63.51	0.30	25.96	38.78	18.99	74.25	8.75	0.00	54	0
2026-08-17 22:23:18.049551 39	23	686	15.79	4344	3686	1.11	9811	0	0	10	44.79	28	57.53	0.28	20.16	27.71	36.60	63.33	20.40	0.00	54	0
2026-08-17 22:23:23.052206 Core	CPU	Avg_MHz	Busy%	Bzy_MHz	TSC_MHz	IPC	IRQ	NMI	SMI	LLCMRPS	LLC%hit	L2MRPS	L2%hit	POLL%	C1ACPI%	C2ACPI%	C3ACPI%	CPU%c1	CPU%c6	CPU%c7	CoreTmp	CoreThr	PkgTmp	GFX%rc6	GFXMHz	GFXAMHz	SAM%mc6	SAMMHz	SAMAMHz	Totl%C0	Any%C0	GFX%C0	CPUGFX%	Pkg%pc2	Pkg%pc3	Pkg%pc6	Pkg%pc8	Pk%pc10	CPU%LPI	SYS%LPI	PkgWatt	CorWatt	GFXWatt	RAMWatt	PKG_%	RAM_%	UncMHz	SysWatt
2026-08-17 22:23:23.052279 -	-	1384	28.52	4852	3687	0.98	351598	4	0	511	50.80	1336	53.83	0.50	33.37	30.10	8.42	66.45	3.73	0.92	54	0	53	100.10	0	0	100.10	0	0	682.56	99.71	0.00	0.00	0.00	0.00	0.00	0.00	0.00	0.00	0.00	91.77	76.12	0.00	0.00	0.00	0.00	4000	0.00
2026-08-17 22:23:23.052285 0	0	1754	34.52	5082	3686	1.53	12012	0	0	26	54.01	84	63.37	0.39	27.86	30.01	8.10	54.95	7.18	2.78	52	0	53	100.00	0	0	100.00	0	0	682.01	99.63	0.00	0.00	0.00	0.00	0.00	0.00	0.00	0.00	0.00	91.67	76.04	0.00	0.00	0.00	0.00	4000
2026-08-17 22:23:23.052289 4	1	1448	27.93	5186	3686	0.83	19776	1	0	24	51.43	49	45.06	0.47	39.04	29.51	4.16	71.69	0.00	0.00	54	0
2026-08-17 22:23:23.052293 16	2	1412	27.43	5147	3686	1.13	13177	0	0	25	55.32	48	42.82	0.51	36.99	29.59	6.47	60.55	9.04	2.44	50	0
2026-08-17 22:23:23.052298 20	3	1412	27.47	5138	3686	0.93	12474	0	0	24	54.83	50	46.60	0.43	35.78	32.15	5.06	60.42	9.36	2.21	50	0
2026-08-17 22:23:23.052302 24	4	3261	61.41	5310	3686	1.36	10880	0	0	56	56.43	173	59.69	0.34	18.12	16.71	4.01	31.39	5.04	1.87	52	0
2026-08-17 22:23:23.052306 28	5	2187	41.74	5240	3686	1.33	12934	0	0	39	51.05	98	46.38	0.38	27.82	24.10	6.72	47.76	6.70	3.38	52	0
2026-08-17 22:23:23.052310 40	6	1642	31.72	5176	3686	1.13	12426	0	0	26	54.03	54	40.60	0.50	29.83	29.38	9.51	53.92	9.37	4.48	48	0
2026-08-17 22:23:23.052314 44	7	1178	23.23	5070	3686	0.84	12214	0	0	21	56.95	42	43.40	0.53	30.26	34.74	12.26	60.93	10.32	4.97	54	0
2026-08-17 22:23:23.052317 8	8	1276	27.64	4616	3686	0.77	15402	0	0	19	48.08	50	53.38	0.54	34.08	31.81	6.86	69.67	2.38	0.00	50	0
2026-08-17 22:23:23.052321 9	9	1314	28.41	4624	3686	0.80	17510	0	0	19	48.73	49	52.87	0.81	36.80	28.72	6.51	69.22	2.06	0.00	50	0
2026-08-17 22:23:23.052325 10	10	1227	26.50	4629	3686	0.79	15021	0	0	17	48.47	47	54.96	0.58	34.83	30.09	8.97	72.17	1.03	0.00	50	0
2026-08-17 22:23:23.052329 11	11	1029	22.28	4617	3686	0.80	16023	1	0	15	47.59	40	54.41	0.52	34.34	31.55	12.20	75.20	2.20	0.00	50	0
2026-08-17 22:23:23.052333 12	12	1133	24.61	4602	3686	0.95	14282	1	0	16	48.22	46	57.42	0.51	34.32	32.80	8.64	73.32	1.75	0.00	48	0
2026-08-17 22:23:23.052337 13	13	1170	25.43	4601	3686	0.77	14316	0	0	18	48.61	50	57.10	0.49	34.95	31.85	8.14	72.66	1.60	0.00	48	0
2026-08-17 22:23:23.052340 14	14	1243	26.97	4608	3686	0.78	16372	0	0	18	49.41	49	56.07	0.63	34.43	29.96	9.03	70.94	1.78	0.00	50	0
2026-08-17 22:23:23.052344 15	15	1050	22.75	4613	3686	0.77	14382	0	0	15	49.14	40	55.18	0.53	30.47	31.04	16.10	75.79	1.14	0.00	50	0
2026-08-17 22:23:23.052348 32	16	1077	23.17	4647	3686	0.82	14728	0	0	15	48.95	42	58.18	0.53	36.21	32.24	8.74	74.29	2.22	0.00	50	0
2026-08-17 22:23:23.052352 33	17	1334	28.65	4658	3686	0.73	16144	1	0	19	48.84	51	54.91	0.63	35.01	28.58	8.16	68.23	2.81	0.00	50	0
2026-08-17 22:23:23.052355 34	18	1482	31.96	4637	3686	0.83	18370	0	0	19	45.21	51	56.45	0.45	34.45	25.83	8.13	66.18	1.57	0.00	50	0
2026-08-17 22:23:23.052359 35	19	1046	22.48	4654	3686	0.78	15826	0	0	14	48.63	41	58.12	0.49	36.39	32.48	9.03	75.03	2.16	0.00	50	0
2026-08-17 22:23:23.052363 36	20	1222	26.50	4611	3686	0.80	14250	0	0	19	46.30	50	54.89	0.44	35.87	31.14	6.87	70.71	2.47	0.00	50	0
2026-08-17 22:23:23.052367 37	21	1190	25.80	4614	3686	0.90	15403	0	0	17	45.00	51	58.54	0.41	35.15	31.22	8.19	71.40	2.48	0.00	50	0
2026-08-17 22:23:23.052379 38	22	1132	24.45	4629	3686	0.78	13731	0	0	17	46.22	45	53.15	0.50	33.95	32.74	9.22	72.82	2.41	0.00	50	0
2026-08-17 22:23:23.052382 39	23	996	21.50	4632	3686	1.02	13945	0	0	13	45.51	37	56.15	0.45	33.83	34.07	10.94	75.63	2.54	0.00	50	0
2026-08-17 22:23:28.055470 Core	CPU	Avg_MHz	Busy%	Bzy_MHz	TSC_MHz	IPC	IRQ	NMI	SMI	LLCMRPS	LLC%hit	L2MRPS	L2%hit	POLL%	C1ACPI%	C2ACPI%	C3ACPI%	CPU%c1	CPU%c6	CPU%c7	CoreTmp	CoreThr	PkgTmp	GFX%rc6	GFXMHz	GFXAMHz	SAM%mc6	SAMMHz	SAMAMHz	Totl%C0	Any%C0	GFX%C0	CPUGFX%	Pkg%pc2	Pkg%pc3	Pkg%pc6	Pkg%pc8	Pk%pc10	CPU%LPI	SYS%LPI	PkgWatt	CorWatt	GFXWatt	RAMWatt	PKG_%	RAM_%	UncMHz	SysWatt
2026-08-17 22:23:28.055533 -	-	989	20.97	4715	3686	0.68	297455	3	0	421	56.86	955	49.26	0.59	31.29	35.71	12.43	71.50	4.99	2.11	56	0	57	99.97	0	0	99.97	0	0	523.67	99.62	0.00	0.00	0.00	0.00	0.00	0.00	0.00	0.00	0.00	71.95	56.84	0.00	0.00	0.00	0.00	4000	0.00
2026-08-17 22:23:28.055538 0	0	1037	21.81	4756	3686	0.72	14319	1	0	22	58.73	42	39.71	0.50	26.69	37.01	15.05	60.91	10.48	6.03	52	0	57	99.99	0	0	99.99	0	0	523.73	99.63	0.00	0.00	0.00	0.00	0.00	0.00	0.00	0.00	0.00	71.96	56.84	0.00	0.00	0.00	0.00	4000
2026-08-17 22:23:28.055542 4	1	1266	24.74	5115	3686	0.69	18281	0	0	25	55.81	49	43.51	0.60	37.16	33.96	4.83	74.85	0.00	0.00	56	0
2026-08-17 22:23:28.055546 16	2	1343	26.31	5103	3686	0.75	11056	0	0	30	58.24	58	41.43	0.57	31.66	33.80	8.70	58.55	11.41	3.16	50	0
2026-08-17 22:23:28.055550 20	3	1064	21.28	5002	3686	0.79	10191	0	0	23	59.11	45	42.01	0.53	31.99	36.17	11.03	57.94	14.50	5.65	56	0
2026-08-17 22:23:28.055553 24	4	1056	21.12	5001	3686	0.71	10246	1	0	24	61.65	44	38.28	0.49	31.58	33.92	13.85	57.39	13.76	7.09	50	0
2026-08-17 22:23:28.055557 28	5	1086	21.77	4990	3686	0.73	9940	0	0	26	60.89	47	38.83	0.49	28.83	35.27	14.58	54.35	15.29	7.92	54	0
2026-08-17 22:23:28.055561 40	6	933	18.87	4947	3686	0.73	9202	0	0	21	61.81	38	38.57	0.44	27.79	36.73	17.06	56.10	16.01	8.37	52	0
2026-08-17 22:23:28.055564 44	7	706	14.58	4839	3686	0.67	8704	0	0	17	65.80	30	37.78	0.37	25.88	38.43	21.53	53.13	19.12	12.48	50	0
2026-08-17 22:23:28.055567 8	8	944	20.78	4543	3686	0.67	12762	0	0	15	54.31	37	53.36	0.58	33.31	37.13	9.13	76.41	2.47	0.00	52	0
2026-08-17 22:23:28.055570 9	9	1011	22.17	4561	3686	0.69	13504	0	0	16	53.89	42	54.85	0.62	35.37	35.46	7.38	76.28	1.23	0.00	52	0
2026-08-17 22:23:28.055574 10	10	1017	22.24	4572	3686	0.67	12545	0	0	15	54.09	38	53.92	0.73	31.14	34.12	12.85	76.60	0.85	0.00	50	0
2026-08-17 22:23:28.055578 11	11	814	17.77	4577	3686	0.62	12848	0	0	13	55.51	32	53.84	0.59	29.85	35.81	16.91	81.31	0.59	0.00	50	0
2026-08-17 22:23:28.055581 12	12	857	18.87	4541	3686	0.61	13622	0	0	13	54.64	33	53.07	0.62	33.05	36.00	12.45	79.69	1.11	0.00	54	0
2026-08-17 22:23:28.055585 13	13	871	19.15	4546	3686	0.68	11744	1	0	13	53.66	36	56.40	0.61	33.79	38.08	9.33	78.80	1.72	0.00	52	0
2026-08-17 22:23:28.055588 14	14	1103	24.16	4564	3686	0.61	14416	0	0	17	55.36	42	52.54	0.88	33.91	31.49	10.85	73.96	1.56	0.00	52	0
2026-08-17 22:23:28.055592 15	15	691	15.21	4543	3686	0.66	11015	0	0	10	54.26	28	55.33	0.50	29.72	38.68	16.70	82.77	1.68	0.00	52	0
2026-08-17 22:23:28.055595 32	16	1167	25.12	4646	3686	0.63	13895	0	0	19	56.24	45	51.39	0.79	29.28	32.37	13.61	72.79	1.79	0.00	50	0
2026-08-17 22:23:28.055598 33	17	1075	23.14	4644	3686	0.79	12213	0	0	16	52.63	44	55.88	0.57	32.27	34.33	10.60	74.64	1.90	0.00	50	0
2026-08-17 22:23:28.055601 34	18	1227	26.74	4590	3686	0.59	17092	0	0	17	52.52	43	55.37	0.62	32.96	33.74	6.93	72.59	0.37	0.00	48	0
2026-08-17 22:23:28.055605 35	19	854	18.42	4637	3686	0.75	11845	0	0	13	54.59	35	55.99	0.50	31.64	40.25	10.04	80.91	0.35	0.00	48	0
2026-08-17 22:23:28.055608 36	20	1029	22.60	4552	3686	0.68	12888	0	0	16	55.07	43	55.73	0.62	33.05	35.58	9.16	76.38	0.71	0.00	50	0
2026-08-17 22:23:28.055611 37	21	1052	22.99	4577	3686	0.66	12636	0	0	16	53.73	43	55.39	0.77	31.14	34.04	12.21	75.61	1.09	0.00	50	0
2026-08-17 22:23:28.055615 38	22	960	20.98	4577	3686	0.65	12514	0	0	15	54.69	39	54.31	0.60	30.90	34.74	13.74	78.07	0.64	0.00	50	0
2026-08-17 22:23:28.055618 39	23	572	12.56	4551	3686	0.67	9977	0	0	9	54.54	24	56.92	0.48	28.04	39.88	19.81	85.98	1.11	0.00	50	0
2026-08-17 22:23:33.057857 Core	CPU	Avg_MHz	Busy%	Bzy_MHz	TSC_MHz	IPC	IRQ	NMI	SMI	LLCMRPS	LLC%hit	L2MRPS	L2%hit	POLL%	C1ACPI%	C2ACPI%	C3ACPI%	CPU%c1	CPU%c6	CPU%c7	CoreTmp	CoreThr	PkgTmp	GFX%rc6	GFXMHz	GFXAMHz	SAM%mc6	SAMMHz	SAMAMHz	Totl%C0	Any%C0	GFX%C0	CPUGFX%	Pkg%pc2	Pkg%pc3	Pkg%pc6	Pkg%pc8	Pk%pc10	CPU%LPI	SYS%LPI	PkgWatt	CorWatt	GFXWatt	RAMWatt	PKG_%	RAM_%	UncMHz	SysWatt
2026-08-17 22:23:33.057947 -	-	1087	22.80	4769	3687	0.74	304269	3	0	447	56.43	1028	50.23	0.63	34.46	33.71	9.45	71.44	4.21	1.15	54	0	54	100.01	0	0	100.03	0	0	555.56	99.64	0.00	0.00	0.00	0.00	0.00	0.00	0.00	0.00	0.00	78.59	63.36	0.00	0.00	0.00	0.00	4000	0.00
2026-08-17 22:23:33.057959 0	0	1282	26.07	4918	3686	0.74	11852	0	0	26	59.06	46	37.53	0.76	31.52	33.32	9.67	60.83	8.48	3.96	50	0	54	99.99	0	0	100.01	0	0	555.49	99.63	0.00	0.00	0.00	0.00	0.00	0.00	0.00	0.00	0.00	78.58	63.35	0.00	0.00	0.00	0.00	4000
2026-08-17 22:23:33.057967 4	1	1489	28.69	5189	3686	0.77	18164	0	0	29	55.20	59	45.14	0.54	36.77	30.53	4.68	70.92	0.00	0.00	50	0
2026-08-17 22:23:33.057975 16	2	1438	27.92	5149	3686	0.71	12181	1	0	31	58.79	58	40.49	0.63	38.83	27.06	6.70	61.26	7.71	2.59	52	0
2026-08-17 22:23:33.057984 20	3	1270	24.96	5087	3686	0.76	11141	0	0	27	60.24	51	40.84	0.62	36.76	32.32	6.44	59.03	12.41	3.01	52	0
2026-08-17 22:23:33.057992 24	4	1746	33.81	5163	3686	1.14	10149	0	0	24	57.06	45	39.32	0.57	30.34	30.34	5.95	49.67	13.04	2.94	54	0
2026-08-17 22:23:33.058000 28	5	1158	22.86	5065	3686	0.74	11435	0	0	24	60.83	45	39.93	0.58	39.84	30.89	6.90	61.75	11.57	3.24	52	0
2026-08-17 22:23:33.058007 40	6	1187	23.46	5060	3686	0.80	10841	0	0	26	60.75	47	39.66	0.59	33.85	34.39	8.79	57.97	13.31	4.65	52	0
2026-08-17 22:23:33.058015 44	7	832	16.86	4935	3686	0.66	9521	0	0	19	63.98	34	39.16	0.46	30.88	40.12	12.60	58.07	17.15	7.25	50	0
2026-08-17 22:23:33.058022 8	8	1023	22.40	4568	3686	0.71	11944	0	0	17	53.73	44	56.45	0.55	32.07	32.58	13.30	76.18	1.10	0.00	50	0
2026-08-17 22:23:33.058029 9	9	1089	23.87	4561	3686	0.72	13873	0	0	17	53.01	46	56.64	0.66	36.91	30.38	9.24	74.95	0.87	0.00	50	0
2026-08-17 22:23:33.058037 10	10	1017	22.31	4561	3686	0.66	12648	1	0	16	54.53	41	54.46	0.64	34.96	32.52	10.59	76.08	1.29	0.00	50	0
2026-08-17 22:23:33.058044 11	11	887	19.40	4574	3686	0.62	14008	0	0	14	56.35	35	53.46	0.69	34.07	31.37	15.54	79.02	1.25	0.00	50	0
2026-08-17 22:23:33.058052 12	12	998	21.85	4568	3686	0.70	13064	0	0	16	54.95	42	55.57	0.69	34.68	33.46	10.39	77.28	0.56	0.00	50	0
2026-08-17 22:23:33.058059 13	13	1185	25.83	4589	3686	0.72	13178	0	0	19	53.93	50	56.03	0.67	35.65	32.56	6.34	73.63	0.24	0.00	50	0
2026-08-17 22:23:33.058067 14	14	1000	21.86	4575	3686	0.70	13102	0	0	15	53.43	40	55.63	0.72	35.95	35.24	7.32	76.50	1.32	0.00	50	0
2026-08-17 22:23:33.058074 15	15	831	18.17	4575	3686	0.65	11989	0	0	13	55.56	33	53.97	0.61	33.56	35.99	12.63	80.00	1.50	0.00	50	0
2026-08-17 22:23:33.058081 32	16	867	18.81	4611	3686	0.68	12838	0	0	13	54.11	34	55.84	0.69	34.63	37.37	9.54	79.38	1.48	0.00	54	0
2026-08-17 22:23:33.058089 33	17	924	20.02	4613	3686	0.71	12394	0	0	14	53.00	39	57.40	0.64	36.14	35.63	8.56	78.62	1.04	0.00	54	0
2026-08-17 22:23:33.058096 34	18	1215	26.56	4576	3686	0.68	17082	0	0	16	52.87	47	60.42	0.62	33.53	31.45	8.84	72.83	0.32	0.00	54	0
2026-08-17 22:23:33.058103 35	19	838	18.18	4612	3686	0.67	12455	1	0	13	54.39	34	56.96	0.63	34.43	38.07	9.68	80.80	0.71	0.00	54	0
2026-08-17 22:23:33.058111 36	20	933	20.45	4560	3686	0.73	11696	0	0	15	52.43	41	57.02	0.57	31.34	38.17	10.39	77.92	1.30	0.00	50	0
2026-08-17 22:23:33.058118 37	21	1051	22.92	4586	3686	0.76	13020	0	0	16	52.35	46	57.44	0.66	35.08	33.72	8.64	75.68	1.08	0.00	50	0
2026-08-17 22:23:33.058126 38	22	1077	23.38	4607	3686	0.64	13838	0	0	17	55.81	42	53.29	0.70	34.70	32.64	9.68	75.19	1.12	0.00	50	0
2026-08-17 22:23:33.058133 39	23	756	16.49	4586	3686	0.66	11856	0	0	12	53.98	30	54.96	0.62	30.50	38.96	14.38	80.94	2.23	0.00	50	0
2026-08-17 22:23:38.060844 Core	CPU	Avg_MHz	Busy%	Bzy_MHz	TSC_MHz	IPC	IRQ	NMI	SMI	LLCMRPS	LLC%hit	L2MRPS	L2%hit	POLL%	C1ACPI%	C2ACPI%	C3ACPI%	CPU%c1	CPU%c6	CPU%c7	CoreTmp	CoreThr	PkgTmp	GFX%rc6	GFXMHz	GFXAMHz	SAM%mc6	SAMMHz	SAMAMHz	Totl%C0	Any%C0	GFX%C0	CPUGFX%	Pkg%pc2	Pkg%pc3	Pkg%pc6	Pkg%pc8	Pk%pc10	CPU%LPI	SYS%LPI	PkgWatt	CorWatt	GFXWatt	RAMWatt	PKG_%	RAM_%	UncMHz	SysWatt
2026-08-17 22:23:38.060924 -	-	1118	23.45	4766	3686	0.70	303683	7	0	475	56.26	1074	49.92	0.60	37.47	31.34	8.17	70.31	4.69	1.14	66	0	65	100.00	0	0	100.00	0	0	568.36	99.62	0.00	0.00	0.00	0.00	0.00	0.00	0.00	0.00	0.00	78.87	63.58	0.00	0.00	0.00	0.00	4000	0.00
2026-08-17 22:23:38.060930 0	0	1185	24.16	4906	3686	0.70	10955	0	0	25	60.05	45	38.63	0.58	34.92	32.66	8.84	62.51	9.64	3.03	50	0	65	100.01	0	0	100.01	0	0	568.40	99.63	0.00	0.00	0.00	0.00	0.00	0.00	0.00	0.00	0.00	78.88	63.59	0.00	0.00	0.00	0.00	4000
2026-08-17 22:23:38.060934 4	1	1415	27.26	5190	3686	0.73	18461	0	0	27	55.64	53	44.31	0.59	40.52	29.00	3.89	72.34	0.00	0.00	58	0
2026-08-17 22:23:38.060938 16	2	1203	23.67	5082	3686	0.73	10909	0	0	26	60.31	48	39.74	0.46	39.51	31.46	5.87	61.58	11.85	2.30	52	0
2026-08-17 22:23:38.060941 20	3	1302	25.47	5113	3686	0.79	10826	1	0	28	59.88	53	42.40	0.54	38.70	30.34	5.99	59.35	11.87	2.71	52	0
2026-08-17 22:23:38.060945 24	4	1249	24.49	5100	3686	0.70	10834	0	0	27	60.06	49	39.15	0.58	38.54	31.37	6.10	60.53	12.01	2.40	66	0
2026-08-17 22:23:38.060948 28	5	1294	25.34	5108	3686	0.73	10977	0	0	28	59.52	51	40.16	0.50	38.91	29.20	7.05	58.92	11.56	3.58	52	0
2026-08-17 22:23:38.060951 40	6	1173	23.15	5064	3686	0.67	10277	0	0	27	60.92	48	39.44	0.48	35.44	31.59	10.31	58.62	12.56	5.07	50	0
2026-08-17 22:23:38.060955 44	7	921	18.42	5001	3686	0.62	9844	0	0	21	62.55	37	38.44	0.49	33.68	34.24	14.13	56.74	16.02	8.16	50	0
2026-08-17 22:23:38.060958 8	8	927	20.38	4549	3686	0.66	12745	0	0	15	53.68	36	53.45	0.58	39.59	34.14	6.27	78.53	0.77	0.00	50	0
2026-08-17 22:23:38.060961 9	9	1134	24.77	4577	3686	0.67	14448	1	0	18	53.74	45	54.04	0.67	39.42	29.89	6.35	73.87	1.05	0.00	50	0
2026-08-17 22:23:38.060965 10	10	1096	23.91	4585	3686	0.68	12795	0	0	17	53.76	44	56.35	0.60	39.24	29.87	7.37	73.70	2.06	0.00	50	0
2026-08-17 22:23:38.060968 11	11	849	18.51	4586	3686	0.68	12681	0	0	13	54.71	35	55.00	0.56	36.08	32.89	12.89	78.22	2.92	0.00	50	0
2026-08-17 22:23:38.060971 12	12	1090	23.68	4602	3686	0.72	12938	0	0	17	54.09	45	55.06	0.62	36.50	31.84	8.37	74.27	1.73	0.00	52	0
2026-08-17 22:23:38.060974 13	13	1060	23.05	4596	3686	0.76	11715	0	0	17	52.90	45	56.24	0.66	38.55	30.87	7.89	75.22	1.41	0.00	52	0
2026-08-17 22:23:38.060978 14	14	1140	24.79	4601	3686	0.68	13600	0	0	18	53.10	45	53.00	0.86	38.22	30.49	6.89	73.61	1.28	0.00	52	0
2026-08-17 22:23:38.060981 15	15	968	20.97	4614	3686	0.71	11292	1	0	15	53.81	38	53.46	0.56	31.69	33.75	13.92	74.90	3.79	0.00	52	0
2026-08-17 22:23:38.060984 32	16	1082	23.33	4640	3686	0.79	13230	1	0	16	53.13	42	55.58	0.69	37.77	31.77	7.51	74.61	1.75	0.00	50	0
2026-08-17 22:23:38.060988 33	17	1142	24.60	4644	3686	0.73	12723	0	0	18	51.93	48	56.13	0.62	38.98	30.66	6.14	72.92	2.15	0.00	50	0
2026-08-17 22:23:38.060991 34	18	1357	29.35	4625	3686	0.64	18198	1	0	19	53.52	52	57.15	0.56	35.79	29.99	5.27	70.08	0.29	0.00	52	0
2026-08-17 22:23:38.060994 35	19	921	19.85	4640	3686	0.67	13080	0	0	14	54.30	37	54.83	0.65	39.83	34.13	6.58	77.80	2.01	0.00	52	0
2026-08-17 22:23:38.060998 36	20	1070	23.25	4601	3686	0.73	12515	0	0	17	53.23	44	55.16	0.63	36.95	31.99	8.20	74.91	1.51	0.00	48	0
2026-08-17 22:23:38.061001 37	21	1257	27.25	4613	3686	0.77	12857	1	0	20	51.92	55	57.36	0.64	36.74	26.55	9.84	70.78	1.67	0.00	50	0
2026-08-17 22:23:38.061004 38	22	1097	23.79	4613	3686	0.67	12758	1	0	17	53.81	44	54.94	0.63	36.36	30.66	9.59	74.71	1.18	0.00	50	0
2026-08-17 22:23:38.061007 39	23	898	19.46	4615	3686	0.66	13025	0	0	14	55.02	35	53.01	0.63	37.34	32.77	10.81	78.79	1.42	0.00	50	0
2026-08-17 22:23:43.063613 Core	CPU	Avg_MHz	Busy%	Bzy_MHz	TSC_MHz	IPC	IRQ	NMI	SMI	LLCMRPS	LLC%hit	L2MRPS	L2%hit	POLL%	C1ACPI%	C2ACPI%	C3ACPI%	CPU%c1	CPU%c6	CPU%c7	CoreTmp	CoreThr	PkgTmp	GFX%rc6	GFXMHz	GFXAMHz	SAM%mc6	SAMMHz	SAMAMHz	Totl%C0	Any%C0	GFX%C0	CPUGFX%	Pkg%pc2	Pkg%pc3	Pkg%pc6	Pkg%pc8	Pk%pc10	CPU%LPI	SYS%LPI	PkgWatt	CorWatt	GFXWatt	RAMWatt	PKG_%	RAM_%	UncMHz	SysWatt
2026-08-17 22:23:43.063689 -	-	1215	25.44	4778	3687	0.68	293949	3	0	514	50.94	1136	48.69	0.55	36.80	30.26	7.92	68.55	4.48	1.12	56	0	53	100.00	0	0	100.00	0	0	613.14	99.64	0.00	0.00	0.00	0.00	0.00	0.00	0.00	0.00	0.00	81.60	66.07	0.00	0.00	0.00	0.00	4000	0.00
2026-08-17 22:23:43.063695 0	0	1152	23.66	4868	3686	0.63	10768	0	0	24	56.09	42	37.57	0.48	37.24	34.57	5.10	60.47	12.58	2.57	54	0	53	100.00	0	0	100.00	0	0	613.11	99.63	0.00	0.00	0.00	0.00	0.00	0.00	0.00	0.00	0.00	81.59	66.07	0.00	0.00	0.00	0.00	4000
2026-08-17 22:23:43.063699 4	1	1592	30.41	5234	3686	0.73	17706	0	0	30	50.42	59	45.02	0.43	41.57	26.94	1.71	69.21	0.00	0.00	50	0
2026-08-17 22:23:43.063703 16	2	1286	25.31	5084	3686	0.72	9886	0	0	28	55.31	51	40.60	0.36	37.50	32.06	5.61	59.06	12.32	2.69	54	0
2026-08-17 22:23:43.063707 20	3	1336	26.15	5111	3686	0.75	10167	0	0	28	55.11	53	41.86	0.43	37.28	30.75	6.29	59.85	10.52	2.90	54	0
2026-08-17 22:23:43.063710 24	4	1553	30.09	5161	3686	0.78	10396	0	0	29	53.52	51	38.95	0.47	37.50	26.48	6.39	57.18	8.91	3.29	52	0
2026-08-17 22:23:43.063714 28	5	1219	24.00	5079	3686	0.69	10466	1	0	26	55.39	46	39.91	0.43	39.34	32.83	4.30	60.13	13.33	1.93	52	0
2026-08-17 22:23:43.063717 40	6	1253	24.62	5089	3686	0.64	10181	1	0	26	56.10	45	37.66	0.50	34.45	30.41	11.01	58.59	10.80	5.40	50	0
2026-08-17 22:23:43.063722 44	7	1089	21.71	5015	3686	0.66	9169	0	0	23	57.55	40	38.45	0.42	29.49	33.56	15.70	56.00	13.51	8.14	56	0
2026-08-17 22:23:43.063725 8	8	1178	25.63	4597	3686	0.65	12499	0	0	19	48.17	47	51.35	0.50	34.86	30.82	9.05	73.58	0.49	0.00	52	0
2026-08-17 22:23:43.063729 9	9	1211	26.25	4615	3686	0.65	13349	0	0	20	48.24	49	52.36	0.66	36.11	30.17	7.86	71.51	1.92	0.00	52	0
2026-08-17 22:23:43.063732 10	10	1215	26.34	4614	3686	0.70	12393	0	0	19	47.16	45	50.60	0.62	36.73	29.00	8.30	71.22	2.13	0.00	52	0
2026-08-17 22:23:43.063735 11	11	1119	24.30	4602	3686	0.64	12943	0	0	18	48.15	45	53.41	0.57	33.60	30.04	12.41	73.11	2.26	0.00	52	0
2026-08-17 22:23:43.063739 12	12	1210	26.31	4600	3686	0.64	12937	0	0	20	48.52	47	50.66	0.66	36.62	29.26	8.19	71.74	1.64	0.00	52	0
2026-08-17 22:23:43.063742 13	13	1244	27.03	4604	3686	0.68	11932	0	0	21	48.11	51	52.37	0.61	36.48	30.54	6.32	71.59	1.09	0.00	52	0
2026-08-17 22:23:43.063745 14	14	1068	23.27	4588	3686	0.63	12779	0	0	17	47.97	42	51.65	0.61	38.53	29.97	8.61	75.15	1.27	0.00	52	0
2026-08-17 22:23:43.063749 15	15	905	19.63	4611	3686	0.65	10937	0	0	15	48.47	37	53.08	0.50	36.11	33.40	11.19	79.01	1.04	0.00	52	0
2026-08-17 22:23:43.063752 32	16	1206	25.96	4645	3686	0.63	13795	0	0	20	49.32	45	48.68	0.73	39.07	30.59	4.77	72.75	0.99	0.00	52	0
2026-08-17 22:23:43.063755 33	17	1163	25.02	4648	3686	0.66	12969	0	0	19	48.49	47	53.10	0.67	40.91	29.45	4.98	71.78	2.86	0.00	52	0
2026-08-17 22:23:43.063759 34	18	1475	31.84	4631	3686	0.64	17243	0	0	21	48.68	57	57.41	0.63	33.83	25.90	8.81	67.22	0.66	0.00	52	0
2026-08-17 22:23:43.063762 35	19	1024	22.03	4649	3686	0.68	12153	0	0	16	48.74	42	54.11	0.59	37.01	32.26	9.07	76.80	0.86	0.00	52	0
2026-08-17 22:23:43.063765 36	20	1255	27.14	4624	3686	0.69	12851	1	0	20	47.70	52	54.46	0.57	38.46	28.10	6.69	70.00	2.54	0.00	54	0
2026-08-17 22:23:43.063768 37	21	1340	28.97	4627	3686	0.72	12406	0	0	22	46.89	60	56.48	0.57	37.20	27.27	6.94	69.43	1.30	0.00	54	0
2026-08-17 22:23:43.063772 38	22	1097	23.73	4625	3686	0.68	11675	0	0	18	47.97	46	54.79	0.48	37.40	29.82	9.41	72.48	3.46	0.00	54	0
2026-08-17 22:23:43.063775 39	23	979	21.14	4629	3686	0.64	12349	0	0	16	48.92	38	51.71	0.62	35.82	32.12	11.29	77.45	1.09	0.00	54	0
2026-08-17 22:23:48.066392 Core	CPU	Avg_MHz	Busy%	Bzy_MHz	TSC_MHz	IPC	IRQ	NMI	SMI	LLCMRPS	LLC%hit	L2MRPS	L2%hit	POLL%	C1ACPI%	C2ACPI%	C3ACPI%	CPU%c1	CPU%c6	CPU%c7	CoreTmp	CoreThr	PkgTmp	GFX%rc6	GFXMHz	GFXAMHz	SAM%mc6	SAMMHz	SAMAMHz	Totl%C0	Any%C0	GFX%C0	CPUGFX%	Pkg%pc2	Pkg%pc3	Pkg%pc6	Pkg%pc8	Pk%pc10	CPU%LPI	SYS%LPI	PkgWatt	CorWatt	GFXWatt	RAMWatt	PKG_%	RAM_%	UncMHz	SysWatt
2026-08-17 22:23:48.066494 -	-	1213	25.29	4796	3686	0.69	294893	3	0	515	51.54	1118	47.79	0.54	37.64	29.72	7.76	68.53	4.75	1.03	72	0	70	99.99	0	0	99.99	0	0	609.82	99.63	0.00	0.00	0.00	0.00	0.00	0.00	0.00	0.00	0.00	82.43	66.93	0.00	0.00	0.00	0.00	4000	0.00
2026-08-17 22:23:48.066509 0	0	1390	27.93	4977	3686	0.70	10519	0	0	28	54.83	49	36.79	0.50	33.92	32.22	6.47	57.64	11.71	2.05	50	0	70	99.99	0	0	99.99	0	0	609.82	99.63	0.00	0.00	0.00	0.00	0.00	0.00	0.00	0.00	0.00	82.43	66.93	0.00	0.00	0.00	0.00	4000
2026-08-17 22:23:48.066513 4	1	1681	32.08	5238	3686	0.72	17928	1	0	32	50.93	61	43.01	0.46	42.94	22.18	3.41	67.55	0.00	0.00	50	0
2026-08-17 22:23:48.066517 16	2	1420	27.70	5126	3686	0.73	10472	0	0	29	55.35	51	38.55	0.45	35.79	30.36	6.62	57.45	11.79	2.50	54	0
2026-08-17 22:23:48.066520 20	3	1367	26.67	5126	3686	0.67	10797	0	0	29	55.45	50	38.01	0.51	38.52	29.18	6.11	59.63	10.97	2.18	52	0
2026-08-17 22:23:48.066523 24	4	1584	30.72	5155	3686	0.84	10437	0	0	29	53.94	51	38.42	0.53	36.62	27.97	5.15	56.96	9.64	2.15	72	0
2026-08-17 22:23:48.066527 28	5	1403	27.40	5119	3686	0.73	10556	0	0	29	55.46	51	38.54	0.44	37.80	28.62	6.66	56.94	11.19	3.90	54	0
2026-08-17 22:23:48.066531 40	6	1257	24.74	5082	3686	0.67	9917	0	0	27	56.56	46	37.24	0.46	34.04	30.02	11.66	55.78	12.42	6.44	52	0
2026-08-17 22:23:48.066534 44	7	1152	22.78	5058	3686	0.62	9955	0	0	25	57.70	42	36.29	0.48	32.17	33.94	11.59	57.96	13.25	5.42	54	0
2026-08-17 22:23:48.066538 8	8	1214	26.39	4601	3686	0.70	12532	1	0	20	48.90	50	52.53	0.58	37.59	28.50	7.88	71.39	1.90	0.00	56	0
2026-08-17 22:23:48.066541 9	9	1174	25.53	4598	3686	0.64	13746	0	0	19	49.18	47	51.77	0.61	40.97	27.93	5.97	70.03	4.09	0.00	56	0
2026-08-17 22:23:48.066545 10	10	1115	24.18	4613	3686	0.70	12312	0	0	18	48.75	46	52.94	0.56	39.42	29.73	7.04	73.50	2.00	0.00	56	0
2026-08-17 22:23:48.066548 11	11	977	21.21	4606	3686	0.63	13311	0	0	16	49.32	38	50.72	0.56	37.57	31.76	9.84	77.79	0.69	0.00	54	0
2026-08-17 22:23:48.066552 12	12	1130	24.50	4610	3686	0.68	12863	0	0	19	49.20	45	51.30	0.58	39.69	30.11	6.06	72.91	2.26	0.00	52	0
2026-08-17 22:23:48.066555 13	13	1282	27.82	4608	3686	0.67	12029	0	0	22	48.04	53	52.49	0.57	38.27	28.56	5.71	70.56	1.32	0.00	52	0
2026-08-17 22:23:48.066559 14	14	1101	23.88	4609	3686	0.64	13377	1	0	18	49.04	42	50.36	0.59	42.22	27.64	6.65	72.08	3.70	0.00	52	0
2026-08-17 22:23:48.066562 15	15	946	20.56	4601	3686	0.68	11113	0	0	16	49.77	38	52.15	0.45	37.79	32.87	9.11	78.09	1.03	0.00	52	0
2026-08-17 22:23:48.066566 32	16	1049	22.69	4621	3686	0.69	12610	0	0	17	50.17	43	53.44	0.61	39.51	28.86	9.30	74.24	2.73	0.00	54	0
2026-08-17 22:23:48.066569 33	17	1082	23.36	4631	3686	0.68	12285	0	0	18	49.09	43	53.06	0.57	40.05	30.00	6.95	73.96	2.35	0.00	54	0
2026-08-17 22:23:48.066573 34	18	1366	29.57	4621	3686	0.62	16564	0	0	19	48.23	50	56.01	0.51	34.21	28.77	7.82	69.35	0.80	0.00	54	0
2026-08-17 22:23:48.066576 35	19	987	21.29	4637	3686	0.69	11728	0	0	16	48.64	40	53.58	0.49	35.80	31.80	11.48	77.81	0.58	0.00	54	0
2026-08-17 22:23:48.066580 36	20	1052	22.82	4610	3686	0.72	12237	0	0	17	49.17	43	54.33	0.59	37.83	31.89	7.83	74.48	2.37	0.00	52	0
2026-08-17 22:23:48.066583 37	21	1124	24.39	4608	3686	0.69	12479	0	0	18	48.02	48	55.85	0.61	40.04	31.17	4.77	71.99	3.28	0.00	52	0
2026-08-17 22:23:48.066587 38	22	1152	24.93	4621	3686	0.68	12210	0	0	18	47.70	48	55.30	0.52	36.80	28.91	9.71	71.70	3.05	0.00	52	0
2026-08-17 22:23:48.066590 39	23	1104	23.84	4633	3686	0.63	12916	0	0	18	49.36	43	50.40	0.62	33.89	30.18	12.47	74.99	0.87	0.00	52	0
2026-08-17 22:23:53.070561 Core	CPU	Avg_MHz	Busy%	Bzy_MHz	TSC_MHz	IPC	IRQ	NMI	SMI	LLCMRPS	LLC%hit	L2MRPS	L2%hit	POLL%	C1ACPI%	C2ACPI%	C3ACPI%	CPU%c1	CPU%c6	CPU%c7	CoreTmp	CoreThr	PkgTmp	GFX%rc6	GFXMHz	GFXAMHz	SAM%mc6	SAMMHz	SAMAMHz	Totl%C0	Any%C0	GFX%C0	CPUGFX%	Pkg%pc2	Pkg%pc3	Pkg%pc6	Pkg%pc8	Pk%pc10	CPU%LPI	SYS%LPI	PkgWatt	CorWatt	GFXWatt	RAMWatt	PKG_%	RAM_%	UncMHz	SysWatt
2026-08-17 22:23:53.070628 -	-	1363	28.16	4842	3686	0.82	312665	3	0	518	50.66	1186	49.99	0.54	39.15	27.16	5.92	67.59	3.37	0.51	58	0	67	99.97	0	0	99.97	0	0	674.91	99.62	0.00	0.00	0.00	0.00	0.00	0.00	0.00	0.00	0.00	91.22	75.60	0.00	0.00	0.00	0.00	4000	0.00
2026-08-17 22:23:53.070634 0	0	1316	26.55	4957	3686	0.71	11071	0	0	26	54.91	45	37.89	0.44	35.81	32.55	5.63	62.75	8.51	1.57	58	0	67	100.01	0	0	100.01	0	0	674.98	99.63	0.00	0.00	0.00	0.00	0.00	0.00	0.00	0.00	0.00	91.25	75.63	0.00	0.00	0.00	0.00	4000
2026-08-17 22:23:53.070648 4	1	1569	29.90	5249	3686	0.73	18458	0	0	28	51.16	53	42.61	0.43	49.09	18.50	3.11	69.72	0.00	0.00	58	0
2026-08-17 22:23:53.070652 16	2	1389	27.09	5128	3686	0.84	11143	0	0	27	55.05	49	41.41	0.43	41.05	29.44	2.89	62.19	9.22	0.97	52	0
2026-08-17 22:23:53.070655 20	3	1409	27.43	5135	3686	0.73	11261	0	0	29	54.67	52	39.95	0.48	38.77	30.24	4.04	62.24	8.91	0.90	52	0
2026-08-17 22:23:53.070659 24	4	3678	69.13	5320	3686	1.46	8670	1	0	26	39.46	57	42.18	0.46	16.57	10.67	3.92	27.10	2.29	1.24	56	0
2026-08-17 22:23:53.070662 28	5	1626	31.15	5221	3686	0.95	11869	0	0	27	52.73	49	40.09	0.50	46.10	20.95	2.29	61.89	5.78	0.73	56	0
2026-08-17 22:23:53.070666 40	6	1304	25.37	5139	3686	0.77	10755	0	0	26	55.59	48	40.88	0.44	42.03	26.32	6.77	62.61	8.63	2.85	52	0
2026-08-17 22:23:53.070669 44	7	1149	22.51	5104	3686	0.69	10610	1	0	23	56.54	42	40.11	0.43	40.94	26.69	10.37	65.48	7.47	4.00	50	0
2026-08-17 22:23:53.070673 8	8	1194	25.85	4619	3686	0.76	13092	0	0	19	50.00	51	55.91	0.54	40.05	27.92	6.55	72.38	1.46	0.00	52	0
2026-08-17 22:23:53.070676 9	9	1373	29.68	4626	3686	0.71	14189	0	0	22	48.79	56	54.43	0.75	40.86	25.03	4.84	67.77	2.23	0.00	54	0
2026-08-17 22:23:53.070680 10	10	1297	28.03	4626	3686	0.73	13109	0	0	21	49.35	55	54.87	0.64	39.48	25.79	7.09	70.26	1.41	0.00	54	0
2026-08-17 22:23:53.070683 11	11	1098	23.70	4632	3686	0.70	14599	0	0	18	50.34	44	53.25	0.64	39.44	29.24	8.01	74.00	1.98	0.00	54	0
2026-08-17 22:23:53.070687 12	12	1188	25.76	4612	3686	0.72	13814	0	0	19	49.46	49	53.94	0.66	40.61	29.59	4.43	72.77	1.16	0.00	52	0
2026-08-17 22:23:53.070690 13	13	1213	26.29	4613	3686	0.80	12691	0	0	19	49.46	52	56.92	0.60	40.27	28.84	4.97	71.56	1.84	0.00	52	0
2026-08-17 22:23:53.070693 14	14	1200	25.98	4619	3686	0.71	13960	0	0	19	48.76	48	54.04	0.79	40.61	29.71	4.10	72.04	1.67	0.00	52	0
2026-08-17 22:23:53.070696 15	15	1116	24.16	4621	3686	0.68	12442	0	0	18	50.27	45	53.33	0.54	38.26	28.66	9.28	73.96	1.56	0.00	52	0
2026-08-17 22:23:53.070700 32	16	1189	25.58	4649	3686	0.73	13696	0	0	19	50.08	50	54.24	0.57	39.07	28.91	6.81	72.96	1.16	0.00	56	0
2026-08-17 22:23:53.070703 33	17	1180	25.39	4649	3686	0.72	13056	0	0	19	48.97	50	55.03	0.51	41.52	28.57	4.89	71.87	2.42	0.00	54	0
2026-08-17 22:23:53.070706 34	18	1480	31.94	4633	3686	0.59	17744	0	0	21	48.76	52	54.32	0.58	35.53	25.96	6.95	66.01	1.75	0.00	56	0
2026-08-17 22:23:53.070710 35	19	998	21.49	4643	3686	0.72	12530	0	0	16	49.54	41	55.20	0.49	40.37	30.48	8.03	77.51	0.68	0.00	56	0
2026-08-17 22:23:53.070713 36	20	1254	27.16	4618	3686	0.71	13728	0	0	20	49.39	52	54.30	0.58	38.00	29.31	5.93	70.82	1.72	0.00	54	0
2026-08-17 22:23:53.070716 37	21	1286	27.78	4627	3686	0.77	14036	0	0	21	48.29	57	56.79	0.40	37.33	28.58	6.67	68.45	3.45	0.00	54	0
2026-08-17 22:23:53.070719 38	22	1103	23.84	4626	3686	0.70	12716	0	0	18	49.51	46	54.84	0.43	40.94	28.68	6.91	72.51	3.31	0.00	54	0
2026-08-17 22:23:53.070723 39	23	1115	24.05	4634	3686	0.66	13426	1	0	18	49.84	43	51.42	0.62	37.13	31.47	7.72	73.23	2.40	0.00	54	0
2026-08-17 22:23:58.072805 Core	CPU	Avg_MHz	Busy%	Bzy_MHz	TSC_MHz	IPC	IRQ	NMI	SMI	LLCMRPS	LLC%hit	L2MRPS	L2%hit	POLL%	C1ACPI%	C2ACPI%	C3ACPI%	CPU%c1	CPU%c6	CPU%c7	CoreTmp	CoreThr	PkgTmp	GFX%rc6	GFXMHz	GFXAMHz	SAM%mc6	SAMMHz	SAMAMHz	Totl%C0	Any%C0	GFX%C0	CPUGFX%	Pkg%pc2	Pkg%pc3	Pkg%pc6	Pkg%pc8	Pk%pc10	CPU%LPI	SYS%LPI	PkgWatt	CorWatt	GFXWatt	RAMWatt	PKG_%	RAM_%	UncMHz	SysWatt
2026-08-17 22:23:58.072870 -	-	1128	23.69	4759	3687	0.69	286645	4	0	474	52.34	1035	48.03	0.55	36.70	30.85	9.18	70.14	4.48	1.28	58	0	55	100.04	0	0	100.04	0	0	576.05	99.64	0.00	0.00	0.00	0.00	0.00	0.00	0.00	0.00	0.00	78.41	63.02	0.00	0.00	0.00	0.00	4000	0.00
2026-08-17 22:23:58.072876 0	0	1288	26.09	4936	3686	0.73	10418	1	0	26	55.27	46	38.58	0.53	31.60	32.63	10.24	60.20	9.73	3.30	54	0	55	100.00	0	0	100.00	0	0	575.97	99.63	0.00	0.00	0.00	0.00	0.00	0.00	0.00	0.00	0.00	78.38	63.00	0.00	0.00	0.00	0.00	4000
2026-08-17 22:23:58.072881 4	1	1328	25.47	5214	3686	0.71	17630	0	0	24	51.51	48	44.86	0.42	51.16	20.51	3.48	74.14	0.00	0.00	50	0
2026-08-17 22:23:58.072886 16	2	1307	25.62	5103	3686	0.73	10652	0	0	28	55.81	52	41.11	0.47	40.62	29.12	5.11	60.89	10.77	2.16	50	0
2026-08-17 22:23:58.072900 20	3	1250	24.59	5083	3686	0.75	10168	0	0	27	56.49	49	40.46	0.34	37.15	33.20	5.53	59.10	13.41	2.29	54	0
2026-08-17 22:23:58.072904 24	4	1305	25.65	5089	3686	0.75	9832	0	0	28	55.96	50	39.35	0.40	35.51	30.06	9.25	58.56	10.83	4.38	54	0
2026-08-17 22:23:58.072907 28	5	1194	23.59	5060	3686	0.69	10250	0	0	26	57.23	45	38.32	0.39	36.84	33.45	6.59	58.97	13.53	3.30	52	0
2026-08-17 22:23:58.072910 40	6	1152	22.88	5034	3686	0.71	9664	0	0	25	57.52	44	38.65	0.42	33.65	31.47	12.46	55.98	14.14	6.37	58	0
2026-08-17 22:23:58.072914 44	7	941	18.97	4959	3686	0.66	9161	0	0	21	59.70	35	36.80	0.44	30.29	35.25	15.95	56.22	15.25	8.90	48	0
2026-08-17 22:23:58.072917 8	8	1123	24.47	4589	3686	0.70	11602	0	0	18	49.47	44	51.67	0.57	34.77	30.11	11.00	75.00	0.23	0.00	52	0
2026-08-17 22:23:58.072920 9	9	1077	23.41	4601	3686	0.74	12315	0	0	17	49.01	44	54.13	0.61	38.06	30.53	8.37	74.82	1.46	0.00	52	0
2026-08-17 22:23:58.072924 10	10	1043	22.61	4614	3686	0.69	11650	0	0	17	49.79	40	52.18	0.62	37.33	31.30	9.10	74.89	2.18	0.00	52	0
2026-08-17 22:23:58.072927 11	11	977	21.30	4585	3686	0.65	12883	1	0	15	50.93	36	50.55	0.54	36.33	31.94	10.78	78.36	0.03	0.00	52	0
2026-08-17 22:23:58.072931 12	12	1036	22.68	4566	3686	0.71	11920	1	0	16	49.55	40	52.03	0.55	35.72	29.76	12.20	74.80	2.18	0.00	50	0
2026-08-17 22:23:58.072934 13	13	1108	24.22	4572	3686	0.70	11691	0	0	18	49.45	44	52.70	0.59	38.07	30.34	7.73	74.34	1.13	0.00	50	0
2026-08-17 22:23:58.072937 14	14	1045	22.89	4564	3686	0.68	12156	0	0	16	49.00	40	51.55	0.70	36.77	31.45	9.25	76.43	0.38	0.00	50	0
2026-08-17 22:23:58.072941 15	15	909	19.83	4581	3686	0.70	10944	0	0	14	50.30	36	54.26	0.54	35.53	32.83	12.13	76.27	3.55	0.00	50	0
2026-08-17 22:23:58.072944 32	16	980	21.18	4628	3686	0.66	12770	0	0	15	50.87	36	50.69	0.72	39.98	32.72	6.49	76.23	2.26	0.00	52	0
2026-08-17 22:23:58.072947 33	17	1202	25.92	4637	3686	0.66	12975	1	0	19	49.16	46	51.09	0.75	38.06	29.24	7.16	73.48	0.30	0.00	52	0
2026-08-17 22:23:58.072950 34	18	1366	29.60	4615	3686	0.57	15748	0	0	17	47.69	44	55.67	0.59	32.62	29.02	9.11	69.49	0.63	0.00	52	0
2026-08-17 22:23:58.072954 35	19	955	20.60	4638	3686	0.67	12015	0	0	15	49.72	37	51.96	0.54	36.44	32.23	11.10	77.65	1.43	0.00	52	0
2026-08-17 22:23:58.072957 36	20	1102	23.91	4610	3686	0.70	12682	0	0	17	49.44	44	53.64	0.61	37.63	33.10	5.74	74.65	1.13	0.00	50	0
2026-08-17 22:23:58.072960 37	21	1210	26.24	4612	3686	0.71	13330	0	0	19	48.68	50	54.95	0.65	38.54	29.65	5.96	72.87	0.60	0.00	50	0
2026-08-17 22:23:58.072964 38	22	1133	24.55	4617	3686	0.67	12508	0	0	18	49.31	44	51.82	0.61	35.86	29.02	10.95	74.70	0.45	0.00	50	0
2026-08-17 22:23:58.072967 39	23	1033	22.38	4614	3686	0.66	11681	0	0	17	49.66	39	50.85	0.50	32.01	31.28	14.67	75.41	1.89	0.00	50	0
2026-08-17 22:24:03.075566 Core	CPU	Avg_MHz	Busy%	Bzy_MHz	TSC_MHz	IPC	IRQ	NMI	SMI	LLCMRPS	LLC%hit	L2MRPS	L2%hit	POLL%	C1ACPI%	C2ACPI%	C3ACPI%	CPU%c1	CPU%c6	CPU%c7	CoreTmp	CoreThr	PkgTmp	GFX%rc6	GFXMHz	GFXAMHz	SAM%mc6	SAMMHz	SAMAMHz	Totl%C0	Any%C0	GFX%C0	CPUGFX%	Pkg%pc2	Pkg%pc3	Pkg%pc6	Pkg%pc8	Pk%pc10	CPU%LPI	SYS%LPI	PkgWatt	CorWatt	GFXWatt	RAMWatt	PKG_%	RAM_%	UncMHz	SysWatt
2026-08-17 22:24:03.075633 -	-	1101	23.24	4738	3686	0.70	303335	3	0	463	53.92	1023	48.63	0.52	37.59	31.54	8.04	70.73	4.61	1.02	54	0	57	100.01	0	0	99.99	0	0	566.31	99.63	0.00	0.00	0.00	0.00	0.00	0.00	0.00	0.00	0.00	77.08	61.77	0.00	0.00	0.00	0.00	4000	0.00
2026-08-17 22:24:03.075638 0	0	986	20.78	4747	3686	0.70	10531	0	0	21	58.55	37	38.42	0.44	36.69	35.56	7.55	64.94	10.97	2.61	50	0	57	100.01	0	0	99.99	0	0	566.33	99.63	0.00	0.00	0.00	0.00	0.00	0.00	0.00	0.00	0.00	77.08	61.77	0.00	0.00	0.00	0.00	4000
2026-08-17 22:24:03.075642 4	1	1401	26.77	5231	3686	0.74	19302	0	0	26	53.04	52	45.25	0.39	50.49	20.75	2.61	72.84	0.00	0.00	50	0
2026-08-17 22:24:03.075647 16	2	1219	24.03	5073	3686	0.74	11517	1	0	26	57.22	47	39.06	0.38	38.47	33.52	4.48	61.34	12.15	1.89	52	0
2026-08-17 22:24:03.075651 20	3	1117	22.18	5037	3686	0.72	11522	0	0	24	58.50	44	39.11	0.38	37.56	34.38	6.37	60.75	13.67	2.78	54	0
2026-08-17 22:24:03.075655 24	4	1119	22.25	5032	3686	0.72	10064	0	0	25	59.04	44	39.10	0.36	38.37	33.70	6.17	60.98	12.86	3.31	50	0
2026-08-17 22:24:03.075667 28	5	1149	22.80	5039	3686	0.76	10271	0	0	25	58.40	45	39.13	0.40	36.96	33.80	6.93	60.35	12.94	3.30	52	0
2026-08-17 22:24:03.075671 40	6	1037	20.75	4995	3686	0.72	9926	0	0	23	59.98	40	38.86	0.39	37.58	33.28	8.87	60.98	13.52	4.10	52	0
2026-08-17 22:24:03.075675 44	7	941	19.01	4950	3686	0.67	9552	0	0	21	60.87	37	38.49	0.43	34.19	35.38	11.90	59.18	14.73	6.43	50	0
2026-08-17 22:24:03.075679 8	8	1080	23.60	4575	3686	0.74	12271	0	0	17	51.45	43	54.42	0.57	38.63	31.73	6.40	74.84	1.24	0.00	50	0
2026-08-17 22:24:03.075682 9	9	1142	24.89	4589	3686	0.75	12507	0	0	18	50.58	48	55.37	0.57	39.11	30.04	6.34	73.49	1.31	0.00	50	0
2026-08-17 22:24:03.075686 10	10	1084	23.61	4593	3686	0.72	13416	0	0	17	51.12	42	52.84	0.60	37.91	30.69	8.15	73.71	2.36	0.00	50	0
2026-08-17 22:24:03.075689 11	11	963	20.99	4589	3686	0.66	14280	0	0	15	52.57	36	51.28	0.58	36.65	31.10	11.62	77.82	0.88	0.00	50	0
2026-08-17 22:24:03.075693 12	12	978	21.46	4558	3686	0.69	13966	0	0	15	52.06	37	51.93	0.58	38.13	32.46	8.31	76.84	1.38	0.00	50	0
2026-08-17 22:24:03.075697 13	13	1014	22.27	4551	3686	0.70	11538	1	0	16	50.54	40	53.20	0.54	38.04	32.92	7.12	76.64	0.77	0.00	50	0
2026-08-17 22:24:03.075700 14	14	1149	25.03	4591	3686	0.70	12684	0	0	18	50.90	43	51.14	0.66	37.42	28.48	9.44	74.03	0.64	0.00	50	0
2026-08-17 22:24:03.075704 15	15	893	19.51	4577	3686	0.70	12394	0	0	14	51.86	34	52.20	0.62	34.02	33.48	13.33	79.32	0.85	0.00	50	0
2026-08-17 22:24:03.075707 32	16	1060	22.87	4636	3686	0.68	13841	0	0	17	50.51	42	52.98	0.62	37.56	33.25	6.66	75.79	1.03	0.00	50	0
2026-08-17 22:24:03.075711 33	17	1175	25.31	4641	3686	0.69	12213	0	0	19	50.49	46	52.84	0.54	38.67	30.24	6.14	71.98	2.39	0.00	50	0
2026-08-17 22:24:03.075714 34	18	1520	32.79	4636	3686	0.61	16692	1	0	20	50.51	53	55.12	0.64	33.14	26.40	8.05	65.78	1.15	0.00	50	0
2026-08-17 22:24:03.075718 35	19	1010	21.71	4651	3686	0.67	14471	0	0	16	51.43	39	53.10	0.63	36.82	32.49	9.36	77.33	0.64	0.00	50	0
2026-08-17 22:24:03.075721 36	20	1120	24.37	4598	3686	0.69	12671	0	0	18	50.84	45	53.03	0.58	36.99	30.85	8.16	74.04	1.29	0.00	50	0
2026-08-17 22:24:03.075725 37	21	1279	27.70	4617	3686	0.72	12619	0	0	21	49.59	53	54.66	0.55	36.36	28.47	7.84	70.73	1.27	0.00	50	0
2026-08-17 22:24:03.075728 38	22	1125	24.37	4615	3686	0.66	13918	0	0	18	50.65	43	51.08	0.55	36.74	30.21	9.05	74.61	0.72	0.00	50	0
2026-08-17 22:24:03.075732 39	23	868	18.78	4623	3686	0.70	11169	0	0	13	51.78	33	52.84	0.57	35.72	33.71	12.11	79.11	1.78	0.00	50	0
2026-08-17 22:24:08.078112 Core	CPU	Avg_MHz	Busy%	Bzy_MHz	TSC_MHz	IPC	IRQ	NMI	SMI	LLCMRPS	LLC%hit	L2MRPS	L2%hit	POLL%	C1ACPI%	C2ACPI%	C3ACPI%	CPU%c1	CPU%c6	CPU%c7	CoreTmp	CoreThr	PkgTmp	GFX%rc6	GFXMHz	GFXAMHz	SAM%mc6	SAMMHz	SAMAMHz	Totl%C0	Any%C0	GFX%C0	CPUGFX%	Pkg%pc2	Pkg%pc3	Pkg%pc6	Pkg%pc8	Pk%pc10	CPU%LPI	SYS%LPI	PkgWatt	CorWatt	GFXWatt	RAMWatt	PKG_%	RAM_%	UncMHz	SysWatt
2026-08-17 22:24:08.078216 -	-	1092	23.03	4743	3686	0.71	293042	7	0	459	54.08	1026	49.26	0.54	37.42	31.83	8.13	70.75	4.85	0.96	54	0	55	100.01	0	0	100.01	0	0	559.03	99.64	0.00	0.00	0.00	0.00	0.00	0.00	0.00	0.00	0.00	77.33	61.97	0.00	0.00	0.00	0.00	4000	0.00
2026-08-17 22:24:08.078221 0	0	1136	23.37	4863	3686	0.68	10928	0	0	24	57.57	43	38.39	0.53	34.50	35.22	7.47	61.95	11.25	2.73	50	0	55	100.01	0	0	100.01	0	0	559.00	99.63	0.00	0.00	0.00	0.00	0.00	0.00	0.00	0.00	0.00	77.32	61.97	0.00	0.00	0.00	0.00	4000
2026-08-17 22:24:08.078224 4	1	1371	26.23	5228	3686	0.74	18424	0	0	25	52.77	50	44.27	0.45	50.18	20.82	3.39	73.38	0.00	0.00	50	0
2026-08-17 22:24:08.078228 16	2	1187	23.46	5061	3686	0.74	10569	0	0	26	57.17	47	41.21	0.38	39.29	33.16	4.58	62.47	11.47	2.03	50	0
2026-08-17 22:24:08.078231 20	3	1118	22.12	5054	3686	0.71	10757	1	0	24	58.01	44	40.47	0.47	38.98	35.12	4.27	61.89	13.58	1.82	50	0
2026-08-17 22:24:08.078235 24	4	1111	22.08	5031	3686	0.74	10647	0	0	24	59.10	43	39.07	0.53	38.22	35.92	4.27	59.97	15.55	1.77	54	0
2026-08-17 22:24:08.078239 28	5	1081	21.62	5002	3686	0.73	10308	0	0	24	59.62	44	41.20	0.40	35.80	36.09	6.98	59.00	15.15	3.59	50	0
2026-08-17 22:24:08.078254 40	6	1060	21.15	5009	3686	0.67	9976	0	0	23	59.39	41	37.99	0.45	34.71	34.66	9.96	59.79	14.35	4.08	52	0
2026-08-17 22:24:08.078258 44	7	1045	20.84	5016	3686	0.80	9546	0	0	22	60.51	42	42.54	0.38	32.99	33.00	13.62	55.87	15.56	7.08	54	0
2026-08-17 22:24:08.078261 8	8	1023	22.36	4576	3686	0.72	12040	0	0	17	51.41	43	54.59	0.49	40.09	31.81	6.09	76.46	0.86	0.00	50	0
2026-08-17 22:24:08.078265 9	9	1073	23.38	4587	3686	0.71	12931	1	0	17	50.80	44	53.82	0.49	41.21	28.94	6.85	73.58	2.71	0.00	50	0
2026-08-17 22:24:08.078268 10	10	1095	23.84	4594	3686	0.73	11667	1	0	17	51.07	46	55.23	0.53	37.75	30.83	7.93	74.71	1.15	0.00	50	0
2026-08-17 22:24:08.078272 11	11	950	20.72	4582	3686	0.66	13374	0	0	15	52.92	36	51.46	0.57	36.49	33.27	9.88	77.86	1.10	0.00	50	0
2026-08-17 22:24:08.078275 12	12	1007	22.03	4573	3686	0.71	12541	0	0	16	52.28	40	53.13	0.52	39.11	31.02	8.20	76.44	1.21	0.00	52	0
2026-08-17 22:24:08.078278 13	13	1094	23.92	4576	3686	0.72	11599	0	0	17	51.27	43	53.82	0.61	38.64	29.81	8.00	74.24	1.52	0.00	52	0
2026-08-17 22:24:08.078282 14	14	944	20.68	4562	3686	0.73	11804	0	0	15	50.58	38	55.08	0.58	38.92	30.48	10.27	77.04	1.95	0.00	52	0
2026-08-17 22:24:08.078285 15	15	848	18.59	4562	3686	0.69	10595	0	0	13	52.70	33	52.62	0.42	35.66	33.34	12.72	79.60	1.48	0.00	52	0
2026-08-17 22:24:08.078288 32	16	1025	22.14	4628	3686	0.73	12334	1	0	16	51.78	41	54.95	0.62	38.39	33.47	6.34	76.81	0.73	0.00	52	0
2026-08-17 22:24:08.078291 33	17	1098	23.72	4629	3686	0.70	12413	0	0	17	50.38	43	53.71	0.59	37.69	31.32	7.63	74.48	1.48	0.00	52	0
2026-08-17 22:24:08.078295 34	18	1351	29.25	4619	3686	0.59	16664	0	0	17	50.96	45	55.13	0.62	32.69	29.81	8.61	70.03	0.43	0.00	52	0
2026-08-17 22:24:08.078298 35	19	965	20.83	4634	3686	0.71	12332	1	0	15	52.10	37	54.87	0.65	37.42	34.61	7.50	77.55	1.29	0.00	52	0
2026-08-17 22:24:08.078301 36	20	1003	21.79	4603	3686	0.69	12251	0	0	15	51.28	38	52.73	0.62	37.75	33.27	7.56	77.04	0.85	0.00	52	0
2026-08-17 22:24:08.078304 37	21	1347	29.16	4618	3686	0.72	13055	1	0	22	48.94	57	55.05	0.64	33.11	28.84	9.25	70.10	0.46	0.00	52	0
2026-08-17 22:24:08.078308 38	22	1175	25.46	4614	3686	0.67	13145	1	0	18	51.31	45	52.36	0.71	34.77	29.90	10.24	73.72	0.52	0.00	52	0
2026-08-17 22:24:08.078311 39	23	1109	23.98	4624	3686	0.64	13142	0	0	17	51.97	41	50.47	0.76	33.66	29.29	13.44	73.94	1.77	0.00	52	0
2026-08-17 22:24:13.080885 Core	CPU	Avg_MHz	Busy%	Bzy_MHz	TSC_MHz	IPC	IRQ	NMI	SMI	LLCMRPS	LLC%hit	L2MRPS	L2%hit	POLL%	C1ACPI%	C2ACPI%	C3ACPI%	CPU%c1	CPU%c6	CPU%c7	CoreTmp	CoreThr	PkgTmp	GFX%rc6	GFXMHz	GFXAMHz	SAM%mc6	SAMMHz	SAMAMHz	Totl%C0	Any%C0	GFX%C0	CPUGFX%	Pkg%pc2	Pkg%pc3	Pkg%pc6	Pkg%pc8	Pk%pc10	CPU%LPI	SYS%LPI	PkgWatt	CorWatt	GFXWatt	RAMWatt	PKG_%	RAM_%	UncMHz	SysWatt
2026-08-17 22:24:13.080960 -	-	1099	23.19	4738	3686	0.70	286862	4	0	455	53.61	1019	49.23	0.51	36.02	32.26	8.93	70.46	4.89	1.05	52	0	52	99.98	0	0	100.00	0	0	563.71	99.63	0.00	0.00	0.00	0.00	0.00	0.00	0.00	0.00	0.00	76.76	61.40	0.00	0.00	0.00	0.00	4000	0.00
2026-08-17 22:24:13.080965 0	0	1082	22.55	4797	3686	0.69	10568	0	0	23	57.58	41	39.14	0.40	33.87	38.91	5.23	61.69	12.89	2.13	50	0	52	99.99	0	0	100.01	0	0	563.75	99.63	0.00	0.00	0.00	0.00	0.00	0.00	0.00	0.00	0.00	76.76	61.41	0.00	0.00	0.00	0.00	4000
2026-08-17 22:24:13.080969 4	1	1371	26.33	5205	3686	0.74	18070	1	0	25	52.55	50	44.89	0.45	48.43	21.53	4.34	73.28	0.00	0.00	50	0
2026-08-17 22:24:13.080972 16	2	1176	23.29	5048	3686	0.71	10635	0	0	26	57.84	46	39.85	0.41	37.31	35.47	4.40	60.17	14.00	1.92	50	0
2026-08-17 22:24:13.080977 20	3	1181	23.28	5072	3686	0.72	10577	0	0	25	57.36	46	40.37	0.50	38.41	33.64	5.16	62.59	11.57	1.97	50	0
2026-08-17 22:24:13.080981 24	4	1087	21.67	5014	3686	0.73	9717	0	0	24	58.96	42	39.11	0.41	34.56	35.12	9.11	59.23	14.63	3.83	50	0
2026-08-17 22:24:13.080985 28	5	1152	22.90	5030	3686	0.71	10239	1	0	25	58.55	44	38.64	0.36	34.35	35.17	8.05	57.12	15.09	4.26	50	0
2026-08-17 22:24:13.080988 40	6	1126	22.33	5041	3686	0.69	10490	1	0	24	58.31	42	38.61	0.45	35.09	33.65	9.42	60.49	12.23	4.35	48	0
2026-08-17 22:24:13.080992 44	7	898	18.14	4950	3686	0.68	9416	0	0	20	60.78	34	38.72	0.44	31.48	37.47	13.37	58.18	16.28	6.76	48	0
2026-08-17 22:24:13.081005 8	8	1029	22.56	4563	3686	0.71	12219	0	0	16	51.26	41	54.22	0.52	38.59	29.84	9.37	75.86	1.26	0.00	52	0
2026-08-17 22:24:13.081009 9	9	1130	24.67	4579	3686	0.66	12787	0	0	18	50.49	43	52.50	0.60	37.61	29.16	8.94	74.89	0.14	0.00	50	0
2026-08-17 22:24:13.081013 10	10	1055	23.03	4581	3686	0.68	11713	0	0	16	50.45	41	53.11	0.57	35.68	32.52	9.11	76.01	0.65	0.00	50	0
2026-08-17 22:24:13.081016 11	11	977	21.32	4584	3686	0.64	12667	0	0	15	52.10	36	51.07	0.52	33.76	32.40	12.87	77.76	0.61	0.00	50	0
2026-08-17 22:24:13.081020 12	12	1039	22.70	4577	3686	0.71	11852	0	0	16	51.24	42	54.13	0.58	34.95	33.81	8.90	75.33	1.66	0.00	50	0
2026-08-17 22:24:13.081023 13	13	1109	24.17	4589	3686	0.72	11325	0	0	17	50.88	46	56.61	0.51	35.47	32.02	8.69	73.11	2.40	0.00	50	0
2026-08-17 22:24:13.081026 14	14	1030	22.47	4585	3686	0.70	12113	0	0	16	51.50	40	53.51	0.62	37.52	30.74	9.64	76.19	1.03	0.00	50	0
2026-08-17 22:24:13.081030 15	15	880	19.20	4584	3686	0.75	10827	0	0	13	52.30	33	52.42	0.52	34.13	33.19	13.79	79.29	1.19	0.00	50	0
2026-08-17 22:24:13.081033 32	16	1006	21.78	4619	3686	0.73	12339	0	0	15	51.60	39	54.31	0.66	38.76	31.40	8.40	74.97	2.92	0.00	50	0
2026-08-17 22:24:13.081036 33	17	1014	21.95	4620	3686	0.82	11589	0	0	15	49.76	39	54.57	0.58	38.96	31.92	7.51	76.24	1.49	0.00	50	0
2026-08-17 22:24:13.081040 34	18	1482	32.04	4624	3686	0.59	16322	0	0	19	50.07	51	56.05	0.57	31.77	27.30	9.24	66.82	0.86	0.00	50	0
2026-08-17 22:24:13.081043 35	19	919	19.87	4625	3686	0.68	11790	0	0	14	50.93	36	53.66	0.54	33.92	35.07	11.50	79.56	0.25	0.00	50	0
2026-08-17 22:24:13.081046 36	20	1042	22.64	4601	3686	0.69	12351	1	0	16	50.37	41	52.91	0.52	36.42	33.99	7.31	75.24	1.80	0.00	52	0
2026-08-17 22:24:13.081050 37	21	1368	29.62	4617	3686	0.77	12017	0	0	22	47.62	62	57.62	0.54	33.30	30.48	6.95	69.44	0.65	0.00	52	0
2026-08-17 22:24:13.081053 38	22	1156	25.08	4610	3686	0.68	12459	0	0	18	50.40	44	52.15	0.53	36.02	29.57	9.70	72.32	2.28	0.00	50	0
2026-08-17 22:24:13.081056 39	23	1058	22.89	4621	3686	0.64	12780	0	0	16	51.92	39	51.13	0.53	34.20	29.95	13.32	75.33	1.46	0.00	50	0
2026-08-17 22:24:18.083836 Core	CPU	Avg_MHz	Busy%	Bzy_MHz	TSC_MHz	IPC	IRQ	NMI	SMI	LLCMRPS	LLC%hit	L2MRPS	L2%hit	POLL%	C1ACPI%	C2ACPI%	C3ACPI%	CPU%c1	CPU%c6	CPU%c7	CoreTmp	CoreThr	PkgTmp	GFX%rc6	GFXMHz	GFXAMHz	SAM%mc6	SAMMHz	SAMAMHz	Totl%C0	Any%C0	GFX%C0	CPUGFX%	Pkg%pc2	Pkg%pc3	Pkg%pc6	Pkg%pc8	Pk%pc10	CPU%LPI	SYS%LPI	PkgWatt	CorWatt	GFXWatt	RAMWatt	PKG_%	RAM_%	UncMHz	SysWatt
2026-08-17 22:24:18.083906 -	-	1208	25.10	4812	3686	0.80	344260	2	0	481	56.03	1122	51.08	0.54	40.37	28.26	6.71	69.90	3.89	0.72	66	0	65	100.00	0	0	99.98	0	0	605.64	99.63	0.00	0.00	0.00	0.00	0.00	0.00	0.00	0.00	0.00	85.35	69.99	0.00	0.00	0.00	0.00	4000	0.00
2026-08-17 22:24:18.083911 0	0	1270	25.70	4942	3686	0.73	12526	0	0	28	59.48	49	39.46	0.43	35.64	32.03	7.20	62.30	9.15	2.22	52	0	65	100.00	0	0	99.98	0	0	605.65	99.63	0.00	0.00	0.00	0.00	0.00	0.00	0.00	0.00	0.00	85.35	69.99	0.00	0.00	0.00	0.00	4000
2026-08-17 22:24:18.083915 4	1	1397	26.72	5227	3686	0.77	19147	0	0	27	55.82	55	46.29	0.38	50.97	18.84	4.10	72.89	0.00	0.00	60	0
2026-08-17 22:24:18.083920 16	2	1255	24.56	5110	3686	0.79	12060	0	0	27	59.09	51	41.80	0.42	40.11	30.52	5.30	61.72	10.85	2.30	54	0
2026-08-17 22:24:18.083923 20	3	1268	24.78	5115	3686	0.75	12221	0	0	28	59.97	53	41.45	0.48	41.39	29.57	4.76	63.69	9.24	1.75	52	0
2026-08-17 22:24:18.083927 24	4	3059	57.78	5294	3686	1.42	8048	1	0	26	43.89	56	41.10	0.44	21.83	16.22	4.51	34.07	6.09	1.73	66	0
2026-08-17 22:24:18.083930 28	5	1115	21.77	5120	3686	0.82	12203	0	0	23	60.80	45	43.69	0.33	47.96	25.33	5.45	65.76	9.65	2.27	54	0
2026-08-17 22:24:18.083933 40	6	1196	23.42	5105	3686	0.75	11964	0	0	26	60.06	49	41.97	0.37	41.31	29.22	6.55	62.50	10.21	3.29	56	0
2026-08-17 22:24:18.083937 44	7	922	18.41	5008	3686	0.69	10260	0	0	21	62.11	38	41.10	0.38	39.51	34.11	8.46	64.55	12.75	3.68	50	0
2026-08-17 22:24:18.083941 8	8	1148	24.98	4596	3686	0.71	15746	0	0	18	55.28	47	54.73	0.55	40.43	28.11	6.89	74.21	0.50	0.00	52	0
2026-08-17 22:24:18.083945 9	9	1230	26.64	4616	3686	0.74	15594	0	0	20	54.50	53	56.39	0.62	40.16	27.82	5.81	72.08	0.97	0.00	52	0
2026-08-17 22:24:18.083955 10	10	1239	26.78	4625	3686	0.69	13690	0	0	20	55.06	51	54.37	0.62	39.21	27.10	7.33	71.51	1.40	0.00	52	0
2026-08-17 22:24:18.083958 11	11	998	21.59	4621	3686	0.72	15618	0	0	15	55.12	40	55.67	0.62	38.70	29.76	10.35	76.06	2.02	0.00	52	0
2026-08-17 22:24:18.083961 12	12	1051	22.96	4578	3686	0.66	15343	0	0	17	55.88	42	53.57	0.69	41.35	27.79	8.33	75.39	1.33	0.00	54	0
2026-08-17 22:24:18.083965 13	13	1106	24.09	4592	3686	0.72	13927	0	0	18	54.23	49	56.96	0.58	40.44	28.89	6.97	74.37	1.23	0.00	54	0
2026-08-17 22:24:18.083968 14	14	1162	25.28	4596	3686	0.67	17722	0	0	18	55.08	47	54.23	0.65	41.20	27.87	6.09	72.17	2.22	0.00	54	0
2026-08-17 22:24:18.083972 15	15	939	20.44	4596	3686	0.73	13894	1	0	14	55.95	38	55.25	0.58	38.94	31.93	9.08	77.83	1.40	0.00	54	0
2026-08-17 22:24:18.083975 32	16	1029	22.17	4641	3686	0.72	15156	0	0	16	55.47	41	55.17	0.71	42.94	29.80	5.49	74.50	2.99	0.00	56	0
2026-08-17 22:24:18.083978 33	17	1089	23.45	4644	3686	0.69	16988	0	0	17	54.90	45	55.61	0.68	44.81	27.64	4.52	72.55	3.66	0.00	56	0
2026-08-17 22:24:18.083982 34	18	1360	29.32	4636	3686	0.74	21040	0	0	19	53.64	55	59.76	0.48	36.98	26.55	7.55	68.76	1.61	0.00	56	0
2026-08-17 22:24:18.083985 35	19	869	18.68	4651	3686	0.67	14574	0	0	14	54.84	36	55.04	0.51	41.96	32.30	7.47	79.46	1.53	0.00	56	0
2026-08-17 22:24:18.083988 36	20	1058	22.97	4605	3686	0.72	15091	0	0	16	55.44	43	56.02	0.57	39.69	30.60	7.16	74.96	1.74	0.00	52	0
2026-08-17 22:24:18.083992 37	21	1139	24.66	4617	3686	0.78	14259	0	0	18	52.93	53	59.42	0.59	40.93	28.64	6.18	73.69	1.33	0.00	52	0
2026-08-17 22:24:18.083995 38	22	1133	24.51	4622	3686	0.72	13541	0	0	18	55.33	47	54.65	0.60	41.38	28.01	6.53	74.48	0.71	0.00	52	0
2026-08-17 22:24:18.083998 39	23	958	20.74	4620	3686	0.73	13648	0	0	15	55.24	40	56.57	0.61	41.01	29.59	9.05	78.19	0.75	0.00	52	0
2026-08-17 22:24:23.086375 Core	CPU	Avg_MHz	Busy%	Bzy_MHz	TSC_MHz	IPC	IRQ	NMI	SMI	LLCMRPS	LLC%hit	L2MRPS	L2%hit	POLL%	C1ACPI%	C2ACPI%	C3ACPI%	CPU%c1	CPU%c6	CPU%c7	CoreTmp	CoreThr	PkgTmp	GFX%rc6	GFXMHz	GFXAMHz	SAM%mc6	SAMMHz	SAMAMHz	Totl%C0	Any%C0	GFX%C0	CPUGFX%	Pkg%pc2	Pkg%pc3	Pkg%pc6	Pkg%pc8	Pk%pc10	CPU%LPI	SYS%LPI	PkgWatt	CorWatt	GFXWatt	RAMWatt	PKG_%	RAM_%	UncMHz	SysWatt
2026-08-17 22:24:23.086457 -	-	1354	27.77	4878	3687	0.88	514045	3	0	516	55.63	1227	51.88	0.55	43.82	24.57	4.33	69.17	2.49	0.22	70	0	70	100.01	0	0	100.01	0	0	665.82	99.64	0.00	0.00	0.00	0.00	0.00	0.00	0.00	0.00	0.00	95.24	79.79	0.00	0.00	0.00	0.00	4000	0.00
2026-08-17 22:24:23.086462 0	0	1301	25.74	5053	3686	0.72	19458	0	0	28	59.04	50	39.61	0.47	43.29	27.41	4.16	67.50	5.31	0.91	54	0	70	99.99	0	0	99.99	0	0	665.79	99.63	0.00	0.00	0.00	0.00	0.00	0.00	0.00	0.00	0.00	95.22	79.78	0.00	0.00	0.00	0.00	4000
2026-08-17 22:24:23.086466 4	1	1557	29.66	5250	3686	0.81	31526	0	0	31	56.46	62	45.11	0.40	46.49	21.82	2.68	69.95	0.00	0.00	56	0
2026-08-17 22:24:23.086470 16	2	1255	24.38	5147	3686	0.77	17161	0	0	27	59.55	51	42.28	0.41	48.19	25.43	2.53	67.79	6.36	0.98	54	0
2026-08-17 22:24:23.086474 20	3	1387	26.79	5176	3686	0.73	21433	0	0	31	58.93	56	40.41	0.42	46.94	24.06	2.75	67.28	4.66	0.80	54	0
2026-08-17 22:24:23.086477 24	4	4875	91.14	5348	3686	1.64	8372	1	0	26	34.58	63	44.47	0.47	7.47	1.20	0.39	8.26	0.39	0.10	70	0
2026-08-17 22:24:23.086481 28	5	1358	25.79	5268	3686	0.85	20697	0	0	27	59.30	52	43.94	0.40	60.45	12.93	1.39	70.09	3.21	0.45	56	0
2026-08-17 22:24:23.086492 40	6	1370	26.26	5219	3686	0.78	18267	0	0	30	58.49	57	43.94	0.40	51.06	20.61	2.63	67.88	4.65	0.73	56	0
2026-08-17 22:24:23.086495 44	7	1209	23.36	5176	3686	0.76	18272	0	0	26	59.48	50	43.33	0.40	46.79	25.05	5.35	68.76	6.03	1.34	54	0
2026-08-17 22:24:23.086499 8	8	1279	27.62	4629	3686	0.77	28558	1	0	21	55.13	59	58.47	0.55	43.91	23.43	5.49	70.82	1.25	0.00	54	0
2026-08-17 22:24:23.086503 9	9	1237	26.76	4625	3686	0.76	25334	0	0	20	54.64	56	59.04	0.66	46.09	24.32	3.31	71.18	1.74	0.00	52	0
2026-08-17 22:24:23.086506 10	10	1154	24.86	4642	3686	0.72	21900	0	0	19	55.61	50	56.53	0.56	45.94	24.65	5.00	73.13	1.68	0.00	52	0
2026-08-17 22:24:23.086510 11	11	983	21.23	4631	3686	0.72	20066	0	0	15	55.36	43	58.17	0.67	43.84	29.09	6.27	77.21	1.23	0.00	52	0
2026-08-17 22:24:23.086523 12	12	1174	25.47	4608	3686	0.69	23389	0	0	19	55.81	50	54.67	0.61	42.95	26.05	5.98	72.67	1.54	0.00	54	0
2026-08-17 22:24:23.086526 13	13	1246	27.00	4614	3686	0.75	23898	0	0	21	55.12	57	57.55	0.55	44.96	24.78	3.70	70.04	2.63	0.00	54	0
2026-08-17 22:24:23.086530 14	14	1155	25.06	4609	3686	0.74	24044	1	0	18	55.74	50	56.67	0.68	43.74	25.57	6.09	72.47	2.13	0.00	54	0
2026-08-17 22:24:23.086534 15	15	871	18.91	4606	3686	0.77	16172	0	0	14	56.00	38	57.44	0.52	43.84	31.80	5.84	80.05	0.72	0.00	54	0
2026-08-17 22:24:23.086537 32	16	1116	24.01	4648	3686	0.70	21311	0	0	18	56.82	46	54.98	0.70	44.09	28.32	4.02	72.99	2.67	0.00	54	0
2026-08-17 22:24:23.086541 33	17	1194	25.69	4649	3686	0.77	21858	0	0	19	54.74	54	57.78	0.63	43.41	27.32	4.00	71.02	2.96	0.00	54	0
2026-08-17 22:24:23.086545 34	18	1307	28.16	4640	3686	0.68	28121	0	0	19	55.21	51	58.11	0.55	41.27	26.86	4.16	70.35	1.18	0.00	54	0
2026-08-17 22:24:23.086548 35	19	1009	21.71	4649	3686	0.74	20345	0	0	16	54.99	44	56.73	0.54	41.71	31.96	5.06	75.38	2.57	0.00	54	0
2026-08-17 22:24:23.086552 36	20	1130	24.50	4612	3686	0.68	20400	0	0	18	55.36	46	53.83	0.64	44.03	27.19	4.74	73.76	1.42	0.00	52	0
2026-08-17 22:24:23.086555 37	21	1174	25.47	4612	3686	0.79	23658	0	0	19	54.20	53	58.47	0.60	43.36	26.97	4.63	72.28	1.93	0.00	54	0
2026-08-17 22:24:23.086559 38	22	1191	25.75	4624	3686	0.69	20455	0	0	19	55.27	49	54.94	0.63	43.52	25.60	5.60	72.69	1.24	0.00	54	0
2026-08-17 22:24:23.086562 39	23	973	21.06	4621	3686	0.68	19350	0	0	15	56.23	39	55.51	0.67	44.18	27.16	8.05	76.44	2.16	0.00	54	0
2026-08-17 22:24:28.091025 Core	CPU	Avg_MHz	Busy%	Bzy_MHz	TSC_MHz	IPC	IRQ	NMI	SMI	LLCMRPS	LLC%hit	L2MRPS	L2%hit	POLL%	C1ACPI%	C2ACPI%	C3ACPI%	CPU%c1	CPU%c6	CPU%c7	CoreTmp	CoreThr	PkgTmp	GFX%rc6	GFXMHz	GFXAMHz	SAM%mc6	SAMMHz	SAMAMHz	Totl%C0	Any%C0	GFX%C0	CPUGFX%	Pkg%pc2	Pkg%pc3	Pkg%pc6	Pkg%pc8	Pk%pc10	CPU%LPI	SYS%LPI	PkgWatt	CorWatt	GFXWatt	RAMWatt	PKG_%	RAM_%	UncMHz	SysWatt
2026-08-17 22:24:28.091094 -	-	1170	24.35	4806	3685	0.80	357681	3	0	483	57.62	1118	50.83	0.57	41.74	28.20	6.13	70.25	3.99	1.00	56	0	54	99.95	0	0	99.97	0	0	585.57	99.63	0.00	0.00	0.00	0.00	0.00	0.00	0.00	0.00	0.00	84.08	68.89	0.00	0.00	0.00	0.00	4000	0.00
2026-08-17 22:24:28.091099 0	0	1252	25.29	4950	3686	0.83	12870	1	0	27	59.53	49	40.19	0.37	35.40	30.46	9.40	59.97	9.87	4.17	54	0	54	100.00	0	0	100.02	0	0	585.60	99.63	0.00	0.00	0.00	0.00	0.00	0.00	0.00	0.00	0.00	84.12	68.92	0.00	0.00	0.00	0.00	4000
2026-08-17 22:24:28.091103 4	1	1491	28.50	5231	3686	0.74	20425	0	0	30	56.96	60	44.36	0.56	43.42	26.06	2.69	71.10	0.00	0.00	56	0
2026-08-17 22:24:28.091107 16	2	1317	25.76	5113	3686	0.84	11685	0	0	29	59.92	54	41.98	0.40	39.91	29.91	4.92	61.64	10.15	1.89	52	0
2026-08-17 22:24:28.091111 20	3	1255	24.62	5097	3686	0.81	10722	0	0	29	61.11	54	41.76	0.38	38.57	30.06	7.24	59.46	11.37	3.94	52	0
2026-08-17 22:24:28.091115 24	4	2390	45.43	5260	3686	1.31	9417	0	0	27	51.58	55	41.33	0.46	29.91	19.20	5.85	42.97	7.87	3.28	52	0
2026-08-17 22:24:28.091118 28	5	1366	26.39	5175	3686	0.90	12467	0	0	27	59.95	51	41.21	0.41	44.42	25.02	4.67	60.87	9.79	2.38	52	0
2026-08-17 22:24:28.091121 40	6	1199	23.32	5140	3686	0.76	14437	0	0	27	61.51	51	43.09	0.45	43.97	27.73	5.50	64.35	9.21	2.55	56	0
2026-08-17 22:24:28.091125 44	7	913	18.31	4988	3686	0.75	10835	0	0	21	63.77	38	41.04	0.40	38.47	32.69	11.03	62.74	12.51	5.82	50	0
2026-08-17 22:24:28.091128 8	8	1077	23.42	4598	3686	0.77	14813	0	0	18	55.94	49	57.97	0.45	42.44	29.68	4.86	75.45	0.81	0.00	50	0
2026-08-17 22:24:28.091132 9	9	1197	25.99	4605	3686	0.75	16246	0	0	20	55.88	55	57.29	0.71	43.38	26.20	4.88	73.25	0.46	0.00	52	0
2026-08-17 22:24:28.091136 10	10	1117	24.26	4605	3686	0.71	15473	0	0	18	56.98	48	55.81	0.54	43.89	26.77	5.50	74.47	0.96	0.00	52	0
2026-08-17 22:24:28.091139 11	11	924	20.09	4599	3686	0.72	15641	0	0	15	57.32	38	55.63	0.59	42.65	29.13	8.53	77.33	2.24	0.00	52	0
2026-08-17 22:24:28.091142 12	12	1106	24.12	4587	3686	0.74	17450	0	0	18	56.99	44	54.22	0.62	41.98	28.41	5.92	73.36	2.19	0.00	52	0
2026-08-17 22:24:28.091146 13	13	1114	24.26	4590	3686	0.74	14122	0	0	18	55.46	49	56.40	0.50	43.60	27.26	5.28	74.01	1.41	0.00	52	0
2026-08-17 22:24:28.091159 14	14	1014	22.04	4599	3686	0.73	15773	0	0	16	56.01	43	56.65	0.72	45.85	27.79	4.73	75.54	2.09	0.00	52	0
2026-08-17 22:24:28.091162 15	15	892	19.43	4590	3686	0.69	16032	0	0	14	57.64	36	53.56	0.57	42.92	30.82	7.23	77.85	2.38	0.00	52	0
2026-08-17 22:24:28.091165 32	16	1119	24.07	4650	3686	0.70	17586	0	0	18	56.50	44	53.90	0.83	42.17	27.90	6.28	73.65	1.95	0.00	52	0
2026-08-17 22:24:28.091169 33	17	1164	25.02	4650	3686	0.66	16991	0	0	18	56.47	46	53.00	0.76	43.91	27.62	3.88	71.81	2.84	0.00	52	0
2026-08-17 22:24:28.091172 34	18	1355	29.22	4639	3686	0.73	21712	1	0	19	55.50	53	58.35	0.58	42.21	24.63	4.37	70.09	0.40	0.00	52	0
2026-08-17 22:24:28.091175 35	19	911	19.57	4653	3686	0.69	14690	0	0	14	57.82	36	54.15	0.72	43.48	30.52	6.87	79.23	0.87	0.00	52	0
2026-08-17 22:24:28.091178 36	20	981	21.41	4582	3686	0.76	13263	0	0	15	56.23	40	55.98	0.65	39.69	31.08	8.23	76.66	1.59	0.00	54	0
2026-08-17 22:24:28.091182 37	21	1107	24.07	4598	3686	0.77	16418	0	0	18	55.23	51	58.64	0.73	42.26	29.80	4.29	74.12	1.49	0.00	54	0
2026-08-17 22:24:28.091185 38	22	960	20.92	4591	3686	0.70	14886	0	0	15	56.36	40	55.88	0.59	45.42	28.66	5.42	77.39	1.37	0.00	54	0
2026-08-17 22:24:28.091188 39	23	875	19.01	4602	3686	0.74	13727	1	0	13	56.70	35	56.50	0.64	42.15	29.70	9.53	78.66	1.99	0.00	54	0
2026-08-17 22:24:33.094216 Core	CPU	Avg_MHz	Busy%	Bzy_MHz	TSC_MHz	IPC	IRQ	NMI	SMI	LLCMRPS	LLC%hit	L2MRPS	L2%hit	POLL%	C1ACPI%	C2ACPI%	C3ACPI%	CPU%c1	CPU%c6	CPU%c7	CoreTmp	CoreThr	PkgTmp	GFX%rc6	GFXMHz	GFXAMHz	SAM%mc6	SAMMHz	SAMAMHz	Totl%C0	Any%C0	GFX%C0	CPUGFX%	Pkg%pc2	Pkg%pc3	Pkg%pc6	Pkg%pc8	Pk%pc10	CPU%LPI	SYS%LPI	PkgWatt	CorWatt	GFXWatt	RAMWatt	PKG_%	RAM_%	UncMHz	SysWatt
2026-08-17 22:24:33.094278 -	-	1144	24.00	4764	3688	0.74	304459	5	0	472	55.48	1085	50.47	0.59	37.61	30.98	7.87	70.22	4.35	1.03	58	0	59	100.04	0	0	100.04	0	0	582.50	99.63	0.00	0.00	0.00	0.00	0.00	0.00	0.00	0.00	0.00	79.98	64.67	0.00	0.00	0.00	0.00	4000	0.00
2026-08-17 22:24:33.094284 0	0	1041	21.72	4792	3686	0.74	10899	0	0	22	59.80	40	40.02	0.56	33.74	36.54	8.56	62.04	12.45	3.05	56	0	59	100.01	0	0	100.01	0	0	582.52	99.63	0.00	0.00	0.00	0.00	0.00	0.00	0.00	0.00	0.00	79.95	64.65	0.00	0.00	0.00	0.00	4000
2026-08-17 22:24:33.094289 4	1	1336	25.82	5175	3686	0.76	18845	0	0	25	54.82	50	45.25	0.56	42.23	29.70	2.91	73.78	0.00	0.00	50	0
2026-08-17 22:24:33.094293 16	2	1083	21.51	5034	3686	0.74	10875	1	0	24	60.02	44	41.45	0.46	42.43	33.26	3.29	63.99	12.52	1.39	50	0
2026-08-17 22:24:33.094297 20	3	1262	24.75	5100	3686	0.71	11476	0	0	28	59.01	51	40.38	0.61	38.16	32.91	4.68	60.69	12.11	1.87	50	0
2026-08-17 22:24:33.094301 24	4	1858	35.83	5186	3686	1.13	9245	0	0	26	56.12	50	40.14	0.49	31.90	26.48	6.22	49.55	10.62	3.48	58	0
2026-08-17 22:24:33.094305 28	5	1111	22.04	5041	3686	0.75	10292	0	0	24	60.24	45	40.74	0.47	39.25	29.17	10.02	61.39	11.39	4.56	56	0
2026-08-17 22:24:33.094308 40	6	1238	24.39	5075	3686	0.70	11352	0	0	27	60.11	48	39.23	0.61	36.78	30.18	9.15	60.04	10.48	4.50	56	0
2026-08-17 22:24:33.094312 44	7	1003	19.99	5015	3686	0.68	9772	1	0	22	61.39	39	39.05	0.49	34.19	34.24	12.07	60.01	13.53	5.84	50	0
2026-08-17 22:24:33.094316 8	8	1254	27.29	4596	3686	0.73	13291	0	0	20	52.93	54	55.91	0.66	38.41	28.04	6.65	72.27	0.14	0.00	52	0
2026-08-17 22:24:33.094320 9	9	1124	24.45	4597	3686	0.76	12933	0	0	18	52.16	47	55.80	0.58	39.00	30.71	6.25	74.68	0.57	0.00	52	0
2026-08-17 22:24:33.094324 10	10	1012	21.97	4605	3686	0.68	12139	0	0	16	52.93	41	55.32	0.59	39.56	30.84	8.01	76.64	1.07	0.00	52	0
2026-08-17 22:24:33.094328 11	11	997	21.67	4600	3686	0.66	14027	0	0	15	53.72	39	53.52	0.62	38.43	31.31	8.97	76.16	1.84	0.00	52	0
2026-08-17 22:24:33.094331 12	12	1224	26.61	4599	3686	0.69	13405	1	0	20	53.20	49	52.72	0.61	34.92	29.79	9.07	72.70	0.39	0.00	52	0
2026-08-17 22:24:33.094335 13	13	1141	24.77	4605	3686	0.74	11979	1	0	19	51.78	52	57.19	0.63	37.91	30.49	7.20	72.64	2.27	0.00	52	0
2026-08-17 22:24:33.094339 14	14	1083	23.59	4591	3686	0.64	13610	0	0	17	54.00	42	53.01	0.75	40.09	29.67	7.05	74.24	1.84	0.00	52	0
2026-08-17 22:24:33.094343 15	15	898	19.55	4593	3686	0.69	11859	0	0	14	54.74	36	54.82	0.62	36.51	34.73	9.55	78.93	1.19	0.00	52	0
2026-08-17 22:24:33.094359 32	16	1010	21.79	4635	3686	0.73	12491	0	0	16	53.01	41	54.88	0.58	39.53	32.53	6.50	76.26	1.62	0.00	52	0
2026-08-17 22:24:33.094362 33	17	1117	24.08	4640	3686	0.67	12800	1	0	18	53.51	45	54.16	0.65	39.88	29.45	6.96	72.51	3.07	0.00	52	0
2026-08-17 22:24:33.094366 34	18	1333	28.89	4616	3686	0.67	17980	0	0	19	52.14	53	59.36	0.52	37.45	28.54	5.51	70.36	0.46	0.00	52	0
2026-08-17 22:24:33.094369 35	19	987	21.26	4643	3686	0.70	13579	0	0	15	53.86	40	54.75	0.62	36.96	33.98	8.17	77.34	1.07	0.00	52	0
2026-08-17 22:24:33.094372 36	20	1130	24.57	4600	3686	0.64	14319	0	0	18	55.18	43	51.51	0.66	36.14	29.18	10.52	73.10	2.02	0.00	52	0
2026-08-17 22:24:33.094376 37	21	1164	25.27	4604	3686	0.76	12303	0	0	19	51.76	53	58.07	0.60	37.45	29.27	8.38	73.37	1.05	0.00	52	0
2026-08-17 22:24:33.094379 38	22	1036	22.48	4606	3686	0.76	12779	0	0	16	51.21	44	57.73	0.55	37.83	30.39	9.67	75.68	1.52	0.00	52	0
2026-08-17 22:24:33.094382 39	23	996	21.59	4613	3686	0.71	12209	0	0	15	52.69	40	55.25	0.62	33.49	31.80	13.48	76.90	1.20	0.00	52	0
2026-08-17 22:24:38.097544 Core	CPU	Avg_MHz	Busy%	Bzy_MHz	TSC_MHz	IPC	IRQ	NMI	SMI	LLCMRPS	LLC%hit	L2MRPS	L2%hit	POLL%	C1ACPI%	C2ACPI%	C3ACPI%	CPU%c1	CPU%c6	CPU%c7	CoreTmp	CoreThr	PkgTmp	GFX%rc6	GFXMHz	GFXAMHz	SAM%mc6	SAMMHz	SAMAMHz	Totl%C0	Any%C0	GFX%C0	CPUGFX%	Pkg%pc2	Pkg%pc3	Pkg%pc6	Pkg%pc8	Pk%pc10	CPU%LPI	SYS%LPI	PkgWatt	CorWatt	GFXWatt	RAMWatt	PKG_%	RAM_%	UncMHz	SysWatt
2026-08-17 22:24:38.097613 -	-	1064	22.41	4747	3686	0.68	292938	3	0	454	55.89	1021	49.46	0.63	35.35	33.23	9.42	70.83	5.03	1.31	56	0	58	99.99	0	0	99.99	0	0	546.81	99.63	0.00	0.00	0.00	0.00	0.00	0.00	0.00	0.00	0.00	76.11	60.88	0.00	0.00	0.00	0.00	4000	0.00
2026-08-17 22:24:38.097619 0	0	940	19.87	4732	3686	0.71	9433	0	0	20	60.25	37	39.62	0.56	31.40	37.43	11.87	63.44	11.85	4.09	50	0	58	100.00	0	0	100.00	0	0	546.80	99.63	0.00	0.00	0.00	0.00	0.00	0.00	0.00	0.00	0.00	76.11	60.88	0.00	0.00	0.00	0.00	4000
2026-08-17 22:24:38.097623 4	1	1413	27.24	5186	3686	0.67	18708	0	0	27	55.57	54	43.70	0.79	39.24	28.90	5.29	72.36	0.00	0.00	56	0
2026-08-17 22:24:38.097627 16	2	1302	25.45	5118	3686	0.71	10709	0	0	29	58.31	55	41.39	0.62	35.83	32.64	6.56	58.86	12.09	3.03	54	0
2026-08-17 22:24:38.097631 20	3	1184	23.33	5075	3686	0.67	11052	0	0	27	59.71	48	39.19	0.68	37.34	33.73	6.09	60.70	12.56	2.80	52	0
2026-08-17 22:24:38.097634 24	4	1114	22.09	5042	3686	0.65	10461	0	0	25	60.65	45	38.65	0.66	38.25	32.48	7.67	60.39	12.88	4.04	54	0
2026-08-17 22:24:38.097637 28	5	1128	22.38	5040	3686	0.66	10595	0	0	26	60.56	47	39.51	0.58	36.06	33.65	8.40	59.22	13.80	3.97	52	0
2026-08-17 22:24:38.097641 40	6	1085	21.59	5026	3686	0.67	10089	0	0	25	61.07	44	39.82	0.65	34.14	33.70	11.06	55.94	15.06	6.76	50	0
2026-08-17 22:24:38.097644 44	7	933	18.78	4968	3686	0.79	9292	0	0	20	63.08	39	42.74	0.50	30.99	38.26	12.43	56.53	17.23	6.80	48	0
2026-08-17 22:24:38.097647 8	8	969	21.16	4580	3686	0.67	12200	0	0	15	52.85	40	54.80	0.54	36.49	34.61	8.09	75.89	2.61	0.00	50	0
2026-08-17 22:24:38.097651 9	9	1194	26.03	4587	3686	0.67	13377	0	0	19	52.25	49	54.28	0.74	37.43	29.97	6.95	72.33	1.33	0.00	52	0
2026-08-17 22:24:38.097654 10	10	1060	23.07	4596	3686	0.71	12036	1	0	17	52.91	44	55.04	0.51	36.50	32.54	8.25	74.42	2.18	0.00	52	0
2026-08-17 22:24:38.097658 11	11	919	20.00	4595	3686	0.64	13092	1	0	14	54.37	35	52.35	0.61	34.69	33.30	12.38	78.75	0.94	0.00	52	0
2026-08-17 22:24:38.097661 12	12	892	19.66	4537	3686	0.73	12063	0	0	14	53.69	36	56.68	0.58	37.00	36.12	7.58	78.94	1.07	0.00	50	0
2026-08-17 22:24:38.097664 13	13	930	20.41	4558	3686	0.69	11380	0	0	15	52.53	38	55.10	0.53	37.78	34.92	7.23	77.90	1.36	0.00	50	0
2026-08-17 22:24:38.097668 14	14	911	20.01	4555	3686	0.67	12700	0	0	14	52.80	36	55.03	0.68	37.86	36.36	6.14	76.90	2.75	0.00	50	0
2026-08-17 22:24:38.097671 15	15	768	16.81	4570	3686	0.68	10626	0	0	12	53.98	30	54.43	0.54	31.25	38.19	14.06	81.15	1.70	0.00	52	0
2026-08-17 22:24:38.097674 32	16	1061	22.89	4632	3686	0.60	14451	0	0	17	55.43	39	49.31	0.77	35.74	31.97	9.78	75.62	1.17	0.00	52	0
2026-08-17 22:24:38.097678 33	17	1077	23.24	4634	3686	0.72	11926	0	0	17	49.79	46	55.63	0.61	36.39	30.87	9.85	74.35	2.08	0.00	52	0
2026-08-17 22:24:38.097689 34	18	1466	31.69	4625	3686	0.60	16878	0	0	19	51.03	51	55.67	0.56	31.55	27.95	9.18	67.16	0.87	0.00	52	0
2026-08-17 22:24:38.097693 35	19	851	18.33	4643	3686	0.66	11812	0	0	13	54.27	34	55.10	0.53	34.66	33.43	13.93	80.20	1.14	0.00	52	0
2026-08-17 22:24:38.097696 36	20	1082	23.49	4606	3686	0.64	13163	0	0	17	54.09	41	51.74	0.71	35.54	31.09	10.28	73.94	2.25	0.00	50	0
2026-08-17 22:24:38.097699 37	21	1226	26.55	4617	3686	0.73	12385	1	0	19	50.93	54	57.54	0.72	35.04	31.07	7.71	72.87	0.29	0.00	50	0
2026-08-17 22:24:38.097702 38	22	1117	24.19	4617	3686	0.69	12360	0	0	17	52.56	45	54.15	0.70	34.73	31.99	9.45	74.45	1.05	0.00	50	0
2026-08-17 22:24:38.097706 39	23	909	19.63	4630	3686	0.63	12150	0	0	14	54.70	34	52.24	0.69	32.51	32.39	15.82	77.53	2.51	0.00	50	0
2026-08-17 22:24:43.102318 Core	CPU	Avg_MHz	Busy%	Bzy_MHz	TSC_MHz	IPC	IRQ	NMI	SMI	LLCMRPS	LLC%hit	L2MRPS	L2%hit	POLL%	C1ACPI%	C2ACPI%	C3ACPI%	CPU%c1	CPU%c6	CPU%c7	CoreTmp	CoreThr	PkgTmp	GFX%rc6	GFXMHz	GFXAMHz	SAM%mc6	SAMMHz	SAMAMHz	Totl%C0	Any%C0	GFX%C0	CPUGFX%	Pkg%pc2	Pkg%pc3	Pkg%pc6	Pkg%pc8	Pk%pc10	CPU%LPI	SYS%LPI	PkgWatt	CorWatt	GFXWatt	RAMWatt	PKG_%	RAM_%	UncMHz	SysWatt
2026-08-17 22:24:43.102386 -	-	1124	23.56	4770	3686	0.73	377780	6	0	459	54.96	1048	50.06	0.65	36.51	31.72	8.62	70.40	4.61	1.02	58	0	59	99.96	0	0	99.96	0	0	569.68	99.62	0.00	0.00	0.00	0.00	0.00	0.00	0.00	0.00	0.00	79.42	64.17	0.00	0.00	0.00	0.00	4000	0.00
2026-08-17 22:24:43.102392 0	0	1294	26.12	4955	3686	0.78	11764	0	0	25	57.15	45	39.31	0.75	33.30	33.24	7.92	62.76	8.11	2.38	52	0	59	99.99	0	0	99.99	0	0	569.77	99.63	0.00	0.00	0.00	0.00	0.00	0.00	0.00	0.00	0.00	79.44	64.19	0.00	0.00	0.00	0.00	4000
2026-08-17 22:24:43.102395 4	1	1529	29.31	5215	3686	0.83	23795	1	0	28	52.88	58	46.46	0.59	41.46	25.51	4.36	70.30	0.00	0.00	52	0
2026-08-17 22:24:43.102400 16	2	1220	24.00	5082	3686	0.74	16531	0	0	26	58.22	48	40.98	0.59	38.94	30.88	6.68	63.10	10.09	2.24	58	0
2026-08-17 22:24:43.102403 20	3	1142	22.46	5083	3686	0.69	12241	1	0	25	59.26	45	39.37	0.62	40.80	32.53	4.71	64.14	11.00	1.82	54	0
2026-08-17 22:24:43.102407 24	4	1355	26.56	5101	3686	0.92	13286	0	0	26	58.56	48	40.55	0.53	32.71	32.21	8.98	54.85	13.27	4.69	54	0
2026-08-17 22:24:43.102410 28	5	1243	24.38	5097	3686	0.81	11193	1	0	24	57.68	43	39.61	0.59	38.15	30.50	7.45	60.27	10.75	4.02	54	0
2026-08-17 22:24:43.102414 40	6	1207	23.70	5095	3686	0.72	15786	0	0	25	59.02	46	40.04	0.62	37.17	32.02	7.61	61.38	11.40	2.96	52	0
2026-08-17 22:24:43.102417 44	7	962	19.28	4991	3686	0.76	12809	0	0	20	60.77	35	38.38	0.46	32.17	37.38	11.64	57.80	15.84	6.43	54	0
2026-08-17 22:24:43.102421 8	8	979	21.36	4583	3686	0.72	13135	0	0	15	53.77	40	55.43	0.63	37.09	33.95	7.96	77.86	0.47	0.00	52	0
2026-08-17 22:24:43.102424 9	9	1222	26.56	4598	3686	0.74	16576	1	0	19	52.11	49	54.73	0.76	35.74	28.86	9.23	71.62	1.51	0.00	52	0
2026-08-17 22:24:43.102427 10	10	1133	24.63	4600	3686	0.73	15711	0	0	17	52.94	44	52.56	0.65	36.01	29.84	9.89	73.66	1.40	0.00	52	0
2026-08-17 22:24:43.102432 11	11	998	21.68	4604	3686	0.62	16735	0	0	16	54.57	38	51.55	0.70	36.93	28.90	12.87	76.38	1.61	0.00	52	0
2026-08-17 22:24:43.102435 12	12	1068	23.35	4575	3686	0.68	13948	0	0	17	53.64	42	53.51	0.77	35.69	31.07	10.27	74.68	1.66	0.00	52	0
2026-08-17 22:24:43.102438 13	13	1042	22.77	4577	3686	0.69	14791	0	0	17	52.81	43	55.34	0.54	39.62	31.87	6.10	74.59	2.31	0.00	52	0
2026-08-17 22:24:43.102441 14	14	1012	22.05	4589	3686	0.69	18822	0	0	16	53.20	42	55.90	0.76	38.11	31.76	8.45	75.09	2.53	0.00	52	0
2026-08-17 22:24:43.102445 15	15	762	16.67	4571	3686	0.75	12587	0	0	11	53.03	32	58.34	0.55	35.44	37.76	10.45	77.68	5.27	0.00	52	0
2026-08-17 22:24:43.102448 32	16	1038	22.43	4629	3686	0.75	14400	1	0	16	51.30	43	57.03	0.69	37.46	31.85	8.61	75.82	1.44	0.00	54	0
2026-08-17 22:24:43.102451 33	17	1083	23.36	4636	3686	0.67	15655	0	0	17	52.42	43	53.89	0.72	38.88	31.80	6.33	72.78	3.52	0.00	54	0
2026-08-17 22:24:43.102454 34	18	1382	29.86	4627	3686	0.61	24231	0	0	18	51.64	49	57.62	0.62	33.00	29.28	8.23	68.59	1.25	0.00	56	0
2026-08-17 22:24:43.102466 35	19	987	21.20	4655	3686	0.66	17910	0	0	16	54.01	40	54.27	0.65	36.30	33.48	9.40	77.08	1.40	0.00	56	0
2026-08-17 22:24:43.102469 36	20	1115	24.27	4592	3686	0.66	15492	0	0	17	52.97	44	53.46	0.67	34.90	32.54	8.68	73.58	1.83	0.00	54	0
2026-08-17 22:24:43.102473 37	21	1193	25.86	4612	3686	0.72	18093	0	0	19	51.14	52	57.30	0.70	35.40	31.31	7.81	72.66	1.17	0.00	54	0
2026-08-17 22:24:43.102476 38	22	1072	23.28	4603	3686	0.71	14584	1	0	16	51.88	44	55.65	0.69	36.83	30.48	9.78	74.31	2.08	0.00	54	0
2026-08-17 22:24:43.102479 39	23	939	20.36	4614	3686	0.66	17705	0	0	14	54.27	36	53.23	0.71	34.34	32.22	13.46	78.64	0.68	0.00	54	0
2026-08-17 22:24:48.105471 Core	CPU	Avg_MHz	Busy%	Bzy_MHz	TSC_MHz	IPC	IRQ	NMI	SMI	LLCMRPS	LLC%hit	L2MRPS	L2%hit	POLL%	C1ACPI%	C2ACPI%	C3ACPI%	CPU%c1	CPU%c6	CPU%c7	CoreTmp	CoreThr	PkgTmp	GFX%rc6	GFXMHz	GFXAMHz	SAM%mc6	SAMMHz	SAMAMHz	Totl%C0	Any%C0	GFX%C0	CPUGFX%	Pkg%pc2	Pkg%pc3	Pkg%pc6	Pkg%pc8	Pk%pc10	CPU%LPI	SYS%LPI	PkgWatt	CorWatt	GFXWatt	RAMWatt	PKG_%	RAM_%	UncMHz	SysWatt
2026-08-17 22:24:48.105596 -	-	1133	23.70	4779	3687	0.74	374609	4	0	463	56.56	1068	50.55	0.62	38.48	30.94	7.34	70.89	4.25	0.76	68	0	69	100.04	0	0	100.04	0	0	575.35	99.65	0.00	0.00	0.00	0.00	0.00	0.00	0.00	0.00	0.00	80.88	65.65	0.00	0.00	0.00	0.00	4000	0.00
2026-08-17 22:24:48.105601 0	0	1148	23.44	4898	3686	0.73	12795	0	0	24	59.05	43	39.78	0.64	36.47	33.80	6.87	65.84	8.20	1.89	50	0	69	100.01	0	0	100.01	0	0	575.25	99.63	0.00	0.00	0.00	0.00	0.00	0.00	0.00	0.00	0.00	80.86	65.62	0.00	0.00	0.00	0.00	4000
2026-08-17 22:24:48.105605 4	1	1457	27.98	5205	3686	0.79	21695	0	0	28	54.99	56	45.19	0.58	42.26	26.93	3.50	71.63	0.00	0.00	50	0
2026-08-17 22:24:48.105608 16	2	1309	25.61	5111	3686	0.76	12381	0	0	28	59.91	51	39.95	0.72	38.61	30.92	5.37	62.58	9.32	1.95	58	0
2026-08-17 22:24:48.105612 20	3	1155	22.80	5065	3686	0.77	10823	0	0	25	60.38	47	41.24	0.51	40.66	31.87	5.17	63.06	11.47	2.08	52	0
2026-08-17 22:24:48.105615 24	4	1988	38.07	5222	3686	1.25	10981	1	0	25	56.42	50	42.11	0.53	34.25	23.83	4.29	49.80	9.92	1.73	68	0
2026-08-17 22:24:48.105619 28	5	1121	22.09	5074	3686	0.73	12387	0	0	24	61.08	44	40.06	0.51	42.45	31.22	4.76	64.05	11.06	2.22	52	0
2026-08-17 22:24:48.105622 40	6	1122	22.06	5083	3686	0.75	12275	1	0	24	60.57	46	41.37	0.54	41.08	30.98	6.40	63.42	11.48	2.46	52	0
2026-08-17 22:24:48.105625 44	7	990	19.79	5002	3686	0.72	12883	0	0	22	61.90	40	41.17	0.49	35.85	32.78	12.07	61.41	12.30	5.88	54	0
2026-08-17 22:24:48.105629 8	8	1006	21.99	4576	3686	0.70	16420	0	0	16	54.13	44	56.75	0.57	40.68	31.53	6.19	76.87	0.82	0.00	54	0
2026-08-17 22:24:48.105632 9	9	1115	24.32	4587	3686	0.71	14254	0	0	18	53.94	49	56.89	0.65	39.60	30.41	6.10	73.55	1.82	0.00	54	0
2026-08-17 22:24:48.105636 10	10	1065	23.14	4602	3686	0.69	17369	0	0	17	54.72	44	55.34	0.59	36.67	30.64	9.93	74.02	2.51	0.00	54	0
2026-08-17 22:24:48.105639 11	11	973	21.14	4601	3686	0.62	15350	0	0	15	55.43	38	52.68	0.59	39.01	30.94	9.31	76.92	1.61	0.00	54	0
2026-08-17 22:24:48.105643 12	12	1109	24.21	4582	3686	0.65	18748	0	0	17	55.27	44	53.94	0.68	35.91	32.10	8.17	74.15	1.33	0.00	52	0
2026-08-17 22:24:48.105646 13	13	1035	22.58	4583	3686	0.75	15159	0	0	16	53.78	46	58.53	0.59	40.19	31.17	6.44	72.52	4.54	0.00	52	0
2026-08-17 22:24:48.105649 14	14	1014	22.11	4588	3686	0.64	16323	0	0	16	54.76	40	53.64	0.73	39.90	31.88	6.52	75.62	1.94	0.00	52	0
2026-08-17 22:24:48.105653 15	15	816	17.86	4570	3686	0.68	14629	0	0	13	55.12	33	55.24	0.55	36.85	33.83	11.82	79.42	2.37	0.00	52	0
2026-08-17 22:24:48.105656 32	16	1137	24.53	4634	3686	0.61	17616	0	0	18	55.52	44	52.05	0.75	38.42	31.30	6.17	72.97	2.18	0.00	54	0
2026-08-17 22:24:48.105659 33	17	1122	24.19	4638	3686	0.64	16421	0	0	18	53.26	45	53.76	0.76	38.19	31.08	6.93	73.70	1.79	0.00	54	0
2026-08-17 22:24:48.105662 34	18	1451	31.37	4625	3686	0.62	24806	0	0	19	54.14	55	58.65	0.71	35.86	25.93	7.27	67.93	0.41	0.00	54	0
2026-08-17 22:24:48.105666 35	19	979	21.07	4645	3686	0.62	14303	1	0	15	55.31	38	52.79	0.64	36.34	31.02	11.98	77.85	0.76	0.00	54	0
2026-08-17 22:24:48.105669 36	20	980	21.31	4596	3686	0.74	14575	1	0	15	54.66	43	57.42	0.57	40.50	33.37	5.21	77.51	0.86	0.00	54	0
2026-08-17 22:24:48.105680 37	21	1221	26.48	4612	3686	0.73	17896	0	0	19	53.56	53	57.14	0.67	39.22	28.16	6.55	72.43	0.79	0.00	54	0
2026-08-17 22:24:48.105683 38	22	980	21.28	4605	3686	0.69	15383	0	0	15	54.32	41	55.68	0.63	38.93	32.20	7.97	75.90	2.47	0.00	54	0
2026-08-17 22:24:48.105687 39	23	890	19.31	4610	3686	0.68	19137	0	0	14	55.53	36	55.13	0.68	35.51	34.44	11.11	78.27	2.09	0.00	54	0
